RECEIVED TOKEN: eyJhbGciOiJIUzI1NiIsInR5cCI6IkpXVCJ9.eyJleHAiOjE3OTAwNjE3OTMsInN1YiI6InVzZXJfM0hyd216MDhCT09yRTVYQnJhU01xZlNRWHhwIn0.ekds2A0i64EgiApfkj2b47w55gUv5o5qjHKeFhNAjNQ
DECODED PAYLOAD: {'exp': 1790061793, 'sub': 'user_3Hrwmz08BOOrE5XBraSMqfSQXxp'}
RECEIVED TOKEN: eyJhbGciOiJIUzI1NiIsInR5cCI6IkpXVCJ9.eyJleHAiOjE3OTAwNjE3OTMsInN1YiI6InVzZXJfM0hyd216MDhCT09yRTVYQnJhU01xZlNRWHhwIn0.ekds2A0i64EgiApfkj2b47w55gUv5o5qjHKeFhNAjNQ
DECODED PAYLOAD: {'exp': 1790061793, 'sub': 'user_3Hrwmz08BOOrE5XBraSMqfSQXxp'}
RECEIVED TOKEN: eyJhbGciOiJIUzI1NiIsInR5cCI6IkpXVCJ9.eyJleHAiOjE3OTAwNjE3OTMsInN1YiI6InVzZXJfM0hyd216MDhCT09yRTVYQnJhU01xZlNRWHhwIn0.ekds2A0i64EgiApfkj2b47w55gUv5o5qjHKeFhNAjNQ
DECODED PAYLOAD: {'exp': 1790061793, 'sub': 'user_3Hrwmz08BOOrE5XBraSMqfSQXxp'}
RECEIVED TOKEN: eyJhbGciOiJIUzI1NiIsInR5cCI6IkpXVCJ9.eyJleHAiOjE3OTAwNjE3OTMsInN1YiI6InVzZXJfM0hyd216MDhCT09yRTVYQnJhU01xZlNRWHhwIn0.ekds2A0i64EgiApfkj2b47w55gUv5o5qjHKeFhNAjNQ
DECODED PAYLOAD: {'exp': 1790061793, 'sub': 'user_3Hrwmz08BOOrE5XBraSMqfSQXxp'}
RECEIVED TOKEN: eyJhbGciOiJIUzI1NiIsInR5cCI6IkpXVCJ9.eyJleHAiOjE3OTAwNjE3OTMsInN1YiI6InVzZXJfM0hyd216MDhCT09yRTVYQnJhU01xZlNRWHhwIn0.ekds2A0i64EgiApfkj2b47w55gUv5o5qjHKeFhNAjNQ
DECODED PAYLOAD: {'exp': 1790061793, 'sub': 'user_3Hrwmz08BOOrE5XBraSMqfSQXxp'}
RECEIVED TOKEN: eyJhbGciOiJIUzI1NiIsInR5cCI6IkpXVCJ9.eyJleHAiOjE3OTAwNjE3OTMsInN1YiI6InVzZXJfM0hyd216MDhCT09yRTVYQnJhU01xZlNRWHhwIn0.ekds2A0i64EgiApfkj2b47w55gUv5o5qjHKeFhNAjNQ
DECODED PAYLOAD: {'exp': 1790061793, 'sub': 'user_3Hrwmz08BOOrE5XBraSMqfSQXxp'}
GET_CURRENT_USER: user_3Hrwmz08BOOrE5XBraSMqfSQXxp -> <app.models.core.User object at 0x000001B9EEA9E5D0>
RECEIVED TOKEN: eyJhbGciOiJIUzI1NiIsInR5cCI6IkpXVCJ9.eyJleHAiOjE3OTAwNjE3OTMsInN1YiI6InVzZXJfM0hyd216MDhCT09yRTVYQnJhU01xZlNRWHhwIn0.ekds2A0i64EgiApfkj2b47w55gUv5o5qjHKeFhNAjNQ
DECODED PAYLOAD: {'exp': 1790061793, 'sub': 'user_3Hrwmz08BOOrE5XBraSMqfSQXxp'}
RECEIVED TOKEN: eyJhbGciOiJIUzI1NiIsInR5cCI6IkpXVCJ9.eyJleHAiOjE3OTAwNjE3OTMsInN1YiI6InVzZXJfM0hyd216MDhCT09yRTVYQnJhU01xZlNRWHhwIn0.ekds2A0i64EgiApfkj2b47w55gUv5o5qjHKeFhNAjNQ
DECODED PAYLOAD: {'exp': 1790061793, 'sub': 'user_3Hrwmz08BOOrE5XBraSMqfSQXxp'}
RECEIVED TOKEN: eyJhbGciOiJIUzI1NiIsInR5cCI6IkpXVCJ9.eyJleHAiOjE3OTAwNjE3OTMsInN1YiI6InVzZXJfM0hyd216MDhCT09yRTVYQnJhU01xZlNRWHhwIn0.ekds2A0i64EgiApfkj2b47w55gUv5o5qjHKeFhNAjNQ
DECODED PAYLOAD: {'exp': 1790061793, 'sub': 'user_3Hrwmz08BOOrE5XBraSMqfSQXxp'}
GET_CURRENT_USER: user_3Hrwmz08BOOrE5XBraSMqfSQXxp -> <app.models.core.User object at 0x0000025A92A4C830>
REQUIRE_ADMIN: user_3Hrwmz08BOOrE5XBraSMqfSQXxp -> admin
RECEIVED TOKEN: eyJhbGciOiJIUzI1NiIsInR5cCI6IkpXVCJ9.eyJleHAiOjE3OTAwNjE3OTMsInN1YiI6InVzZXJfM0hyd216MDhCT09yRTVYQnJhU01xZlNRWHhwIn0.ekds2A0i64EgiApfkj2b47w55gUv5o5qjHKeFhNAjNQ
DECODED PAYLOAD: {'exp': 1790061793, 'sub': 'user_3Hrwmz08BOOrE5XBraSMqfSQXxp'}
GET_CURRENT_USER: user_3Hrwmz08BOOrE5XBraSMqfSQXxp -> <app.models.core.User object at 0x0000025A93C574D0>
RECEIVED TOKEN: eyJhbGciOiJIUzI1NiIsInR5cCI6IkpXVCJ9.eyJleHAiOjE3OTAwNjE3OTMsInN1YiI6InVzZXJfM0hyd216MDhCT09yRTVYQnJhU01xZlNRWHhwIn0.ekds2A0i64EgiApfkj2b47w55gUv5o5qjHKeFhNAjNQ
DECODED PAYLOAD: {'exp': 1790061793, 'sub': 'user_3Hrwmz08BOOrE5XBraSMqfSQXxp'}
RECEIVED TOKEN: eyJhbGciOiJIUzI1NiIsInR5cCI6IkpXVCJ9.eyJleHAiOjE3OTAwNjE3OTMsInN1YiI6InVzZXJfM0hyd216MDhCT09yRTVYQnJhU01xZlNRWHhwIn0.ekds2A0i64EgiApfkj2b47w55gUv5o5qjHKeFhNAjNQ
DECODED PAYLOAD: {'exp': 1790061793, 'sub': 'user_3Hrwmz08BOOrE5XBraSMqfSQXxp'}
RECEIVED TOKEN: eyJhbGciOiJIUzI1NiIsInR5cCI6IkpXVCJ9.eyJleHAiOjE3OTAwNjE3OTMsInN1YiI6InVzZXJfM0hyd216MDhCT09yRTVYQnJhU01xZlNRWHhwIn0.ekds2A0i64EgiApfkj2b47w55gUv5o5qjHKeFhNAjNQ
DECODED PAYLOAD: {'exp': 1790061793, 'sub': 'user_3Hrwmz08BOOrE5XBraSMqfSQXxp'}
GET_CURRENT_USER: user_3Hrwmz08BOOrE5XBraSMqfSQXxp -> <app.models.core.User object at 0x0000025A93D15B20>
REQUIRE_ADMIN: user_3Hrwmz08BOOrE5XBraSMqfSQXxp -> admin
GET_CURRENT_USER: user_3Hrwmz08BOOrE5XBraSMqfSQXxp -> <app.models.core.User object at 0x0000025A93D15A50>
RECEIVED TOKEN: eyJhbGciOiJIUzI1NiIsInR5cCI6IkpXVCJ9.eyJleHAiOjE3OTAwNjE3OTMsInN1YiI6InVzZXJfM0hyd216MDhCT09yRTVYQnJhU01xZlNRWHhwIn0.ekds2A0i64EgiApfkj2b47w55gUv5o5qjHKeFhNAjNQ
DECODED PAYLOAD: {'exp': 1790061793, 'sub': 'user_3Hrwmz08BOOrE5XBraSMqfSQXxp'}
RECEIVED TOKEN: eyJhbGciOiJIUzI1NiIsInR5cCI6IkpXVCJ9.eyJleHAiOjE3OTAwNjE3OTMsInN1YiI6InVzZXJfM0hyd216MDhCT09yRTVYQnJhU01xZlNRWHhwIn0.ekds2A0i64EgiApfkj2b47w55gUv5o5qjHKeFhNAjNQ
DECODED PAYLOAD: {'exp': 1790061793, 'sub': 'user_3Hrwmz08BOOrE5XBraSMqfSQXxp'}
GET_CURRENT_USER: user_3Hrwmz08BOOrE5XBraSMqfSQXxp -> <app.models.core.User object at 0x0000025A93D16DD0>
GET_CURRENT_USER: user_3Hrwmz08BOOrE5XBraSMqfSQXxp -> <app.models.core.User object at 0x0000025A93D14460>
REQUIRE_ADMIN: user_3Hrwmz08BOOrE5XBraSMqfSQXxp -> admin
RECEIVED TOKEN: eyJhbGciOiJIUzI1NiIsInR5cCI6IkpXVCJ9.eyJleHAiOjE3OTAwNjE3OTMsInN1YiI6InVzZXJfM0hyd216MDhCT09yRTVYQnJhU01xZlNRWHhwIn0.ekds2A0i64EgiApfkj2b47w55gUv5o5qjHKeFhNAjNQ
DECODED PAYLOAD: {'exp': 1790061793, 'sub': 'user_3Hrwmz08BOOrE5XBraSMqfSQXxp'}
RECEIVED TOKEN: eyJhbGciOiJIUzI1NiIsInR5cCI6IkpXVCJ9.eyJleHAiOjE3OTAwNjE3OTMsInN1YiI6InVzZXJfM0hyd216MDhCT09yRTVYQnJhU01xZlNRWHhwIn0.ekds2A0i64EgiApfkj2b47w55gUv5o5qjHKeFhNAjNQ
DECODED PAYLOAD: {'exp': 1790061793, 'sub': 'user_3Hrwmz08BOOrE5XBraSMqfSQXxp'}
RECEIVED TOKEN: eyJhbGciOiJIUzI1NiIsInR5cCI6IkpXVCJ9.eyJleHAiOjE3OTAwNjE3OTMsInN1YiI6InVzZXJfM0hyd216MDhCT09yRTVYQnJhU01xZlNRWHhwIn0.ekds2A0i64EgiApfkj2b47w55gUv5o5qjHKeFhNAjNQ
DECODED PAYLOAD: {'exp': 1790061793, 'sub': 'user_3Hrwmz08BOOrE5XBraSMqfSQXxp'}
GET_CURRENT_USER: user_3Hrwmz08BOOrE5XBraSMqfSQXxp -> <app.models.core.User object at 0x0000025A93D14600>
GET_CURRENT_USER: user_3Hrwmz08BOOrE5XBraSMqfSQXxp -> <app.models.core.User object at 0x0000025A93D14BB0>
REQUIRE_ADMIN: user_3Hrwmz08BOOrE5XBraSMqfSQXxp -> admin
RECEIVED TOKEN: eyJhbGciOiJIUzI1NiIsInR5cCI6IkpXVCJ9.eyJleHAiOjE3OTAwNjE3OTMsInN1YiI6InVzZXJfM0hyd216MDhCT09yRTVYQnJhU01xZlNRWHhwIn0.ekds2A0i64EgiApfkj2b47w55gUv5o5qjHKeFhNAjNQ
DECODED PAYLOAD: {'exp': 1790061793, 'sub': 'user_3Hrwmz08BOOrE5XBraSMqfSQXxp'}
RECEIVED TOKEN: eyJhbGciOiJIUzI1NiIsInR5cCI6IkpXVCJ9.eyJleHAiOjE3OTAwNjE3OTMsInN1YiI6InVzZXJfM0hyd216MDhCT09yRTVYQnJhU01xZlNRWHhwIn0.ekds2A0i64EgiApfkj2b47w55gUv5o5qjHKeFhNAjNQ
DECODED PAYLOAD: {'exp': 1790061793, 'sub': 'user_3Hrwmz08BOOrE5XBraSMqfSQXxp'}
GET_CURRENT_USER: user_3Hrwmz08BOOrE5XBraSMqfSQXxp -> <app.models.core.User object at 0x0000025A93D14BB0>
REQUIRE_ADMIN: user_3Hrwmz08BOOrE5XBraSMqfSQXxp -> admin
GET_CURRENT_USER: user_3Hrwmz08BOOrE5XBraSMqfSQXxp -> <app.models.core.User object at 0x0000025A93D14600>
REQUIRE_ADMIN: user_3Hrwmz08BOOrE5XBraSMqfSQXxp -> admin
RECEIVED TOKEN: eyJhbGciOiJIUzI1NiIsInR5cCI6IkpXVCJ9.eyJleHAiOjE3OTAwNjE3OTMsInN1YiI6InVzZXJfM0hyd216MDhCT09yRTVYQnJhU01xZlNRWHhwIn0.ekds2A0i64EgiApfkj2b47w55gUv5o5qjHKeFhNAjNQ
DECODED PAYLOAD: {'exp': 1790061793, 'sub': 'user_3Hrwmz08BOOrE5XBraSMqfSQXxp'}
RECEIVED TOKEN: eyJhbGciOiJIUzI1NiIsInR5cCI6IkpXVCJ9.eyJleHAiOjE3OTAwNjE3OTMsInN1YiI6InVzZXJfM0hyd216MDhCT09yRTVYQnJhU01xZlNRWHhwIn0.ekds2A0i64EgiApfkj2b47w55gUv5o5qjHKeFhNAjNQ
DECODED PAYLOAD: {'exp': 1790061793, 'sub': 'user_3Hrwmz08BOOrE5XBraSMqfSQXxp'}
GET_CURRENT_USER: user_3Hrwmz08BOOrE5XBraSMqfSQXxp -> <app.models.core.User object at 0x0000025A93D16750>
REQUIRE_ADMIN: user_3Hrwmz08BOOrE5XBraSMqfSQXxp -> admin
GET_CURRENT_USER: user_3Hrwmz08BOOrE5XBraSMqfSQXxp -> <app.models.core.User object at 0x0000025A93D168F0>
REQUIRE_ADMIN: user_3Hrwmz08BOOrE5XBraSMqfSQXxp -> admin
RECEIVED TOKEN: eyJhbGciOiJIUzI1NiIsInR5cCI6IkpXVCJ9.eyJleHAiOjE3OTAwNjE3OTMsInN1YiI6InVzZXJfM0hyd216MDhCT09yRTVYQnJhU01xZlNRWHhwIn0.ekds2A0i64EgiApfkj2b47w55gUv5o5qjHKeFhNAjNQ
DECODED PAYLOAD: {'exp': 1790061793, 'sub': 'user_3Hrwmz08BOOrE5XBraSMqfSQXxp'}
RECEIVED TOKEN: eyJhbGciOiJIUzI1NiIsInR5cCI6IkpXVCJ9.eyJleHAiOjE3OTAwNjE3OTMsInN1YiI6InVzZXJfM0hyd216MDhCT09yRTVYQnJhU01xZlNRWHhwIn0.ekds2A0i64EgiApfkj2b47w55gUv5o5qjHKeFhNAjNQ
DECODED PAYLOAD: {'exp': 1790061793, 'sub': 'user_3Hrwmz08BOOrE5XBraSMqfSQXxp'}
GET_CURRENT_USER: user_3Hrwmz08BOOrE5XBraSMqfSQXxp -> <app.models.core.User object at 0x0000025A93D168F0>
RECEIVED TOKEN: eyJhbGciOiJIUzI1NiIsInR5cCI6IkpXVCJ9.eyJleHAiOjE3OTAwNjE3OTMsInN1YiI6InVzZXJfM0hyd216MDhCT09yRTVYQnJhU01xZlNRWHhwIn0.ekds2A0i64EgiApfkj2b47w55gUv5o5qjHKeFhNAjNQ
DECODED PAYLOAD: {'exp': 1790061793, 'sub': 'user_3Hrwmz08BOOrE5XBraSMqfSQXxp'}
GET_CURRENT_USER: user_3Hrwmz08BOOrE5XBraSMqfSQXxp -> <app.models.core.User object at 0x0000025A93D16340>
REQUIRE_ADMIN: user_3Hrwmz08BOOrE5XBraSMqfSQXxp -> admin
RECEIVED TOKEN: eyJhbGciOiJIUzI1NiIsInR5cCI6IkpXVCJ9.eyJleHAiOjE3OTAwNjE3OTMsInN1YiI6InVzZXJfM0hyd216MDhCT09yRTVYQnJhU01xZlNRWHhwIn0.ekds2A0i64EgiApfkj2b47w55gUv5o5qjHKeFhNAjNQ
DECODED PAYLOAD: {'exp': 1790061793, 'sub': 'user_3Hrwmz08BOOrE5XBraSMqfSQXxp'}
GET_CURRENT_USER: user_3Hrwmz08BOOrE5XBraSMqfSQXxp -> <app.models.core.User object at 0x0000025A929806D0>
REQUIRE_ADMIN: user_3Hrwmz08BOOrE5XBraSMqfSQXxp -> admin
RECEIVED TOKEN: eyJhbGciOiJIUzI1NiIsInR5cCI6IkpXVCJ9.eyJleHAiOjE3OTAwNjE3OTMsInN1YiI6InVzZXJfM0hyd216MDhCT09yRTVYQnJhU01xZlNRWHhwIn0.ekds2A0i64EgiApfkj2b47w55gUv5o5qjHKeFhNAjNQ
DECODED PAYLOAD: {'exp': 1790061793, 'sub': 'user_3Hrwmz08BOOrE5XBraSMqfSQXxp'}
RECEIVED TOKEN: eyJhbGciOiJIUzI1NiIsInR5cCI6IkpXVCJ9.eyJleHAiOjE3OTAwNjE3OTMsInN1YiI6InVzZXJfM0hyd216MDhCT09yRTVYQnJhU01xZlNRWHhwIn0.ekds2A0i64EgiApfkj2b47w55gUv5o5qjHKeFhNAjNQ
DECODED PAYLOAD: {'exp': 1790061793, 'sub': 'user_3Hrwmz08BOOrE5XBraSMqfSQXxp'}
RECEIVED TOKEN: eyJhbGciOiJIUzI1NiIsInR5cCI6IkpXVCJ9.eyJleHAiOjE3OTAwNjE3OTMsInN1YiI6InVzZXJfM0hyd216MDhCT09yRTVYQnJhU01xZlNRWHhwIn0.ekds2A0i64EgiApfkj2b47w55gUv5o5qjHKeFhNAjNQ
DECODED PAYLOAD: {'exp': 1790061793, 'sub': 'user_3Hrwmz08BOOrE5XBraSMqfSQXxp'}
GET_CURRENT_USER: user_3Hrwmz08BOOrE5XBraSMqfSQXxp -> <app.models.core.User object at 0x0000025A93D14050>
GET_CURRENT_USER: user_3Hrwmz08BOOrE5XBraSMqfSQXxp -> <app.models.core.User object at 0x0000025A93D14BB0>
REQUIRE_ADMIN: user_3Hrwmz08BOOrE5XBraSMqfSQXxp -> admin
RECEIVED TOKEN: eyJhbGciOiJIUzI1NiIsInR5cCI6IkpXVCJ9.eyJleHAiOjE3OTAwNjE3OTMsInN1YiI6InVzZXJfM0hyd216MDhCT09yRTVYQnJhU01xZlNRWHhwIn0.ekds2A0i64EgiApfkj2b47w55gUv5o5qjHKeFhNAjNQ
DECODED PAYLOAD: {'exp': 1790061793, 'sub': 'user_3Hrwmz08BOOrE5XBraSMqfSQXxp'}
RECEIVED TOKEN: eyJhbGciOiJIUzI1NiIsInR5cCI6IkpXVCJ9.eyJleHAiOjE3OTAwNjE3OTMsInN1YiI6InVzZXJfM0hyd216MDhCT09yRTVYQnJhU01xZlNRWHhwIn0.ekds2A0i64EgiApfkj2b47w55gUv5o5qjHKeFhNAjNQ
DECODED PAYLOAD: {'exp': 1790061793, 'sub': 'user_3Hrwmz08BOOrE5XBraSMqfSQXxp'}
RECEIVED TOKEN: eyJhbGciOiJIUzI1NiIsInR5cCI6IkpXVCJ9.eyJleHAiOjE3OTAwNjE3OTMsInN1YiI6InVzZXJfM0hyd216MDhCT09yRTVYQnJhU01xZlNRWHhwIn0.ekds2A0i64EgiApfkj2b47w55gUv5o5qjHKeFhNAjNQ
DECODED PAYLOAD: {'exp': 1790061793, 'sub': 'user_3Hrwmz08BOOrE5XBraSMqfSQXxp'}
GET_CURRENT_USER: user_3Hrwmz08BOOrE5XBraSMqfSQXxp -> <app.models.core.User object at 0x0000025A93D15BF0>
REQUIRE_ADMIN: user_3Hrwmz08BOOrE5XBraSMqfSQXxp -> admin
GET_CURRENT_USER: user_3Hrwmz08BOOrE5XBraSMqfSQXxp -> <app.models.core.User object at 0x0000025A92983C70>
RECEIVED TOKEN: eyJhbGciOiJIUzI1NiIsInR5cCI6IkpXVCJ9.eyJleHAiOjE3OTAwNjE3OTMsInN1YiI6InVzZXJfM0hyd216MDhCT09yRTVYQnJhU01xZlNRWHhwIn0.ekds2A0i64EgiApfkj2b47w55gUv5o5qjHKeFhNAjNQ
DECODED PAYLOAD: {'exp': 1790061793, 'sub': 'user_3Hrwmz08BOOrE5XBraSMqfSQXxp'}
RECEIVED TOKEN: eyJhbGciOiJIUzI1NiIsInR5cCI6IkpXVCJ9.eyJleHAiOjE3OTAwNjE3OTMsInN1YiI6InVzZXJfM0hyd216MDhCT09yRTVYQnJhU01xZlNRWHhwIn0.ekds2A0i64EgiApfkj2b47w55gUv5o5qjHKeFhNAjNQ
DECODED PAYLOAD: {'exp': 1790061793, 'sub': 'user_3Hrwmz08BOOrE5XBraSMqfSQXxp'}
GET_CURRENT_USER: user_3Hrwmz08BOOrE5XBraSMqfSQXxp -> <app.models.core.User object at 0x0000025A93E0EB60>
REQUIRE_ADMIN: user_3Hrwmz08BOOrE5XBraSMqfSQXxp -> admin
GET_CURRENT_USER: user_3Hrwmz08BOOrE5XBraSMqfSQXxp -> <app.models.core.User object at 0x0000025A93E0F450>
REQUIRE_ADMIN: user_3Hrwmz08BOOrE5XBraSMqfSQXxp -> admin
RECEIVED TOKEN: eyJhbGciOiJIUzI1NiIsInR5cCI6IkpXVCJ9.eyJleHAiOjE3OTAwNjE3OTMsInN1YiI6InVzZXJfM0hyd216MDhCT09yRTVYQnJhU01xZlNRWHhwIn0.ekds2A0i64EgiApfkj2b47w55gUv5o5qjHKeFhNAjNQ
DECODED PAYLOAD: {'exp': 1790061793, 'sub': 'user_3Hrwmz08BOOrE5XBraSMqfSQXxp'}
RECEIVED TOKEN: eyJhbGciOiJIUzI1NiIsInR5cCI6IkpXVCJ9.eyJleHAiOjE3OTAwNjE3OTMsInN1YiI6InVzZXJfM0hyd216MDhCT09yRTVYQnJhU01xZlNRWHhwIn0.ekds2A0i64EgiApfkj2b47w55gUv5o5qjHKeFhNAjNQ
DECODED PAYLOAD: {'exp': 1790061793, 'sub': 'user_3Hrwmz08BOOrE5XBraSMqfSQXxp'}
GET_CURRENT_USER: user_3Hrwmz08BOOrE5XBraSMqfSQXxp -> <app.models.core.User object at 0x0000025A92983520>
REQUIRE_ADMIN: user_3Hrwmz08BOOrE5XBraSMqfSQXxp -> admin
GET_CURRENT_USER: user_3Hrwmz08BOOrE5XBraSMqfSQXxp -> <app.models.core.User object at 0x0000025A93D14530>
REQUIRE_ADMIN: user_3Hrwmz08BOOrE5XBraSMqfSQXxp -> admin
RECEIVED TOKEN: eyJhbGciOiJIUzI1NiIsInR5cCI6IkpXVCJ9.eyJleHAiOjE3OTAwNjE3OTMsInN1YiI6InVzZXJfM0hyd216MDhCT09yRTVYQnJhU01xZlNRWHhwIn0.ekds2A0i64EgiApfkj2b47w55gUv5o5qjHKeFhNAjNQ
DECODED PAYLOAD: {'exp': 1790061793, 'sub': 'user_3Hrwmz08BOOrE5XBraSMqfSQXxp'}
RECEIVED TOKEN: eyJhbGciOiJIUzI1NiIsInR5cCI6IkpXVCJ9.eyJleHAiOjE3OTAwNjE3OTMsInN1YiI6InVzZXJfM0hyd216MDhCT09yRTVYQnJhU01xZlNRWHhwIn0.ekds2A0i64EgiApfkj2b47w55gUv5o5qjHKeFhNAjNQ
DECODED PAYLOAD: {'exp': 1790061793, 'sub': 'user_3Hrwmz08BOOrE5XBraSMqfSQXxp'}
GET_CURRENT_USER: user_3Hrwmz08BOOrE5XBraSMqfSQXxp -> <app.models.core.User object at 0x0000025A93E0EDD0>
RECEIVED TOKEN: eyJhbGciOiJIUzI1NiIsInR5cCI6IkpXVCJ9.eyJleHAiOjE3OTAwNjE3OTMsInN1YiI6InVzZXJfM0hyd216MDhCT09yRTVYQnJhU01xZlNRWHhwIn0.ekds2A0i64EgiApfkj2b47w55gUv5o5qjHKeFhNAjNQ
DECODED PAYLOAD: {'exp': 1790061793, 'sub': 'user_3Hrwmz08BOOrE5XBraSMqfSQXxp'}
GET_CURRENT_USER: user_3Hrwmz08BOOrE5XBraSMqfSQXxp -> <app.models.core.User object at 0x0000025A93D16EA0>
REQUIRE_ADMIN: user_3Hrwmz08BOOrE5XBraSMqfSQXxp -> admin
RECEIVED TOKEN: eyJhbGciOiJIUzI1NiIsInR5cCI6IkpXVCJ9.eyJleHAiOjE3OTAwNjE3OTMsInN1YiI6InVzZXJfM0hyd216MDhCT09yRTVYQnJhU01xZlNRWHhwIn0.ekds2A0i64EgiApfkj2b47w55gUv5o5qjHKeFhNAjNQ
DECODED PAYLOAD: {'exp': 1790061793, 'sub': 'user_3Hrwmz08BOOrE5XBraSMqfSQXxp'}
GET_CURRENT_USER: user_3Hrwmz08BOOrE5XBraSMqfSQXxp -> <app.models.core.User object at 0x0000025A92983E10>
REQUIRE_ADMIN: user_3Hrwmz08BOOrE5XBraSMqfSQXxp -> admin
RECEIVED TOKEN: eyJhbGciOiJIUzI1NiIsInR5cCI6IkpXVCJ9.eyJleHAiOjE3OTAwNjE3OTMsInN1YiI6InVzZXJfM0hyd216MDhCT09yRTVYQnJhU01xZlNRWHhwIn0.ekds2A0i64EgiApfkj2b47w55gUv5o5qjHKeFhNAjNQ
DECODED PAYLOAD: {'exp': 1790061793, 'sub': 'user_3Hrwmz08BOOrE5XBraSMqfSQXxp'}
GET_CURRENT_USER: user_3Hrwmz08BOOrE5XBraSMqfSQXxp -> <app.models.core.User object at 0x0000025A93D16EA0>
REQUIRE_ADMIN: user_3Hrwmz08BOOrE5XBraSMqfSQXxp -> admin
RECEIVED TOKEN: eyJhbGciOiJIUzI1NiIsInR5cCI6IkpXVCJ9.eyJleHAiOjE3OTAwNjE3OTMsInN1YiI6InVzZXJfM0hyd216MDhCT09yRTVYQnJhU01xZlNRWHhwIn0.ekds2A0i64EgiApfkj2b47w55gUv5o5qjHKeFhNAjNQ
DECODED PAYLOAD: {'exp': 1790061793, 'sub': 'user_3Hrwmz08BOOrE5XBraSMqfSQXxp'}
GET_CURRENT_USER: user_3Hrwmz08BOOrE5XBraSMqfSQXxp -> <app.models.core.User object at 0x0000025A92980BB0>
REQUIRE_ADMIN: user_3Hrwmz08BOOrE5XBraSMqfSQXxp -> admin
RECEIVED TOKEN: eyJhbGciOiJIUzI1NiIsInR5cCI6IkpXVCJ9.eyJleHAiOjE3OTAwNjE3OTMsInN1YiI6InVzZXJfM0hyd216MDhCT09yRTVYQnJhU01xZlNRWHhwIn0.ekds2A0i64EgiApfkj2b47w55gUv5o5qjHKeFhNAjNQ
DECODED PAYLOAD: {'exp': 1790061793, 'sub': 'user_3Hrwmz08BOOrE5XBraSMqfSQXxp'}
GET_CURRENT_USER: user_3Hrwmz08BOOrE5XBraSMqfSQXxp -> <app.models.core.User object at 0x000001A13F2DBE00>
RECEIVED TOKEN: eyJhbGciOiJIUzI1NiIsInR5cCI6IkpXVCJ9.eyJleHAiOjE3OTAwNjE3OTMsInN1YiI6InVzZXJfM0hyd216MDhCT09yRTVYQnJhU01xZlNRWHhwIn0.ekds2A0i64EgiApfkj2b47w55gUv5o5qjHKeFhNAjNQ
DECODED PAYLOAD: {'exp': 1790061793, 'sub': 'user_3Hrwmz08BOOrE5XBraSMqfSQXxp'}
RECEIVED TOKEN: eyJhbGciOiJIUzI1NiIsInR5cCI6IkpXVCJ9.eyJleHAiOjE3OTAwNjE3OTMsInN1YiI6InVzZXJfM0hyd216MDhCT09yRTVYQnJhU01xZlNRWHhwIn0.ekds2A0i64EgiApfkj2b47w55gUv5o5qjHKeFhNAjNQ
DECODED PAYLOAD: {'exp': 1790061793, 'sub': 'user_3Hrwmz08BOOrE5XBraSMqfSQXxp'}
RECEIVED TOKEN: eyJhbGciOiJIUzI1NiIsInR5cCI6IkpXVCJ9.eyJleHAiOjE3OTAwNjE3OTMsInN1YiI6InVzZXJfM0hyd216MDhCT09yRTVYQnJhU01xZlNRWHhwIn0.ekds2A0i64EgiApfkj2b47w55gUv5o5qjHKeFhNAjNQ
DECODED PAYLOAD: {'exp': 1790061793, 'sub': 'user_3Hrwmz08BOOrE5XBraSMqfSQXxp'}
GET_CURRENT_USER: user_3Hrwmz08BOOrE5XBraSMqfSQXxp -> <app.models.core.User object at 0x000001A140670A10>
GET_CURRENT_USER: user_3Hrwmz08BOOrE5XBraSMqfSQXxp -> <app.models.core.User object at 0x000001A140672410>
REQUIRE_ADMIN: user_3Hrwmz08BOOrE5XBraSMqfSQXxp -> admin
RECEIVED TOKEN: eyJhbGciOiJIUzI1NiIsInR5cCI6IkpXVCJ9.eyJleHAiOjE3OTAwNjE3OTMsInN1YiI6InVzZXJfM0hyd216MDhCT09yRTVYQnJhU01xZlNRWHhwIn0.ekds2A0i64EgiApfkj2b47w55gUv5o5qjHKeFhNAjNQ
DECODED PAYLOAD: {'exp': 1790061793, 'sub': 'user_3Hrwmz08BOOrE5XBraSMqfSQXxp'}
GET_CURRENT_USER: user_3Hrwmz08BOOrE5XBraSMqfSQXxp -> <app.models.core.User object at 0x000001A1406729C0>
RECEIVED TOKEN: eyJhbGciOiJIUzI1NiIsInR5cCI6IkpXVCJ9.eyJleHAiOjE3OTAwNjE3OTMsInN1YiI6InVzZXJfM0hyd216MDhCT09yRTVYQnJhU01xZlNRWHhwIn0.ekds2A0i64EgiApfkj2b47w55gUv5o5qjHKeFhNAjNQ
DECODED PAYLOAD: {'exp': 1790061793, 'sub': 'user_3Hrwmz08BOOrE5XBraSMqfSQXxp'}
GET_CURRENT_USER: user_3Hrwmz08BOOrE5XBraSMqfSQXxp -> <app.models.core.User object at 0x000001A1406729C0>
REQUIRE_ADMIN: user_3Hrwmz08BOOrE5XBraSMqfSQXxp -> admin
RECEIVED TOKEN: eyJhbGciOiJIUzI1NiIsInR5cCI6IkpXVCJ9.eyJleHAiOjE3OTAwNjE3OTMsInN1YiI6InVzZXJfM0hyd216MDhCT09yRTVYQnJhU01xZlNRWHhwIn0.ekds2A0i64EgiApfkj2b47w55gUv5o5qjHKeFhNAjNQ
DECODED PAYLOAD: {'exp': 1790061793, 'sub': 'user_3Hrwmz08BOOrE5XBraSMqfSQXxp'}
RECEIVED TOKEN: eyJhbGciOiJIUzI1NiIsInR5cCI6IkpXVCJ9.eyJleHAiOjE3OTAwNjE3OTMsInN1YiI6InVzZXJfM0hyd216MDhCT09yRTVYQnJhU01xZlNRWHhwIn0.ekds2A0i64EgiApfkj2b47w55gUv5o5qjHKeFhNAjNQ
DECODED PAYLOAD: {'exp': 1790061793, 'sub': 'user_3Hrwmz08BOOrE5XBraSMqfSQXxp'}
RECEIVED TOKEN: eyJhbGciOiJIUzI1NiIsInR5cCI6IkpXVCJ9.eyJleHAiOjE3OTAwNjE3OTMsInN1YiI6InVzZXJfM0hyd216MDhCT09yRTVYQnJhU01xZlNRWHhwIn0.ekds2A0i64EgiApfkj2b47w55gUv5o5qjHKeFhNAjNQ
DECODED PAYLOAD: {'exp': 1790061793, 'sub': 'user_3Hrwmz08BOOrE5XBraSMqfSQXxp'}
GET_CURRENT_USER: user_3Hrwmz08BOOrE5XBraSMqfSQXxp -> <app.models.core.User object at 0x000001A1406702C0>
GET_CURRENT_USER: user_3Hrwmz08BOOrE5XBraSMqfSQXxp -> <app.models.core.User object at 0x000001A140671CC0>
REQUIRE_ADMIN: user_3Hrwmz08BOOrE5XBraSMqfSQXxp -> admin
RECEIVED TOKEN: eyJhbGciOiJIUzI1NiIsInR5cCI6IkpXVCJ9.eyJleHAiOjE3OTAwNjE3OTMsInN1YiI6InVzZXJfM0hyd216MDhCT09yRTVYQnJhU01xZlNRWHhwIn0.ekds2A0i64EgiApfkj2b47w55gUv5o5qjHKeFhNAjNQ
DECODED PAYLOAD: {'exp': 1790061793, 'sub': 'user_3Hrwmz08BOOrE5XBraSMqfSQXxp'}
RECEIVED TOKEN: eyJhbGciOiJIUzI1NiIsInR5cCI6IkpXVCJ9.eyJleHAiOjE3OTAwNjE3OTMsInN1YiI6InVzZXJfM0hyd216MDhCT09yRTVYQnJhU01xZlNRWHhwIn0.ekds2A0i64EgiApfkj2b47w55gUv5o5qjHKeFhNAjNQ
DECODED PAYLOAD: {'exp': 1790061793, 'sub': 'user_3Hrwmz08BOOrE5XBraSMqfSQXxp'}
RECEIVED TOKEN: eyJhbGciOiJIUzI1NiIsInR5cCI6IkpXVCJ9.eyJleHAiOjE3OTAwNjE3OTMsInN1YiI6InVzZXJfM0hyd216MDhCT09yRTVYQnJhU01xZlNRWHhwIn0.ekds2A0i64EgiApfkj2b47w55gUv5o5qjHKeFhNAjNQ
DECODED PAYLOAD: {'exp': 1790061793, 'sub': 'user_3Hrwmz08BOOrE5XBraSMqfSQXxp'}
GET_CURRENT_USER: user_3Hrwmz08BOOrE5XBraSMqfSQXxp -> <app.models.core.User object at 0x000001A140670FC0>
GET_CURRENT_USER: user_3Hrwmz08BOOrE5XBraSMqfSQXxp -> <app.models.core.User object at 0x000001A1406729C0>
REQUIRE_ADMIN: user_3Hrwmz08BOOrE5XBraSMqfSQXxp -> admin
RECEIVED TOKEN: invalid_token
JWT ERROR: Not enough segments
RECEIVED TOKEN: eyJhbGciOiJIUzI1NiIsInR5cCI6IkpXVCJ9.eyJleHAiOjE3OTAxODEwOTIsInN1YiI6InVzZXJfM0hyd216MDhCT09yRTVYQnJhU01xZlNRWHhwIn0.AGg2jPigJXs6Bw0yVqRC9Nt1NCb77vKYWiNJ7z4x3RM
DECODED PAYLOAD: {'exp': 1790181092, 'sub': 'user_3Hrwmz08BOOrE5XBraSMqfSQXxp'}
RECEIVED TOKEN: eyJhbGciOiJIUzI1NiIsInR5cCI6IkpXVCJ9.eyJleHAiOjE3OTAxODEwOTIsInN1YiI6InVzZXJfM0hyd216MDhCT09yRTVYQnJhU01xZlNRWHhwIn0.AGg2jPigJXs6Bw0yVqRC9Nt1NCb77vKYWiNJ7z4x3RM
DECODED PAYLOAD: {'exp': 1790181092, 'sub': 'user_3Hrwmz08BOOrE5XBraSMqfSQXxp'}
RECEIVED TOKEN: eyJhbGciOiJIUzI1NiIsInR5cCI6IkpXVCJ9.eyJleHAiOjE3OTAxODEwOTIsInN1YiI6InVzZXJfM0hyd216MDhCT09yRTVYQnJhU01xZlNRWHhwIn0.AGg2jPigJXs6Bw0yVqRC9Nt1NCb77vKYWiNJ7z4x3RM
DECODED PAYLOAD: {'exp': 1790181092, 'sub': 'user_3Hrwmz08BOOrE5XBraSMqfSQXxp'}
GET_CURRENT_USER: user_3Hrwmz08BOOrE5XBraSMqfSQXxp -> <app.models.core.User object at 0x000001A1406720D0>
RECEIVED TOKEN: eyJhbGciOiJIUzI1NiIsInR5cCI6IkpXVCJ9.eyJleHAiOjE3OTAxODEwOTIsInN1YiI6InVzZXJfM0hyd216MDhCT09yRTVYQnJhU01xZlNRWHhwIn0.AGg2jPigJXs6Bw0yVqRC9Nt1NCb77vKYWiNJ7z4x3RM
DECODED PAYLOAD: {'exp': 1790181092, 'sub': 'user_3Hrwmz08BOOrE5XBraSMqfSQXxp'}
GET_CURRENT_USER: user_3Hrwmz08BOOrE5XBraSMqfSQXxp -> <app.models.core.User object at 0x000001A13F557C70>
RECEIVED TOKEN: eyJhbGciOiJIUzI1NiIsInR5cCI6IkpXVCJ9.eyJleHAiOjE3OTAxODEwOTIsInN1YiI6InVzZXJfM0hyd216MDhCT09yRTVYQnJhU01xZlNRWHhwIn0.AGg2jPigJXs6Bw0yVqRC9Nt1NCb77vKYWiNJ7z4x3RM
DECODED PAYLOAD: {'exp': 1790181092, 'sub': 'user_3Hrwmz08BOOrE5XBraSMqfSQXxp'}
GET_CURRENT_USER: user_3Hrwmz08BOOrE5XBraSMqfSQXxp -> <app.models.core.User object at 0x000001A1406736C0>
REQUIRE_ADMIN: user_3Hrwmz08BOOrE5XBraSMqfSQXxp -> admin
RECEIVED TOKEN: eyJhbGciOiJIUzI1NiIsInR5cCI6IkpXVCJ9.eyJleHAiOjE3OTAxODEwOTIsInN1YiI6InVzZXJfM0hyd216MDhCT09yRTVYQnJhU01xZlNRWHhwIn0.AGg2jPigJXs6Bw0yVqRC9Nt1NCb77vKYWiNJ7z4x3RM
DECODED PAYLOAD: {'exp': 1790181092, 'sub': 'user_3Hrwmz08BOOrE5XBraSMqfSQXxp'}
GET_CURRENT_USER: user_3Hrwmz08BOOrE5XBraSMqfSQXxp -> <app.models.core.User object at 0x000001A13F555230>
REQUIRE_ADMIN: user_3Hrwmz08BOOrE5XBraSMqfSQXxp -> admin
RECEIVED TOKEN: eyJhbGciOiJIUzI1NiIsInR5cCI6IkpXVCJ9.eyJleHAiOjE3OTAxODEwOTIsInN1YiI6InVzZXJfM0hyd216MDhCT09yRTVYQnJhU01xZlNRWHhwIn0.AGg2jPigJXs6Bw0yVqRC9Nt1NCb77vKYWiNJ7z4x3RM
DECODED PAYLOAD: {'exp': 1790181092, 'sub': 'user_3Hrwmz08BOOrE5XBraSMqfSQXxp'}
RECEIVED TOKEN: eyJhbGciOiJIUzI1NiIsInR5cCI6IkpXVCJ9.eyJleHAiOjE3OTAxODEwOTIsInN1YiI6InVzZXJfM0hyd216MDhCT09yRTVYQnJhU01xZlNRWHhwIn0.AGg2jPigJXs6Bw0yVqRC9Nt1NCb77vKYWiNJ7z4x3RM
DECODED PAYLOAD: {'exp': 1790181092, 'sub': 'user_3Hrwmz08BOOrE5XBraSMqfSQXxp'}
GET_CURRENT_USER: user_3Hrwmz08BOOrE5XBraSMqfSQXxp -> <app.models.core.User object at 0x000001A13F557C70>
RECEIVED TOKEN: eyJhbGciOiJIUzI1NiIsInR5cCI6IkpXVCJ9.eyJleHAiOjE3OTAxODEwOTIsInN1YiI6InVzZXJfM0hyd216MDhCT09yRTVYQnJhU01xZlNRWHhwIn0.AGg2jPigJXs6Bw0yVqRC9Nt1NCb77vKYWiNJ7z4x3RM
DECODED PAYLOAD: {'exp': 1790181092, 'sub': 'user_3Hrwmz08BOOrE5XBraSMqfSQXxp'}
RECEIVED TOKEN: eyJhbGciOiJIUzI1NiIsInR5cCI6IkpXVCJ9.eyJleHAiOjE3OTAxODEwOTIsInN1YiI6InVzZXJfM0hyd216MDhCT09yRTVYQnJhU01xZlNRWHhwIn0.AGg2jPigJXs6Bw0yVqRC9Nt1NCb77vKYWiNJ7z4x3RM
DECODED PAYLOAD: {'exp': 1790181092, 'sub': 'user_3Hrwmz08BOOrE5XBraSMqfSQXxp'}
GET_CURRENT_USER: user_3Hrwmz08BOOrE5XBraSMqfSQXxp -> <app.models.core.User object at 0x000001A1406713D0>
RECEIVED TOKEN: eyJhbGciOiJIUzI1NiIsInR5cCI6IkpXVCJ9.eyJleHAiOjE3OTAxODEwOTIsInN1YiI6InVzZXJfM0hyd216MDhCT09yRTVYQnJhU01xZlNRWHhwIn0.AGg2jPigJXs6Bw0yVqRC9Nt1NCb77vKYWiNJ7z4x3RM
DECODED PAYLOAD: {'exp': 1790181092, 'sub': 'user_3Hrwmz08BOOrE5XBraSMqfSQXxp'}
GET_CURRENT_USER: user_3Hrwmz08BOOrE5XBraSMqfSQXxp -> <app.models.core.User object at 0x00000209D2127CB0>
RECEIVED TOKEN: eyJhbGciOiJIUzI1NiIsInR5cCI6IkpXVCJ9.eyJleHAiOjE3OTAxODEwOTIsInN1YiI6InVzZXJfM0hyd216MDhCT09yRTVYQnJhU01xZlNRWHhwIn0.AGg2jPigJXs6Bw0yVqRC9Nt1NCb77vKYWiNJ7z4x3RM
DECODED PAYLOAD: {'exp': 1790181092, 'sub': 'user_3Hrwmz08BOOrE5XBraSMqfSQXxp'}
RECEIVED TOKEN: eyJhbGciOiJIUzI1NiIsInR5cCI6IkpXVCJ9.eyJleHAiOjE3OTAxODEwOTIsInN1YiI6InVzZXJfM0hyd216MDhCT09yRTVYQnJhU01xZlNRWHhwIn0.AGg2jPigJXs6Bw0yVqRC9Nt1NCb77vKYWiNJ7z4x3RM
DECODED PAYLOAD: {'exp': 1790181092, 'sub': 'user_3Hrwmz08BOOrE5XBraSMqfSQXxp'}
RECEIVED TOKEN: eyJhbGciOiJIUzI1NiIsInR5cCI6IkpXVCJ9.eyJleHAiOjE3OTAxODEwOTIsInN1YiI6InVzZXJfM0hyd216MDhCT09yRTVYQnJhU01xZlNRWHhwIn0.AGg2jPigJXs6Bw0yVqRC9Nt1NCb77vKYWiNJ7z4x3RM
DECODED PAYLOAD: {'exp': 1790181092, 'sub': 'user_3Hrwmz08BOOrE5XBraSMqfSQXxp'}
GET_CURRENT_USER: user_3Hrwmz08BOOrE5XBraSMqfSQXxp -> <app.models.core.User object at 0x00000209D2183380>
GET_CURRENT_USER: user_3Hrwmz08BOOrE5XBraSMqfSQXxp -> <app.models.core.User object at 0x00000209D21806D0>
REQUIRE_ADMIN: user_3Hrwmz08BOOrE5XBraSMqfSQXxp -> admin
RECEIVED TOKEN: eyJhbGciOiJIUzI1NiIsInR5cCI6IkpXVCJ9.eyJleHAiOjE3OTAxODEwOTIsInN1YiI6InVzZXJfM0hyd216MDhCT09yRTVYQnJhU01xZlNRWHhwIn0.AGg2jPigJXs6Bw0yVqRC9Nt1NCb77vKYWiNJ7z4x3RM
DECODED PAYLOAD: {'exp': 1790181092, 'sub': 'user_3Hrwmz08BOOrE5XBraSMqfSQXxp'}
RECEIVED TOKEN: eyJhbGciOiJIUzI1NiIsInR5cCI6IkpXVCJ9.eyJleHAiOjE3OTAxODEwOTIsInN1YiI6InVzZXJfM0hyd216MDhCT09yRTVYQnJhU01xZlNRWHhwIn0.AGg2jPigJXs6Bw0yVqRC9Nt1NCb77vKYWiNJ7z4x3RM
DECODED PAYLOAD: {'exp': 1790181092, 'sub': 'user_3Hrwmz08BOOrE5XBraSMqfSQXxp'}
RECEIVED TOKEN: eyJhbGciOiJIUzI1NiIsInR5cCI6IkpXVCJ9.eyJleHAiOjE3OTAxODEwOTIsInN1YiI6InVzZXJfM0hyd216MDhCT09yRTVYQnJhU01xZlNRWHhwIn0.AGg2jPigJXs6Bw0yVqRC9Nt1NCb77vKYWiNJ7z4x3RM
DECODED PAYLOAD: {'exp': 1790181092, 'sub': 'user_3Hrwmz08BOOrE5XBraSMqfSQXxp'}
GET_CURRENT_USER: user_3Hrwmz08BOOrE5XBraSMqfSQXxp -> <app.models.core.User object at 0x00000209D34E6410>
REQUIRE_ADMIN: user_3Hrwmz08BOOrE5XBraSMqfSQXxp -> admin
GET_CURRENT_USER: user_3Hrwmz08BOOrE5XBraSMqfSQXxp -> <app.models.core.User object at 0x00000209D34E6750>
RECEIVED TOKEN: eyJhbGciOiJIUzI1NiIsInR5cCI6IkpXVCJ9.eyJleHAiOjE3OTAxODEwOTIsInN1YiI6InVzZXJfM0hyd216MDhCT09yRTVYQnJhU01xZlNRWHhwIn0.AGg2jPigJXs6Bw0yVqRC9Nt1NCb77vKYWiNJ7z4x3RM
DECODED PAYLOAD: {'exp': 1790181092, 'sub': 'user_3Hrwmz08BOOrE5XBraSMqfSQXxp'}
GET_CURRENT_USER: user_3Hrwmz08BOOrE5XBraSMqfSQXxp -> <app.models.core.User object at 0x00000179F92A6470>
RECEIVED TOKEN: eyJhbGciOiJIUzI1NiIsInR5cCI6IkpXVCJ9.eyJleHAiOjE3OTAxODEwOTIsInN1YiI6InVzZXJfM0hyd216MDhCT09yRTVYQnJhU01xZlNRWHhwIn0.AGg2jPigJXs6Bw0yVqRC9Nt1NCb77vKYWiNJ7z4x3RM
DECODED PAYLOAD: {'exp': 1790181092, 'sub': 'user_3Hrwmz08BOOrE5XBraSMqfSQXxp'}
RECEIVED TOKEN: eyJhbGciOiJIUzI1NiIsInR5cCI6IkpXVCJ9.eyJleHAiOjE3OTAxODEwOTIsInN1YiI6InVzZXJfM0hyd216MDhCT09yRTVYQnJhU01xZlNRWHhwIn0.AGg2jPigJXs6Bw0yVqRC9Nt1NCb77vKYWiNJ7z4x3RM
DECODED PAYLOAD: {'exp': 1790181092, 'sub': 'user_3Hrwmz08BOOrE5XBraSMqfSQXxp'}
GET_CURRENT_USER: user_3Hrwmz08BOOrE5XBraSMqfSQXxp -> <app.models.core.User object at 0x00000179F9321160>
RECEIVED TOKEN: eyJhbGciOiJIUzI1NiIsInR5cCI6IkpXVCJ9.eyJleHAiOjE3OTAxODEwOTIsInN1YiI6InVzZXJfM0hyd216MDhCT09yRTVYQnJhU01xZlNRWHhwIn0.AGg2jPigJXs6Bw0yVqRC9Nt1NCb77vKYWiNJ7z4x3RM
DECODED PAYLOAD: {'exp': 1790181092, 'sub': 'user_3Hrwmz08BOOrE5XBraSMqfSQXxp'}
RECEIVED TOKEN: eyJhbGciOiJIUzI1NiIsInR5cCI6IkpXVCJ9.eyJleHAiOjE3OTAxODEwOTIsInN1YiI6InVzZXJfM0hyd216MDhCT09yRTVYQnJhU01xZlNRWHhwIn0.AGg2jPigJXs6Bw0yVqRC9Nt1NCb77vKYWiNJ7z4x3RM
DECODED PAYLOAD: {'exp': 1790181092, 'sub': 'user_3Hrwmz08BOOrE5XBraSMqfSQXxp'}
GET_CURRENT_USER: user_3Hrwmz08BOOrE5XBraSMqfSQXxp -> <app.models.core.User object at 0x00000179F96894A0>
RECEIVED TOKEN: eyJhbGciOiJIUzI1NiIsInR5cCI6IkpXVCJ9.eyJleHAiOjE3OTAxODEwOTIsInN1YiI6InVzZXJfM0hyd216MDhCT09yRTVYQnJhU01xZlNRWHhwIn0.AGg2jPigJXs6Bw0yVqRC9Nt1NCb77vKYWiNJ7z4x3RM
DECODED PAYLOAD: {'exp': 1790181092, 'sub': 'user_3Hrwmz08BOOrE5XBraSMqfSQXxp'}
RECEIVED TOKEN: eyJhbGciOiJIUzI1NiIsInR5cCI6IkpXVCJ9.eyJleHAiOjE3OTAxODEwOTIsInN1YiI6InVzZXJfM0hyd216MDhCT09yRTVYQnJhU01xZlNRWHhwIn0.AGg2jPigJXs6Bw0yVqRC9Nt1NCb77vKYWiNJ7z4x3RM
DECODED PAYLOAD: {'exp': 1790181092, 'sub': 'user_3Hrwmz08BOOrE5XBraSMqfSQXxp'}
GET_CURRENT_USER: user_3Hrwmz08BOOrE5XBraSMqfSQXxp -> <app.models.core.User object at 0x0000015CB3E20A50>
RECEIVED TOKEN: eyJhbGciOiJIUzI1NiIsInR5cCI6IkpXVCJ9.eyJleHAiOjE3OTAxODEwOTIsInN1YiI6InVzZXJfM0hyd216MDhCT09yRTVYQnJhU01xZlNRWHhwIn0.AGg2jPigJXs6Bw0yVqRC9Nt1NCb77vKYWiNJ7z4x3RM
DECODED PAYLOAD: {'exp': 1790181092, 'sub': 'user_3Hrwmz08BOOrE5XBraSMqfSQXxp'}
GET_CURRENT_USER: user_3Hrwmz08BOOrE5XBraSMqfSQXxp -> <app.models.core.User object at 0x0000015CB3B43D90>
REQUIRE_ADMIN: user_3Hrwmz08BOOrE5XBraSMqfSQXxp -> admin
RECEIVED TOKEN: eyJhbGciOiJIUzI1NiIsInR5cCI6IkpXVCJ9.eyJleHAiOjE3OTAxODEwOTIsInN1YiI6InVzZXJfM0hyd216MDhCT09yRTVYQnJhU01xZlNRWHhwIn0.AGg2jPigJXs6Bw0yVqRC9Nt1NCb77vKYWiNJ7z4x3RM
DECODED PAYLOAD: {'exp': 1790181092, 'sub': 'user_3Hrwmz08BOOrE5XBraSMqfSQXxp'}
GET_CURRENT_USER: user_3Hrwmz08BOOrE5XBraSMqfSQXxp -> <app.models.core.User object at 0x0000015CB3B35220>
REQUIRE_ADMIN: user_3Hrwmz08BOOrE5XBraSMqfSQXxp -> admin
RECEIVED TOKEN: eyJhbGciOiJIUzI1NiIsInR5cCI6IkpXVCJ9.eyJleHAiOjE3OTAxODEwOTIsInN1YiI6InVzZXJfM0hyd216MDhCT09yRTVYQnJhU01xZlNRWHhwIn0.AGg2jPigJXs6Bw0yVqRC9Nt1NCb77vKYWiNJ7z4x3RM
DECODED PAYLOAD: {'exp': 1790181092, 'sub': 'user_3Hrwmz08BOOrE5XBraSMqfSQXxp'}
GET_CURRENT_USER: user_3Hrwmz08BOOrE5XBraSMqfSQXxp -> <app.models.core.User object at 0x0000015CB3E2FCE0>
REQUIRE_ADMIN: user_3Hrwmz08BOOrE5XBraSMqfSQXxp -> admin
RECEIVED TOKEN: eyJhbGciOiJIUzI1NiIsInR5cCI6IkpXVCJ9.eyJleHAiOjE3OTAxODEwOTIsInN1YiI6InVzZXJfM0hyd216MDhCT09yRTVYQnJhU01xZlNRWHhwIn0.AGg2jPigJXs6Bw0yVqRC9Nt1NCb77vKYWiNJ7z4x3RM
DECODED PAYLOAD: {'exp': 1790181092, 'sub': 'user_3Hrwmz08BOOrE5XBraSMqfSQXxp'}
GET_CURRENT_USER: user_3Hrwmz08BOOrE5XBraSMqfSQXxp -> <app.models.core.User object at 0x0000015CB3E48050>
REQUIRE_ADMIN: user_3Hrwmz08BOOrE5XBraSMqfSQXxp -> admin
RECEIVED TOKEN: eyJhbGciOiJIUzI1NiIsInR5cCI6IkpXVCJ9.eyJleHAiOjE3OTAxODEwOTIsInN1YiI6InVzZXJfM0hyd216MDhCT09yRTVYQnJhU01xZlNRWHhwIn0.AGg2jPigJXs6Bw0yVqRC9Nt1NCb77vKYWiNJ7z4x3RM
DECODED PAYLOAD: {'exp': 1790181092, 'sub': 'user_3Hrwmz08BOOrE5XBraSMqfSQXxp'}
RECEIVED TOKEN: eyJhbGciOiJIUzI1NiIsInR5cCI6IkpXVCJ9.eyJleHAiOjE3OTAxODEwOTIsInN1YiI6InVzZXJfM0hyd216MDhCT09yRTVYQnJhU01xZlNRWHhwIn0.AGg2jPigJXs6Bw0yVqRC9Nt1NCb77vKYWiNJ7z4x3RM
DECODED PAYLOAD: {'exp': 1790181092, 'sub': 'user_3Hrwmz08BOOrE5XBraSMqfSQXxp'}
GET_CURRENT_USER: user_3Hrwmz08BOOrE5XBraSMqfSQXxp -> <app.models.core.User object at 0x0000015CB3E51150>
REQUIRE_ADMIN: user_3Hrwmz08BOOrE5XBraSMqfSQXxp -> admin
GET_CURRENT_USER: user_3Hrwmz08BOOrE5XBraSMqfSQXxp -> <app.models.core.User object at 0x0000015CB3E50C00>
REQUIRE_ADMIN: user_3Hrwmz08BOOrE5XBraSMqfSQXxp -> admin
RECEIVED TOKEN: eyJhbGciOiJIUzI1NiIsInR5cCI6IkpXVCJ9.eyJleHAiOjE3OTAxODEwOTIsInN1YiI6InVzZXJfM0hyd216MDhCT09yRTVYQnJhU01xZlNRWHhwIn0.AGg2jPigJXs6Bw0yVqRC9Nt1NCb77vKYWiNJ7z4x3RM
DECODED PAYLOAD: {'exp': 1790181092, 'sub': 'user_3Hrwmz08BOOrE5XBraSMqfSQXxp'}
RECEIVED TOKEN: eyJhbGciOiJIUzI1NiIsInR5cCI6IkpXVCJ9.eyJleHAiOjE3OTAxODEwOTIsInN1YiI6InVzZXJfM0hyd216MDhCT09yRTVYQnJhU01xZlNRWHhwIn0.AGg2jPigJXs6Bw0yVqRC9Nt1NCb77vKYWiNJ7z4x3RM
DECODED PAYLOAD: {'exp': 1790181092, 'sub': 'user_3Hrwmz08BOOrE5XBraSMqfSQXxp'}
GET_CURRENT_USER: user_3Hrwmz08BOOrE5XBraSMqfSQXxp -> <app.models.core.User object at 0x0000015CB38E7200>
REQUIRE_ADMIN: user_3Hrwmz08BOOrE5XBraSMqfSQXxp -> admin
GET_CURRENT_USER: user_3Hrwmz08BOOrE5XBraSMqfSQXxp -> <app.models.core.User object at 0x0000015CB4EDB930>
REQUIRE_ADMIN: user_3Hrwmz08BOOrE5XBraSMqfSQXxp -> admin
RECEIVED TOKEN: eyJhbGciOiJIUzI1NiIsInR5cCI6IkpXVCJ9.eyJleHAiOjE3OTAxODEwOTIsInN1YiI6InVzZXJfM0hyd216MDhCT09yRTVYQnJhU01xZlNRWHhwIn0.AGg2jPigJXs6Bw0yVqRC9Nt1NCb77vKYWiNJ7z4x3RM
DECODED PAYLOAD: {'exp': 1790181092, 'sub': 'user_3Hrwmz08BOOrE5XBraSMqfSQXxp'}
RECEIVED TOKEN: eyJhbGciOiJIUzI1NiIsInR5cCI6IkpXVCJ9.eyJleHAiOjE3OTAxODEwOTIsInN1YiI6InVzZXJfM0hyd216MDhCT09yRTVYQnJhU01xZlNRWHhwIn0.AGg2jPigJXs6Bw0yVqRC9Nt1NCb77vKYWiNJ7z4x3RM
DECODED PAYLOAD: {'exp': 1790181092, 'sub': 'user_3Hrwmz08BOOrE5XBraSMqfSQXxp'}
GET_CURRENT_USER: user_3Hrwmz08BOOrE5XBraSMqfSQXxp -> <app.models.core.User object at 0x0000015CB3B4FEE0>
RECEIVED TOKEN: eyJhbGciOiJIUzI1NiIsInR5cCI6IkpXVCJ9.eyJleHAiOjE3OTAxODEwOTIsInN1YiI6InVzZXJfM0hyd216MDhCT09yRTVYQnJhU01xZlNRWHhwIn0.AGg2jPigJXs6Bw0yVqRC9Nt1NCb77vKYWiNJ7z4x3RM
DECODED PAYLOAD: {'exp': 1790181092, 'sub': 'user_3Hrwmz08BOOrE5XBraSMqfSQXxp'}
RECEIVED TOKEN: eyJhbGciOiJIUzI1NiIsInR5cCI6IkpXVCJ9.eyJleHAiOjE3OTAxODEwOTIsInN1YiI6InVzZXJfM0hyd216MDhCT09yRTVYQnJhU01xZlNRWHhwIn0.AGg2jPigJXs6Bw0yVqRC9Nt1NCb77vKYWiNJ7z4x3RM
DECODED PAYLOAD: {'exp': 1790181092, 'sub': 'user_3Hrwmz08BOOrE5XBraSMqfSQXxp'}
GET_CURRENT_USER: user_3Hrwmz08BOOrE5XBraSMqfSQXxp -> <app.models.core.User object at 0x0000015CB4EC0870>
RECEIVED TOKEN: eyJhbGciOiJIUzI1NiIsInR5cCI6IkpXVCJ9.eyJleHAiOjE3OTAxODEwOTIsInN1YiI6InVzZXJfM0hyd216MDhCT09yRTVYQnJhU01xZlNRWHhwIn0.AGg2jPigJXs6Bw0yVqRC9Nt1NCb77vKYWiNJ7z4x3RM
DECODED PAYLOAD: {'exp': 1790181092, 'sub': 'user_3Hrwmz08BOOrE5XBraSMqfSQXxp'}
GET_CURRENT_USER: user_3Hrwmz08BOOrE5XBraSMqfSQXxp -> <app.models.core.User object at 0x0000015CB4EC0600>
REQUIRE_ADMIN: user_3Hrwmz08BOOrE5XBraSMqfSQXxp -> admin
RECEIVED TOKEN: eyJhbGciOiJIUzI1NiIsInR5cCI6IkpXVCJ9.eyJleHAiOjE3OTAxODEwOTIsInN1YiI6InVzZXJfM0hyd216MDhCT09yRTVYQnJhU01xZlNRWHhwIn0.AGg2jPigJXs6Bw0yVqRC9Nt1NCb77vKYWiNJ7z4x3RM
DECODED PAYLOAD: {'exp': 1790181092, 'sub': 'user_3Hrwmz08BOOrE5XBraSMqfSQXxp'}
GET_CURRENT_USER: user_3Hrwmz08BOOrE5XBraSMqfSQXxp -> <app.models.core.User object at 0x0000015CB4EC28F0>
REQUIRE_ADMIN: user_3Hrwmz08BOOrE5XBraSMqfSQXxp -> admin
RECEIVED TOKEN: eyJhbGciOiJIUzI1NiIsInR5cCI6IkpXVCJ9.eyJleHAiOjE3OTAxODEwOTIsInN1YiI6InVzZXJfM0hyd216MDhCT09yRTVYQnJhU01xZlNRWHhwIn0.AGg2jPigJXs6Bw0yVqRC9Nt1NCb77vKYWiNJ7z4x3RM
DECODED PAYLOAD: {'exp': 1790181092, 'sub': 'user_3Hrwmz08BOOrE5XBraSMqfSQXxp'}
RECEIVED TOKEN: eyJhbGciOiJIUzI1NiIsInR5cCI6IkpXVCJ9.eyJleHAiOjE3OTAxODEwOTIsInN1YiI6InVzZXJfM0hyd216MDhCT09yRTVYQnJhU01xZlNRWHhwIn0.AGg2jPigJXs6Bw0yVqRC9Nt1NCb77vKYWiNJ7z4x3RM
DECODED PAYLOAD: {'exp': 1790181092, 'sub': 'user_3Hrwmz08BOOrE5XBraSMqfSQXxp'}
GET_CURRENT_USER: user_3Hrwmz08BOOrE5XBraSMqfSQXxp -> <app.models.core.User object at 0x0000015CB5277E10>
RECEIVED TOKEN: eyJhbGciOiJIUzI1NiIsInR5cCI6IkpXVCJ9.eyJleHAiOjE3OTAxODEwOTIsInN1YiI6InVzZXJfM0hyd216MDhCT09yRTVYQnJhU01xZlNRWHhwIn0.AGg2jPigJXs6Bw0yVqRC9Nt1NCb77vKYWiNJ7z4x3RM
DECODED PAYLOAD: {'exp': 1790181092, 'sub': 'user_3Hrwmz08BOOrE5XBraSMqfSQXxp'}
GET_CURRENT_USER: user_3Hrwmz08BOOrE5XBraSMqfSQXxp -> <app.models.core.User object at 0x0000015CB58AD8B0>
REQUIRE_ADMIN: user_3Hrwmz08BOOrE5XBraSMqfSQXxp -> admin
RECEIVED TOKEN: eyJhbGciOiJIUzI1NiIsInR5cCI6IkpXVCJ9.eyJleHAiOjE3OTAxODEwOTIsInN1YiI6InVzZXJfM0hyd216MDhCT09yRTVYQnJhU01xZlNRWHhwIn0.AGg2jPigJXs6Bw0yVqRC9Nt1NCb77vKYWiNJ7z4x3RM
DECODED PAYLOAD: {'exp': 1790181092, 'sub': 'user_3Hrwmz08BOOrE5XBraSMqfSQXxp'}
GET_CURRENT_USER: user_3Hrwmz08BOOrE5XBraSMqfSQXxp -> <app.models.core.User object at 0x0000015CB4EC2DD0>
REQUIRE_ADMIN: user_3Hrwmz08BOOrE5XBraSMqfSQXxp -> admin
RECEIVED TOKEN: eyJhbGciOiJIUzI1NiIsInR5cCI6IkpXVCJ9.eyJleHAiOjE3OTAxODEwOTIsInN1YiI6InVzZXJfM0hyd216MDhCT09yRTVYQnJhU01xZlNRWHhwIn0.AGg2jPigJXs6Bw0yVqRC9Nt1NCb77vKYWiNJ7z4x3RM
DECODED PAYLOAD: {'exp': 1790181092, 'sub': 'user_3Hrwmz08BOOrE5XBraSMqfSQXxp'}
RECEIVED TOKEN: eyJhbGciOiJIUzI1NiIsInR5cCI6IkpXVCJ9.eyJleHAiOjE3OTAxODEwOTIsInN1YiI6InVzZXJfM0hyd216MDhCT09yRTVYQnJhU01xZlNRWHhwIn0.AGg2jPigJXs6Bw0yVqRC9Nt1NCb77vKYWiNJ7z4x3RM
DECODED PAYLOAD: {'exp': 1790181092, 'sub': 'user_3Hrwmz08BOOrE5XBraSMqfSQXxp'}
GET_CURRENT_USER: user_3Hrwmz08BOOrE5XBraSMqfSQXxp -> <app.models.core.User object at 0x0000015CB58AD8B0>
REQUIRE_ADMIN: user_3Hrwmz08BOOrE5XBraSMqfSQXxp -> admin
GET_CURRENT_USER: user_3Hrwmz08BOOrE5XBraSMqfSQXxp -> <app.models.core.User object at 0x0000015CB58ACE20>
REQUIRE_ADMIN: user_3Hrwmz08BOOrE5XBraSMqfSQXxp -> admin
RECEIVED TOKEN: eyJhbGciOiJIUzI1NiIsInR5cCI6IkpXVCJ9.eyJleHAiOjE3OTAxODEwOTIsInN1YiI6InVzZXJfM0hyd216MDhCT09yRTVYQnJhU01xZlNRWHhwIn0.AGg2jPigJXs6Bw0yVqRC9Nt1NCb77vKYWiNJ7z4x3RM
DECODED PAYLOAD: {'exp': 1790181092, 'sub': 'user_3Hrwmz08BOOrE5XBraSMqfSQXxp'}
RECEIVED TOKEN: eyJhbGciOiJIUzI1NiIsInR5cCI6IkpXVCJ9.eyJleHAiOjE3OTAxODEwOTIsInN1YiI6InVzZXJfM0hyd216MDhCT09yRTVYQnJhU01xZlNRWHhwIn0.AGg2jPigJXs6Bw0yVqRC9Nt1NCb77vKYWiNJ7z4x3RM
DECODED PAYLOAD: {'exp': 1790181092, 'sub': 'user_3Hrwmz08BOOrE5XBraSMqfSQXxp'}
GET_CURRENT_USER: user_3Hrwmz08BOOrE5XBraSMqfSQXxp -> <app.models.core.User object at 0x0000015CB3B4F930>
REQUIRE_ADMIN: user_3Hrwmz08BOOrE5XBraSMqfSQXxp -> admin
GET_CURRENT_USER: user_3Hrwmz08BOOrE5XBraSMqfSQXxp -> <app.models.core.User object at 0x0000015CB4EC25B0>
REQUIRE_ADMIN: user_3Hrwmz08BOOrE5XBraSMqfSQXxp -> admin
RECEIVED TOKEN: eyJhbGciOiJIUzI1NiIsInR5cCI6IkpXVCJ9.eyJleHAiOjE3OTAxODEwOTIsInN1YiI6InVzZXJfM0hyd216MDhCT09yRTVYQnJhU01xZlNRWHhwIn0.AGg2jPigJXs6Bw0yVqRC9Nt1NCb77vKYWiNJ7z4x3RM
DECODED PAYLOAD: {'exp': 1790181092, 'sub': 'user_3Hrwmz08BOOrE5XBraSMqfSQXxp'}
RECEIVED TOKEN: eyJhbGciOiJIUzI1NiIsInR5cCI6IkpXVCJ9.eyJleHAiOjE3OTAxODEwOTIsInN1YiI6InVzZXJfM0hyd216MDhCT09yRTVYQnJhU01xZlNRWHhwIn0.AGg2jPigJXs6Bw0yVqRC9Nt1NCb77vKYWiNJ7z4x3RM
DECODED PAYLOAD: {'exp': 1790181092, 'sub': 'user_3Hrwmz08BOOrE5XBraSMqfSQXxp'}
GET_CURRENT_USER: user_3Hrwmz08BOOrE5XBraSMqfSQXxp -> <app.models.core.User object at 0x0000015CB58ACFC0>
REQUIRE_ADMIN: user_3Hrwmz08BOOrE5XBraSMqfSQXxp -> admin
GET_CURRENT_USER: user_3Hrwmz08BOOrE5XBraSMqfSQXxp -> <app.models.core.User object at 0x0000015CB58AD4A0>
REQUIRE_ADMIN: user_3Hrwmz08BOOrE5XBraSMqfSQXxp -> admin
RECEIVED TOKEN: eyJhbGciOiJIUzI1NiIsInR5cCI6IkpXVCJ9.eyJleHAiOjE3OTAxODEwOTIsInN1YiI6InVzZXJfM0hyd216MDhCT09yRTVYQnJhU01xZlNRWHhwIn0.AGg2jPigJXs6Bw0yVqRC9Nt1NCb77vKYWiNJ7z4x3RM
DECODED PAYLOAD: {'exp': 1790181092, 'sub': 'user_3Hrwmz08BOOrE5XBraSMqfSQXxp'}
RECEIVED TOKEN: eyJhbGciOiJIUzI1NiIsInR5cCI6IkpXVCJ9.eyJleHAiOjE3OTAxODEwOTIsInN1YiI6InVzZXJfM0hyd216MDhCT09yRTVYQnJhU01xZlNRWHhwIn0.AGg2jPigJXs6Bw0yVqRC9Nt1NCb77vKYWiNJ7z4x3RM
DECODED PAYLOAD: {'exp': 1790181092, 'sub': 'user_3Hrwmz08BOOrE5XBraSMqfSQXxp'}
GET_CURRENT_USER: user_3Hrwmz08BOOrE5XBraSMqfSQXxp -> <app.models.core.User object at 0x0000015CB4EC25B0>
REQUIRE_ADMIN: user_3Hrwmz08BOOrE5XBraSMqfSQXxp -> admin
GET_CURRENT_USER: user_3Hrwmz08BOOrE5XBraSMqfSQXxp -> <app.models.core.User object at 0x0000015CB4EC1B20>
REQUIRE_ADMIN: user_3Hrwmz08BOOrE5XBraSMqfSQXxp -> admin
RECEIVED TOKEN: eyJhbGciOiJIUzI1NiIsInR5cCI6IkpXVCJ9.eyJleHAiOjE3OTAxODEwOTIsInN1YiI6InVzZXJfM0hyd216MDhCT09yRTVYQnJhU01xZlNRWHhwIn0.AGg2jPigJXs6Bw0yVqRC9Nt1NCb77vKYWiNJ7z4x3RM
DECODED PAYLOAD: {'exp': 1790181092, 'sub': 'user_3Hrwmz08BOOrE5XBraSMqfSQXxp'}
RECEIVED TOKEN: eyJhbGciOiJIUzI1NiIsInR5cCI6IkpXVCJ9.eyJleHAiOjE3OTAxODEwOTIsInN1YiI6InVzZXJfM0hyd216MDhCT09yRTVYQnJhU01xZlNRWHhwIn0.AGg2jPigJXs6Bw0yVqRC9Nt1NCb77vKYWiNJ7z4x3RM
DECODED PAYLOAD: {'exp': 1790181092, 'sub': 'user_3Hrwmz08BOOrE5XBraSMqfSQXxp'}
RECEIVED TOKEN: eyJhbGciOiJIUzI1NiIsInR5cCI6IkpXVCJ9.eyJleHAiOjE3OTAxODEwOTIsInN1YiI6InVzZXJfM0hyd216MDhCT09yRTVYQnJhU01xZlNRWHhwIn0.AGg2jPigJXs6Bw0yVqRC9Nt1NCb77vKYWiNJ7z4x3RM
DECODED PAYLOAD: {'exp': 1790181092, 'sub': 'user_3Hrwmz08BOOrE5XBraSMqfSQXxp'}
RECEIVED TOKEN: eyJhbGciOiJIUzI1NiIsInR5cCI6IkpXVCJ9.eyJleHAiOjE3OTAxODEwOTIsInN1YiI6InVzZXJfM0hyd216MDhCT09yRTVYQnJhU01xZlNRWHhwIn0.AGg2jPigJXs6Bw0yVqRC9Nt1NCb77vKYWiNJ7z4x3RM
DECODED PAYLOAD: {'exp': 1790181092, 'sub': 'user_3Hrwmz08BOOrE5XBraSMqfSQXxp'}
GET_CURRENT_USER: user_3Hrwmz08BOOrE5XBraSMqfSQXxp -> <app.models.core.User object at 0x0000015CB58ACEF0>
REQUIRE_ADMIN: user_3Hrwmz08BOOrE5XBraSMqfSQXxp -> admin
GET_CURRENT_USER: user_3Hrwmz08BOOrE5XBraSMqfSQXxp -> <app.models.core.User object at 0x0000015CB58ACFC0>
REQUIRE_ADMIN: user_3Hrwmz08BOOrE5XBraSMqfSQXxp -> admin
GET_CURRENT_USER: user_3Hrwmz08BOOrE5XBraSMqfSQXxp -> <app.models.core.User object at 0x0000015CB3B4F930>
RECEIVED TOKEN: eyJhbGciOiJIUzI1NiIsInR5cCI6IkpXVCJ9.eyJleHAiOjE3OTAxODEwOTIsInN1YiI6InVzZXJfM0hyd216MDhCT09yRTVYQnJhU01xZlNRWHhwIn0.AGg2jPigJXs6Bw0yVqRC9Nt1NCb77vKYWiNJ7z4x3RM
DECODED PAYLOAD: {'exp': 1790181092, 'sub': 'user_3Hrwmz08BOOrE5XBraSMqfSQXxp'}
GET_CURRENT_USER: user_3Hrwmz08BOOrE5XBraSMqfSQXxp -> <app.models.core.User object at 0x0000015CB4EC14A0>
REQUIRE_ADMIN: user_3Hrwmz08BOOrE5XBraSMqfSQXxp -> admin
RECEIVED TOKEN: eyJhbGciOiJIUzI1NiIsInR5cCI6IkpXVCJ9.eyJleHAiOjE3OTAxODEwOTIsInN1YiI6InVzZXJfM0hyd216MDhCT09yRTVYQnJhU01xZlNRWHhwIn0.AGg2jPigJXs6Bw0yVqRC9Nt1NCb77vKYWiNJ7z4x3RM
DECODED PAYLOAD: {'exp': 1790181092, 'sub': 'user_3Hrwmz08BOOrE5XBraSMqfSQXxp'}
GET_CURRENT_USER: user_3Hrwmz08BOOrE5XBraSMqfSQXxp -> <app.models.core.User object at 0x0000015CB4EC14A0>
REQUIRE_ADMIN: user_3Hrwmz08BOOrE5XBraSMqfSQXxp -> admin
RECEIVED TOKEN: eyJhbGciOiJIUzI1NiIsInR5cCI6IkpXVCJ9.eyJleHAiOjE3OTAxODEwOTIsInN1YiI6InVzZXJfM0hyd216MDhCT09yRTVYQnJhU01xZlNRWHhwIn0.AGg2jPigJXs6Bw0yVqRC9Nt1NCb77vKYWiNJ7z4x3RM
DECODED PAYLOAD: {'exp': 1790181092, 'sub': 'user_3Hrwmz08BOOrE5XBraSMqfSQXxp'}
RECEIVED TOKEN: eyJhbGciOiJIUzI1NiIsInR5cCI6IkpXVCJ9.eyJleHAiOjE3OTAxODEwOTIsInN1YiI6InVzZXJfM0hyd216MDhCT09yRTVYQnJhU01xZlNRWHhwIn0.AGg2jPigJXs6Bw0yVqRC9Nt1NCb77vKYWiNJ7z4x3RM
DECODED PAYLOAD: {'exp': 1790181092, 'sub': 'user_3Hrwmz08BOOrE5XBraSMqfSQXxp'}
GET_CURRENT_USER: user_3Hrwmz08BOOrE5XBraSMqfSQXxp -> <app.models.core.User object at 0x0000015CB58AD160>
REQUIRE_ADMIN: user_3Hrwmz08BOOrE5XBraSMqfSQXxp -> admin
GET_CURRENT_USER: user_3Hrwmz08BOOrE5XBraSMqfSQXxp -> <app.models.core.User object at 0x0000015CB58AD710>
REQUIRE_ADMIN: user_3Hrwmz08BOOrE5XBraSMqfSQXxp -> admin
RECEIVED TOKEN: eyJhbGciOiJIUzI1NiIsInR5cCI6IkpXVCJ9.eyJleHAiOjE3OTAxODEwOTIsInN1YiI6InVzZXJfM0hyd216MDhCT09yRTVYQnJhU01xZlNRWHhwIn0.AGg2jPigJXs6Bw0yVqRC9Nt1NCb77vKYWiNJ7z4x3RM
DECODED PAYLOAD: {'exp': 1790181092, 'sub': 'user_3Hrwmz08BOOrE5XBraSMqfSQXxp'}
RECEIVED TOKEN: eyJhbGciOiJIUzI1NiIsInR5cCI6IkpXVCJ9.eyJleHAiOjE3OTAxODEwOTIsInN1YiI6InVzZXJfM0hyd216MDhCT09yRTVYQnJhU01xZlNRWHhwIn0.AGg2jPigJXs6Bw0yVqRC9Nt1NCb77vKYWiNJ7z4x3RM
DECODED PAYLOAD: {'exp': 1790181092, 'sub': 'user_3Hrwmz08BOOrE5XBraSMqfSQXxp'}
GET_CURRENT_USER: user_3Hrwmz08BOOrE5XBraSMqfSQXxp -> <app.models.core.User object at 0x0000015CB58AD300>
REQUIRE_ADMIN: user_3Hrwmz08BOOrE5XBraSMqfSQXxp -> admin
GET_CURRENT_USER: user_3Hrwmz08BOOrE5XBraSMqfSQXxp -> <app.models.core.User object at 0x0000015CB58ACEF0>
REQUIRE_ADMIN: user_3Hrwmz08BOOrE5XBraSMqfSQXxp -> admin
RECEIVED TOKEN: eyJhbGciOiJIUzI1NiIsInR5cCI6IkpXVCJ9.eyJleHAiOjE3OTAxODEwOTIsInN1YiI6InVzZXJfM0hyd216MDhCT09yRTVYQnJhU01xZlNRWHhwIn0.AGg2jPigJXs6Bw0yVqRC9Nt1NCb77vKYWiNJ7z4x3RM
DECODED PAYLOAD: {'exp': 1790181092, 'sub': 'user_3Hrwmz08BOOrE5XBraSMqfSQXxp'}
RECEIVED TOKEN: eyJhbGciOiJIUzI1NiIsInR5cCI6IkpXVCJ9.eyJleHAiOjE3OTAxODEwOTIsInN1YiI6InVzZXJfM0hyd216MDhCT09yRTVYQnJhU01xZlNRWHhwIn0.AGg2jPigJXs6Bw0yVqRC9Nt1NCb77vKYWiNJ7z4x3RM
DECODED PAYLOAD: {'exp': 1790181092, 'sub': 'user_3Hrwmz08BOOrE5XBraSMqfSQXxp'}
RECEIVED TOKEN: eyJhbGciOiJIUzI1NiIsInR5cCI6IkpXVCJ9.eyJleHAiOjE3OTAxODEwOTIsInN1YiI6InVzZXJfM0hyd216MDhCT09yRTVYQnJhU01xZlNRWHhwIn0.AGg2jPigJXs6Bw0yVqRC9Nt1NCb77vKYWiNJ7z4x3RM
DECODED PAYLOAD: {'exp': 1790181092, 'sub': 'user_3Hrwmz08BOOrE5XBraSMqfSQXxp'}
RECEIVED TOKEN: eyJhbGciOiJIUzI1NiIsInR5cCI6IkpXVCJ9.eyJleHAiOjE3OTAxODEwOTIsInN1YiI6InVzZXJfM0hyd216MDhCT09yRTVYQnJhU01xZlNRWHhwIn0.AGg2jPigJXs6Bw0yVqRC9Nt1NCb77vKYWiNJ7z4x3RM
DECODED PAYLOAD: {'exp': 1790181092, 'sub': 'user_3Hrwmz08BOOrE5XBraSMqfSQXxp'}
GET_CURRENT_USER: user_3Hrwmz08BOOrE5XBraSMqfSQXxp -> <app.models.core.User object at 0x0000015CB58ADE60>
REQUIRE_ADMIN: user_3Hrwmz08BOOrE5XBraSMqfSQXxp -> admin
GET_CURRENT_USER: user_3Hrwmz08BOOrE5XBraSMqfSQXxp -> <app.models.core.User object at 0x0000015CB58AD300>
GET_CURRENT_USER: user_3Hrwmz08BOOrE5XBraSMqfSQXxp -> <app.models.core.User object at 0x0000015CB58AD3D0>
REQUIRE_ADMIN: user_3Hrwmz08BOOrE5XBraSMqfSQXxp -> admin
RECEIVED TOKEN: eyJhbGciOiJIUzI1NiIsInR5cCI6IkpXVCJ9.eyJleHAiOjE3OTAxODEwOTIsInN1YiI6InVzZXJfM0hyd216MDhCT09yRTVYQnJhU01xZlNRWHhwIn0.AGg2jPigJXs6Bw0yVqRC9Nt1NCb77vKYWiNJ7z4x3RM
DECODED PAYLOAD: {'exp': 1790181092, 'sub': 'user_3Hrwmz08BOOrE5XBraSMqfSQXxp'}
GET_CURRENT_USER: user_3Hrwmz08BOOrE5XBraSMqfSQXxp -> <app.models.core.User object at 0x0000015CB58AD300>
REQUIRE_ADMIN: user_3Hrwmz08BOOrE5XBraSMqfSQXxp -> admin
RECEIVED TOKEN: eyJhbGciOiJIUzI1NiIsInR5cCI6IkpXVCJ9.eyJleHAiOjE3OTAxODEwOTIsInN1YiI6InVzZXJfM0hyd216MDhCT09yRTVYQnJhU01xZlNRWHhwIn0.AGg2jPigJXs6Bw0yVqRC9Nt1NCb77vKYWiNJ7z4x3RM
DECODED PAYLOAD: {'exp': 1790181092, 'sub': 'user_3Hrwmz08BOOrE5XBraSMqfSQXxp'}
GET_CURRENT_USER: user_3Hrwmz08BOOrE5XBraSMqfSQXxp -> <app.models.core.User object at 0x0000015CB58ACEF0>
REQUIRE_ADMIN: user_3Hrwmz08BOOrE5XBraSMqfSQXxp -> admin
RECEIVED TOKEN: eyJhbGciOiJIUzI1NiIsInR5cCI6IkpXVCJ9.eyJleHAiOjE3OTAxODEwOTIsInN1YiI6InVzZXJfM0hyd216MDhCT09yRTVYQnJhU01xZlNRWHhwIn0.AGg2jPigJXs6Bw0yVqRC9Nt1NCb77vKYWiNJ7z4x3RM
DECODED PAYLOAD: {'exp': 1790181092, 'sub': 'user_3Hrwmz08BOOrE5XBraSMqfSQXxp'}
RECEIVED TOKEN: eyJhbGciOiJIUzI1NiIsInR5cCI6IkpXVCJ9.eyJleHAiOjE3OTAxODEwOTIsInN1YiI6InVzZXJfM0hyd216MDhCT09yRTVYQnJhU01xZlNRWHhwIn0.AGg2jPigJXs6Bw0yVqRC9Nt1NCb77vKYWiNJ7z4x3RM
DECODED PAYLOAD: {'exp': 1790181092, 'sub': 'user_3Hrwmz08BOOrE5XBraSMqfSQXxp'}
GET_CURRENT_USER: user_3Hrwmz08BOOrE5XBraSMqfSQXxp -> <app.models.core.User object at 0x0000015CB58AE000>
REQUIRE_ADMIN: user_3Hrwmz08BOOrE5XBraSMqfSQXxp -> admin
GET_CURRENT_USER: user_3Hrwmz08BOOrE5XBraSMqfSQXxp -> <app.models.core.User object at 0x0000015CB58AD3D0>
REQUIRE_ADMIN: user_3Hrwmz08BOOrE5XBraSMqfSQXxp -> admin
RECEIVED TOKEN: eyJhbGciOiJIUzI1NiIsInR5cCI6IkpXVCJ9.eyJleHAiOjE3OTAxODEwOTIsInN1YiI6InVzZXJfM0hyd216MDhCT09yRTVYQnJhU01xZlNRWHhwIn0.AGg2jPigJXs6Bw0yVqRC9Nt1NCb77vKYWiNJ7z4x3RM
DECODED PAYLOAD: {'exp': 1790181092, 'sub': 'user_3Hrwmz08BOOrE5XBraSMqfSQXxp'}
RECEIVED TOKEN: eyJhbGciOiJIUzI1NiIsInR5cCI6IkpXVCJ9.eyJleHAiOjE3OTAxODEwOTIsInN1YiI6InVzZXJfM0hyd216MDhCT09yRTVYQnJhU01xZlNRWHhwIn0.AGg2jPigJXs6Bw0yVqRC9Nt1NCb77vKYWiNJ7z4x3RM
DECODED PAYLOAD: {'exp': 1790181092, 'sub': 'user_3Hrwmz08BOOrE5XBraSMqfSQXxp'}
GET_CURRENT_USER: user_3Hrwmz08BOOrE5XBraSMqfSQXxp -> <app.models.core.User object at 0x0000015CB4EC2DD0>
REQUIRE_ADMIN: user_3Hrwmz08BOOrE5XBraSMqfSQXxp -> admin
GET_CURRENT_USER: user_3Hrwmz08BOOrE5XBraSMqfSQXxp -> <app.models.core.User object at 0x0000015CB58ADCC0>
REQUIRE_ADMIN: user_3Hrwmz08BOOrE5XBraSMqfSQXxp -> admin
RECEIVED TOKEN: eyJhbGciOiJIUzI1NiIsInR5cCI6IkpXVCJ9.eyJleHAiOjE3OTAxODEwOTIsInN1YiI6InVzZXJfM0hyd216MDhCT09yRTVYQnJhU01xZlNRWHhwIn0.AGg2jPigJXs6Bw0yVqRC9Nt1NCb77vKYWiNJ7z4x3RM
DECODED PAYLOAD: {'exp': 1790181092, 'sub': 'user_3Hrwmz08BOOrE5XBraSMqfSQXxp'}
GET_CURRENT_USER: user_3Hrwmz08BOOrE5XBraSMqfSQXxp -> <app.models.core.User object at 0x0000015CB58ADCC0>
REQUIRE_ADMIN: user_3Hrwmz08BOOrE5XBraSMqfSQXxp -> admin
RECEIVED TOKEN: eyJhbGciOiJIUzI1NiIsInR5cCI6IkpXVCJ9.eyJleHAiOjE3OTAxODEwOTIsInN1YiI6InVzZXJfM0hyd216MDhCT09yRTVYQnJhU01xZlNRWHhwIn0.AGg2jPigJXs6Bw0yVqRC9Nt1NCb77vKYWiNJ7z4x3RM
DECODED PAYLOAD: {'exp': 1790181092, 'sub': 'user_3Hrwmz08BOOrE5XBraSMqfSQXxp'}
GET_CURRENT_USER: user_3Hrwmz08BOOrE5XBraSMqfSQXxp -> <app.models.core.User object at 0x0000015CB58AE1A0>
REQUIRE_ADMIN: user_3Hrwmz08BOOrE5XBraSMqfSQXxp -> admin
RECEIVED TOKEN: eyJhbGciOiJIUzI1NiIsInR5cCI6IkpXVCJ9.eyJleHAiOjE3OTAxODEwOTIsInN1YiI6InVzZXJfM0hyd216MDhCT09yRTVYQnJhU01xZlNRWHhwIn0.AGg2jPigJXs6Bw0yVqRC9Nt1NCb77vKYWiNJ7z4x3RM
DECODED PAYLOAD: {'exp': 1790181092, 'sub': 'user_3Hrwmz08BOOrE5XBraSMqfSQXxp'}
RECEIVED TOKEN: eyJhbGciOiJIUzI1NiIsInR5cCI6IkpXVCJ9.eyJleHAiOjE3OTAxODEwOTIsInN1YiI6InVzZXJfM0hyd216MDhCT09yRTVYQnJhU01xZlNRWHhwIn0.AGg2jPigJXs6Bw0yVqRC9Nt1NCb77vKYWiNJ7z4x3RM
DECODED PAYLOAD: {'exp': 1790181092, 'sub': 'user_3Hrwmz08BOOrE5XBraSMqfSQXxp'}
GET_CURRENT_USER: user_3Hrwmz08BOOrE5XBraSMqfSQXxp -> <app.models.core.User object at 0x0000015CB58ACC80>
REQUIRE_ADMIN: user_3Hrwmz08BOOrE5XBraSMqfSQXxp -> admin
GET_CURRENT_USER: user_3Hrwmz08BOOrE5XBraSMqfSQXxp -> <app.models.core.User object at 0x0000015CB58ADF30>
REQUIRE_ADMIN: user_3Hrwmz08BOOrE5XBraSMqfSQXxp -> admin
RECEIVED TOKEN: eyJhbGciOiJIUzI1NiIsInR5cCI6IkpXVCJ9.eyJleHAiOjE3OTAxODEwOTIsInN1YiI6InVzZXJfM0hyd216MDhCT09yRTVYQnJhU01xZlNRWHhwIn0.AGg2jPigJXs6Bw0yVqRC9Nt1NCb77vKYWiNJ7z4x3RM
DECODED PAYLOAD: {'exp': 1790181092, 'sub': 'user_3Hrwmz08BOOrE5XBraSMqfSQXxp'}
RECEIVED TOKEN: eyJhbGciOiJIUzI1NiIsInR5cCI6IkpXVCJ9.eyJleHAiOjE3OTAxODEwOTIsInN1YiI6InVzZXJfM0hyd216MDhCT09yRTVYQnJhU01xZlNRWHhwIn0.AGg2jPigJXs6Bw0yVqRC9Nt1NCb77vKYWiNJ7z4x3RM
DECODED PAYLOAD: {'exp': 1790181092, 'sub': 'user_3Hrwmz08BOOrE5XBraSMqfSQXxp'}
GET_CURRENT_USER: user_3Hrwmz08BOOrE5XBraSMqfSQXxp -> <app.models.core.User object at 0x0000015CB58ADF30>
REQUIRE_ADMIN: user_3Hrwmz08BOOrE5XBraSMqfSQXxp -> admin
GET_CURRENT_USER: user_3Hrwmz08BOOrE5XBraSMqfSQXxp -> <app.models.core.User object at 0x0000015CB58AE340>
REQUIRE_ADMIN: user_3Hrwmz08BOOrE5XBraSMqfSQXxp -> admin
RECEIVED TOKEN: eyJhbGciOiJIUzI1NiIsInR5cCI6IkpXVCJ9.eyJleHAiOjE3OTAxODEwOTIsInN1YiI6InVzZXJfM0hyd216MDhCT09yRTVYQnJhU01xZlNRWHhwIn0.AGg2jPigJXs6Bw0yVqRC9Nt1NCb77vKYWiNJ7z4x3RM
DECODED PAYLOAD: {'exp': 1790181092, 'sub': 'user_3Hrwmz08BOOrE5XBraSMqfSQXxp'}
RECEIVED TOKEN: eyJhbGciOiJIUzI1NiIsInR5cCI6IkpXVCJ9.eyJleHAiOjE3OTAxODEwOTIsInN1YiI6InVzZXJfM0hyd216MDhCT09yRTVYQnJhU01xZlNRWHhwIn0.AGg2jPigJXs6Bw0yVqRC9Nt1NCb77vKYWiNJ7z4x3RM
DECODED PAYLOAD: {'exp': 1790181092, 'sub': 'user_3Hrwmz08BOOrE5XBraSMqfSQXxp'}
RECEIVED TOKEN: eyJhbGciOiJIUzI1NiIsInR5cCI6IkpXVCJ9.eyJleHAiOjE3OTAxODEwOTIsInN1YiI6InVzZXJfM0hyd216MDhCT09yRTVYQnJhU01xZlNRWHhwIn0.AGg2jPigJXs6Bw0yVqRC9Nt1NCb77vKYWiNJ7z4x3RM
DECODED PAYLOAD: {'exp': 1790181092, 'sub': 'user_3Hrwmz08BOOrE5XBraSMqfSQXxp'}
RECEIVED TOKEN: eyJhbGciOiJIUzI1NiIsInR5cCI6IkpXVCJ9.eyJleHAiOjE3OTAxODEwOTIsInN1YiI6InVzZXJfM0hyd216MDhCT09yRTVYQnJhU01xZlNRWHhwIn0.AGg2jPigJXs6Bw0yVqRC9Nt1NCb77vKYWiNJ7z4x3RM
DECODED PAYLOAD: {'exp': 1790181092, 'sub': 'user_3Hrwmz08BOOrE5XBraSMqfSQXxp'}
GET_CURRENT_USER: user_3Hrwmz08BOOrE5XBraSMqfSQXxp -> <app.models.core.User object at 0x0000017FFCEB0550>
REQUIRE_ADMIN: user_3Hrwmz08BOOrE5XBraSMqfSQXxp -> admin
GET_CURRENT_USER: user_3Hrwmz08BOOrE5XBraSMqfSQXxp -> <app.models.core.User object at 0x0000017FFCBC4050>
REQUIRE_ADMIN: user_3Hrwmz08BOOrE5XBraSMqfSQXxp -> admin
GET_CURRENT_USER: user_3Hrwmz08BOOrE5XBraSMqfSQXxp -> <app.models.core.User object at 0x0000017FFCEC8830>
RECEIVED TOKEN: eyJhbGciOiJIUzI1NiIsInR5cCI6IkpXVCJ9.eyJleHAiOjE3OTAxODEwOTIsInN1YiI6InVzZXJfM0hyd216MDhCT09yRTVYQnJhU01xZlNRWHhwIn0.AGg2jPigJXs6Bw0yVqRC9Nt1NCb77vKYWiNJ7z4x3RM
DECODED PAYLOAD: {'exp': 1790181092, 'sub': 'user_3Hrwmz08BOOrE5XBraSMqfSQXxp'}
GET_CURRENT_USER: user_3Hrwmz08BOOrE5XBraSMqfSQXxp -> <app.models.core.User object at 0x0000020A58387E00>
RECEIVED TOKEN: eyJhbGciOiJIUzI1NiIsInR5cCI6IkpXVCJ9.eyJleHAiOjE3OTAxODEwOTIsInN1YiI6InVzZXJfM0hyd216MDhCT09yRTVYQnJhU01xZlNRWHhwIn0.AGg2jPigJXs6Bw0yVqRC9Nt1NCb77vKYWiNJ7z4x3RM
DECODED PAYLOAD: {'exp': 1790181092, 'sub': 'user_3Hrwmz08BOOrE5XBraSMqfSQXxp'}
RECEIVED TOKEN: eyJhbGciOiJIUzI1NiIsInR5cCI6IkpXVCJ9.eyJleHAiOjE3OTAxODEwOTIsInN1YiI6InVzZXJfM0hyd216MDhCT09yRTVYQnJhU01xZlNRWHhwIn0.AGg2jPigJXs6Bw0yVqRC9Nt1NCb77vKYWiNJ7z4x3RM
DECODED PAYLOAD: {'exp': 1790181092, 'sub': 'user_3Hrwmz08BOOrE5XBraSMqfSQXxp'}
GET_CURRENT_USER: user_3Hrwmz08BOOrE5XBraSMqfSQXxp -> <app.models.core.User object at 0x0000020A59721BF0>
RECEIVED TOKEN: eyJhbGciOiJIUzI1NiIsInR5cCI6IkpXVCJ9.eyJleHAiOjE3OTAxODEwOTIsInN1YiI6InVzZXJfM0hyd216MDhCT09yRTVYQnJhU01xZlNRWHhwIn0.AGg2jPigJXs6Bw0yVqRC9Nt1NCb77vKYWiNJ7z4x3RM
DECODED PAYLOAD: {'exp': 1790181092, 'sub': 'user_3Hrwmz08BOOrE5XBraSMqfSQXxp'}
RECEIVED TOKEN: eyJhbGciOiJIUzI1NiIsInR5cCI6IkpXVCJ9.eyJleHAiOjE3OTAxODEwOTIsInN1YiI6InVzZXJfM0hyd216MDhCT09yRTVYQnJhU01xZlNRWHhwIn0.AGg2jPigJXs6Bw0yVqRC9Nt1NCb77vKYWiNJ7z4x3RM
DECODED PAYLOAD: {'exp': 1790181092, 'sub': 'user_3Hrwmz08BOOrE5XBraSMqfSQXxp'}
RECEIVED TOKEN: eyJhbGciOiJIUzI1NiIsInR5cCI6IkpXVCJ9.eyJleHAiOjE3OTAxODEwOTIsInN1YiI6InVzZXJfM0hyd216MDhCT09yRTVYQnJhU01xZlNRWHhwIn0.AGg2jPigJXs6Bw0yVqRC9Nt1NCb77vKYWiNJ7z4x3RM
DECODED PAYLOAD: {'exp': 1790181092, 'sub': 'user_3Hrwmz08BOOrE5XBraSMqfSQXxp'}
RECEIVED TOKEN: eyJhbGciOiJIUzI1NiIsInR5cCI6IkpXVCJ9.eyJleHAiOjE3OTAxODEwOTIsInN1YiI6InVzZXJfM0hyd216MDhCT09yRTVYQnJhU01xZlNRWHhwIn0.AGg2jPigJXs6Bw0yVqRC9Nt1NCb77vKYWiNJ7z4x3RM
DECODED PAYLOAD: {'exp': 1790181092, 'sub': 'user_3Hrwmz08BOOrE5XBraSMqfSQXxp'}
GET_CURRENT_USER: user_3Hrwmz08BOOrE5XBraSMqfSQXxp -> <app.models.core.User object at 0x0000020A597231E0>
GET_CURRENT_USER: user_3Hrwmz08BOOrE5XBraSMqfSQXxp -> <app.models.core.User object at 0x0000020A59723380>
REQUIRE_ADMIN: user_3Hrwmz08BOOrE5XBraSMqfSQXxp -> admin
GET_CURRENT_USER: user_3Hrwmz08BOOrE5XBraSMqfSQXxp -> <app.models.core.User object at 0x0000020A582FA000>
REQUIRE_ADMIN: user_3Hrwmz08BOOrE5XBraSMqfSQXxp -> admin
RECEIVED TOKEN: eyJhbGciOiJIUzI1NiIsInR5cCI6IkpXVCJ9.eyJleHAiOjE3OTAxODEwOTIsInN1YiI6InVzZXJfM0hyd216MDhCT09yRTVYQnJhU01xZlNRWHhwIn0.AGg2jPigJXs6Bw0yVqRC9Nt1NCb77vKYWiNJ7z4x3RM
DECODED PAYLOAD: {'exp': 1790181092, 'sub': 'user_3Hrwmz08BOOrE5XBraSMqfSQXxp'}
GET_CURRENT_USER: user_3Hrwmz08BOOrE5XBraSMqfSQXxp -> <app.models.core.User object at 0x0000020A597231E0>
RECEIVED TOKEN: eyJhbGciOiJIUzI1NiIsInR5cCI6IkpXVCJ9.eyJleHAiOjE3OTAxODEwOTIsInN1YiI6InVzZXJfM0hyd216MDhCT09yRTVYQnJhU01xZlNRWHhwIn0.AGg2jPigJXs6Bw0yVqRC9Nt1NCb77vKYWiNJ7z4x3RM
DECODED PAYLOAD: {'exp': 1790181092, 'sub': 'user_3Hrwmz08BOOrE5XBraSMqfSQXxp'}
RECEIVED TOKEN: eyJhbGciOiJIUzI1NiIsInR5cCI6IkpXVCJ9.eyJleHAiOjE3OTAxODEwOTIsInN1YiI6InVzZXJfM0hyd216MDhCT09yRTVYQnJhU01xZlNRWHhwIn0.AGg2jPigJXs6Bw0yVqRC9Nt1NCb77vKYWiNJ7z4x3RM
DECODED PAYLOAD: {'exp': 1790181092, 'sub': 'user_3Hrwmz08BOOrE5XBraSMqfSQXxp'}
GET_CURRENT_USER: user_3Hrwmz08BOOrE5XBraSMqfSQXxp -> <app.models.core.User object at 0x0000020A5838D300>
REQUIRE_ADMIN: user_3Hrwmz08BOOrE5XBraSMqfSQXxp -> admin
GET_CURRENT_USER: user_3Hrwmz08BOOrE5XBraSMqfSQXxp -> <app.models.core.User object at 0x0000020A5838D300>
REQUIRE_ADMIN: user_3Hrwmz08BOOrE5XBraSMqfSQXxp -> admin
RECEIVED TOKEN: eyJhbGciOiJIUzI1NiIsInR5cCI6IkpXVCJ9.eyJleHAiOjE3OTAxODEwOTIsInN1YiI6InVzZXJfM0hyd216MDhCT09yRTVYQnJhU01xZlNRWHhwIn0.AGg2jPigJXs6Bw0yVqRC9Nt1NCb77vKYWiNJ7z4x3RM
DECODED PAYLOAD: {'exp': 1790181092, 'sub': 'user_3Hrwmz08BOOrE5XBraSMqfSQXxp'}
RECEIVED TOKEN: eyJhbGciOiJIUzI1NiIsInR5cCI6IkpXVCJ9.eyJleHAiOjE3OTAxODEwOTIsInN1YiI6InVzZXJfM0hyd216MDhCT09yRTVYQnJhU01xZlNRWHhwIn0.AGg2jPigJXs6Bw0yVqRC9Nt1NCb77vKYWiNJ7z4x3RM
DECODED PAYLOAD: {'exp': 1790181092, 'sub': 'user_3Hrwmz08BOOrE5XBraSMqfSQXxp'}
RECEIVED TOKEN: eyJhbGciOiJIUzI1NiIsInR5cCI6IkpXVCJ9.eyJleHAiOjE3OTAxODEwOTIsInN1YiI6InVzZXJfM0hyd216MDhCT09yRTVYQnJhU01xZlNRWHhwIn0.AGg2jPigJXs6Bw0yVqRC9Nt1NCb77vKYWiNJ7z4x3RM
DECODED PAYLOAD: {'exp': 1790181092, 'sub': 'user_3Hrwmz08BOOrE5XBraSMqfSQXxp'}
RECEIVED TOKEN: eyJhbGciOiJIUzI1NiIsInR5cCI6IkpXVCJ9.eyJleHAiOjE3OTAxODEwOTIsInN1YiI6InVzZXJfM0hyd216MDhCT09yRTVYQnJhU01xZlNRWHhwIn0.AGg2jPigJXs6Bw0yVqRC9Nt1NCb77vKYWiNJ7z4x3RM
DECODED PAYLOAD: {'exp': 1790181092, 'sub': 'user_3Hrwmz08BOOrE5XBraSMqfSQXxp'}
GET_CURRENT_USER: user_3Hrwmz08BOOrE5XBraSMqfSQXxp -> <app.models.core.User object at 0x0000020A59723040>
REQUIRE_ADMIN: user_3Hrwmz08BOOrE5XBraSMqfSQXxp -> admin
GET_CURRENT_USER: user_3Hrwmz08BOOrE5XBraSMqfSQXxp -> <app.models.core.User object at 0x0000020A59721710>
REQUIRE_ADMIN: user_3Hrwmz08BOOrE5XBraSMqfSQXxp -> admin
GET_CURRENT_USER: user_3Hrwmz08BOOrE5XBraSMqfSQXxp -> <app.models.core.User object at 0x0000020A59722F70>
RECEIVED TOKEN: eyJhbGciOiJIUzI1NiIsInR5cCI6IkpXVCJ9.eyJleHAiOjE3OTAxODEwOTIsInN1YiI6InVzZXJfM0hyd216MDhCT09yRTVYQnJhU01xZlNRWHhwIn0.AGg2jPigJXs6Bw0yVqRC9Nt1NCb77vKYWiNJ7z4x3RM
DECODED PAYLOAD: {'exp': 1790181092, 'sub': 'user_3Hrwmz08BOOrE5XBraSMqfSQXxp'}
RECEIVED TOKEN: eyJhbGciOiJIUzI1NiIsInR5cCI6IkpXVCJ9.eyJleHAiOjE3OTAxODEwOTIsInN1YiI6InVzZXJfM0hyd216MDhCT09yRTVYQnJhU01xZlNRWHhwIn0.AGg2jPigJXs6Bw0yVqRC9Nt1NCb77vKYWiNJ7z4x3RM
DECODED PAYLOAD: {'exp': 1790181092, 'sub': 'user_3Hrwmz08BOOrE5XBraSMqfSQXxp'}
RECEIVED TOKEN: eyJhbGciOiJIUzI1NiIsInR5cCI6IkpXVCJ9.eyJleHAiOjE3OTAxODEwOTIsInN1YiI6InVzZXJfM0hyd216MDhCT09yRTVYQnJhU01xZlNRWHhwIn0.AGg2jPigJXs6Bw0yVqRC9Nt1NCb77vKYWiNJ7z4x3RM
DECODED PAYLOAD: {'exp': 1790181092, 'sub': 'user_3Hrwmz08BOOrE5XBraSMqfSQXxp'}
RECEIVED TOKEN: eyJhbGciOiJIUzI1NiIsInR5cCI6IkpXVCJ9.eyJleHAiOjE3OTAxODEwOTIsInN1YiI6InVzZXJfM0hyd216MDhCT09yRTVYQnJhU01xZlNRWHhwIn0.AGg2jPigJXs6Bw0yVqRC9Nt1NCb77vKYWiNJ7z4x3RM
DECODED PAYLOAD: {'exp': 1790181092, 'sub': 'user_3Hrwmz08BOOrE5XBraSMqfSQXxp'}
GET_CURRENT_USER: user_3Hrwmz08BOOrE5XBraSMqfSQXxp -> <app.models.core.User object at 0x0000020A59722DD0>
REQUIRE_ADMIN: user_3Hrwmz08BOOrE5XBraSMqfSQXxp -> admin
GET_CURRENT_USER: user_3Hrwmz08BOOrE5XBraSMqfSQXxp -> <app.models.core.User object at 0x0000020A59720FC0>
REQUIRE_ADMIN: user_3Hrwmz08BOOrE5XBraSMqfSQXxp -> admin
GET_CURRENT_USER: user_3Hrwmz08BOOrE5XBraSMqfSQXxp -> <app.models.core.User object at 0x0000020A597231E0>
RECEIVED TOKEN: eyJhbGciOiJIUzI1NiIsInR5cCI6IkpXVCJ9.eyJleHAiOjE3OTAxODEwOTIsInN1YiI6InVzZXJfM0hyd216MDhCT09yRTVYQnJhU01xZlNRWHhwIn0.AGg2jPigJXs6Bw0yVqRC9Nt1NCb77vKYWiNJ7z4x3RM
DECODED PAYLOAD: {'exp': 1790181092, 'sub': 'user_3Hrwmz08BOOrE5XBraSMqfSQXxp'}
GET_CURRENT_USER: user_3Hrwmz08BOOrE5XBraSMqfSQXxp -> <app.models.core.User object at 0x000002142A652660>
RECEIVED TOKEN: eyJhbGciOiJIUzI1NiIsInR5cCI6IkpXVCJ9.eyJleHAiOjE3OTAxODEwOTIsInN1YiI6InVzZXJfM0hyd216MDhCT09yRTVYQnJhU01xZlNRWHhwIn0.AGg2jPigJXs6Bw0yVqRC9Nt1NCb77vKYWiNJ7z4x3RM
DECODED PAYLOAD: {'exp': 1790181092, 'sub': 'user_3Hrwmz08BOOrE5XBraSMqfSQXxp'}
GET_CURRENT_USER: user_3Hrwmz08BOOrE5XBraSMqfSQXxp -> <app.models.core.User object at 0x000002142A7D6A50>
RECEIVED TOKEN: eyJhbGciOiJIUzI1NiIsInR5cCI6IkpXVCJ9.eyJleHAiOjE3OTAxODEwOTIsInN1YiI6InVzZXJfM0hyd216MDhCT09yRTVYQnJhU01xZlNRWHhwIn0.AGg2jPigJXs6Bw0yVqRC9Nt1NCb77vKYWiNJ7z4x3RM
DECODED PAYLOAD: {'exp': 1790181092, 'sub': 'user_3Hrwmz08BOOrE5XBraSMqfSQXxp'}
RECEIVED TOKEN: eyJhbGciOiJIUzI1NiIsInR5cCI6IkpXVCJ9.eyJleHAiOjE3OTAxODEwOTIsInN1YiI6InVzZXJfM0hyd216MDhCT09yRTVYQnJhU01xZlNRWHhwIn0.AGg2jPigJXs6Bw0yVqRC9Nt1NCb77vKYWiNJ7z4x3RM
DECODED PAYLOAD: {'exp': 1790181092, 'sub': 'user_3Hrwmz08BOOrE5XBraSMqfSQXxp'}
GET_CURRENT_USER: user_3Hrwmz08BOOrE5XBraSMqfSQXxp -> <app.models.core.User object at 0x000002142B9B5B20>
RECEIVED TOKEN: eyJhbGciOiJIUzI1NiIsInR5cCI6IkpXVCJ9.eyJleHAiOjE3OTAxODEwOTIsInN1YiI6InVzZXJfM0hyd216MDhCT09yRTVYQnJhU01xZlNRWHhwIn0.AGg2jPigJXs6Bw0yVqRC9Nt1NCb77vKYWiNJ7z4x3RM
DECODED PAYLOAD: {'exp': 1790181092, 'sub': 'user_3Hrwmz08BOOrE5XBraSMqfSQXxp'}
GET_CURRENT_USER: user_3Hrwmz08BOOrE5XBraSMqfSQXxp -> <app.models.core.User object at 0x000002142A6324E0>
RECEIVED TOKEN: eyJhbGciOiJIUzI1NiIsInR5cCI6IkpXVCJ9.eyJleHAiOjE3OTAxODEwOTIsInN1YiI6InVzZXJfM0hyd216MDhCT09yRTVYQnJhU01xZlNRWHhwIn0.AGg2jPigJXs6Bw0yVqRC9Nt1NCb77vKYWiNJ7z4x3RM
DECODED PAYLOAD: {'exp': 1790181092, 'sub': 'user_3Hrwmz08BOOrE5XBraSMqfSQXxp'}
RECEIVED TOKEN: eyJhbGciOiJIUzI1NiIsInR5cCI6IkpXVCJ9.eyJleHAiOjE3OTAxODEwOTIsInN1YiI6InVzZXJfM0hyd216MDhCT09yRTVYQnJhU01xZlNRWHhwIn0.AGg2jPigJXs6Bw0yVqRC9Nt1NCb77vKYWiNJ7z4x3RM
DECODED PAYLOAD: {'exp': 1790181092, 'sub': 'user_3Hrwmz08BOOrE5XBraSMqfSQXxp'}
GET_CURRENT_USER: user_3Hrwmz08BOOrE5XBraSMqfSQXxp -> <app.models.core.User object at 0x000002142B9B4A10>
REQUIRE_ADMIN: user_3Hrwmz08BOOrE5XBraSMqfSQXxp -> admin
GET_CURRENT_USER: user_3Hrwmz08BOOrE5XBraSMqfSQXxp -> <app.models.core.User object at 0x000002142B9B4FC0>
REQUIRE_ADMIN: user_3Hrwmz08BOOrE5XBraSMqfSQXxp -> admin
RECEIVED TOKEN: eyJhbGciOiJIUzI1NiIsInR5cCI6IkpXVCJ9.eyJleHAiOjE3OTAxODEwOTIsInN1YiI6InVzZXJfM0hyd216MDhCT09yRTVYQnJhU01xZlNRWHhwIn0.AGg2jPigJXs6Bw0yVqRC9Nt1NCb77vKYWiNJ7z4x3RM
DECODED PAYLOAD: {'exp': 1790181092, 'sub': 'user_3Hrwmz08BOOrE5XBraSMqfSQXxp'}
RECEIVED TOKEN: eyJhbGciOiJIUzI1NiIsInR5cCI6IkpXVCJ9.eyJleHAiOjE3OTAxODEwOTIsInN1YiI6InVzZXJfM0hyd216MDhCT09yRTVYQnJhU01xZlNRWHhwIn0.AGg2jPigJXs6Bw0yVqRC9Nt1NCb77vKYWiNJ7z4x3RM
DECODED PAYLOAD: {'exp': 1790181092, 'sub': 'user_3Hrwmz08BOOrE5XBraSMqfSQXxp'}
GET_CURRENT_USER: user_3Hrwmz08BOOrE5XBraSMqfSQXxp -> <app.models.core.User object at 0x000002142A5B3D40>
REQUIRE_ADMIN: user_3Hrwmz08BOOrE5XBraSMqfSQXxp -> admin
GET_CURRENT_USER: user_3Hrwmz08BOOrE5XBraSMqfSQXxp -> <app.models.core.User object at 0x000002142B9B6410>
REQUIRE_ADMIN: user_3Hrwmz08BOOrE5XBraSMqfSQXxp -> admin
RECEIVED TOKEN: eyJhbGciOiJIUzI1NiIsInR5cCI6IkpXVCJ9.eyJleHAiOjE3OTAxODEwOTIsInN1YiI6InVzZXJfM0hyd216MDhCT09yRTVYQnJhU01xZlNRWHhwIn0.AGg2jPigJXs6Bw0yVqRC9Nt1NCb77vKYWiNJ7z4x3RM
DECODED PAYLOAD: {'exp': 1790181092, 'sub': 'user_3Hrwmz08BOOrE5XBraSMqfSQXxp'}
RECEIVED TOKEN: eyJhbGciOiJIUzI1NiIsInR5cCI6IkpXVCJ9.eyJleHAiOjE3OTAxODEwOTIsInN1YiI6InVzZXJfM0hyd216MDhCT09yRTVYQnJhU01xZlNRWHhwIn0.AGg2jPigJXs6Bw0yVqRC9Nt1NCb77vKYWiNJ7z4x3RM
DECODED PAYLOAD: {'exp': 1790181092, 'sub': 'user_3Hrwmz08BOOrE5XBraSMqfSQXxp'}
RECEIVED TOKEN: eyJhbGciOiJIUzI1NiIsInR5cCI6IkpXVCJ9.eyJleHAiOjE3OTAxODEwOTIsInN1YiI6InVzZXJfM0hyd216MDhCT09yRTVYQnJhU01xZlNRWHhwIn0.AGg2jPigJXs6Bw0yVqRC9Nt1NCb77vKYWiNJ7z4x3RM
DECODED PAYLOAD: {'exp': 1790181092, 'sub': 'user_3Hrwmz08BOOrE5XBraSMqfSQXxp'}
RECEIVED TOKEN: eyJhbGciOiJIUzI1NiIsInR5cCI6IkpXVCJ9.eyJleHAiOjE3OTAxODEwOTIsInN1YiI6InVzZXJfM0hyd216MDhCT09yRTVYQnJhU01xZlNRWHhwIn0.AGg2jPigJXs6Bw0yVqRC9Nt1NCb77vKYWiNJ7z4x3RM
DECODED PAYLOAD: {'exp': 1790181092, 'sub': 'user_3Hrwmz08BOOrE5XBraSMqfSQXxp'}
GET_CURRENT_USER: user_3Hrwmz08BOOrE5XBraSMqfSQXxp -> <app.models.core.User object at 0x000002142B9B6340>
REQUIRE_ADMIN: user_3Hrwmz08BOOrE5XBraSMqfSQXxp -> admin
GET_CURRENT_USER: user_3Hrwmz08BOOrE5XBraSMqfSQXxp -> <app.models.core.User object at 0x000002142B9B4FC0>
REQUIRE_ADMIN: user_3Hrwmz08BOOrE5XBraSMqfSQXxp -> admin
GET_CURRENT_USER: user_3Hrwmz08BOOrE5XBraSMqfSQXxp -> <app.models.core.User object at 0x000002142B9B5A50>
RECEIVED TOKEN: eyJhbGciOiJIUzI1NiIsInR5cCI6IkpXVCJ9.eyJleHAiOjE3OTAxODEwOTIsInN1YiI6InVzZXJfM0hyd216MDhCT09yRTVYQnJhU01xZlNRWHhwIn0.AGg2jPigJXs6Bw0yVqRC9Nt1NCb77vKYWiNJ7z4x3RM
DECODED PAYLOAD: {'exp': 1790181092, 'sub': 'user_3Hrwmz08BOOrE5XBraSMqfSQXxp'}
RECEIVED TOKEN: eyJhbGciOiJIUzI1NiIsInR5cCI6IkpXVCJ9.eyJleHAiOjE3OTAxODEwOTIsInN1YiI6InVzZXJfM0hyd216MDhCT09yRTVYQnJhU01xZlNRWHhwIn0.AGg2jPigJXs6Bw0yVqRC9Nt1NCb77vKYWiNJ7z4x3RM
DECODED PAYLOAD: {'exp': 1790181092, 'sub': 'user_3Hrwmz08BOOrE5XBraSMqfSQXxp'}
RECEIVED TOKEN: eyJhbGciOiJIUzI1NiIsInR5cCI6IkpXVCJ9.eyJleHAiOjE3OTAxODEwOTIsInN1YiI6InVzZXJfM0hyd216MDhCT09yRTVYQnJhU01xZlNRWHhwIn0.AGg2jPigJXs6Bw0yVqRC9Nt1NCb77vKYWiNJ7z4x3RM
DECODED PAYLOAD: {'exp': 1790181092, 'sub': 'user_3Hrwmz08BOOrE5XBraSMqfSQXxp'}
RECEIVED TOKEN: eyJhbGciOiJIUzI1NiIsInR5cCI6IkpXVCJ9.eyJleHAiOjE3OTAxODEwOTIsInN1YiI6InVzZXJfM0hyd216MDhCT09yRTVYQnJhU01xZlNRWHhwIn0.AGg2jPigJXs6Bw0yVqRC9Nt1NCb77vKYWiNJ7z4x3RM
DECODED PAYLOAD: {'exp': 1790181092, 'sub': 'user_3Hrwmz08BOOrE5XBraSMqfSQXxp'}
GET_CURRENT_USER: user_3Hrwmz08BOOrE5XBraSMqfSQXxp -> <app.models.core.User object at 0x000002142B9B5E60>
REQUIRE_ADMIN: user_3Hrwmz08BOOrE5XBraSMqfSQXxp -> admin
GET_CURRENT_USER: user_3Hrwmz08BOOrE5XBraSMqfSQXxp -> <app.models.core.User object at 0x000002142B9B4FC0>
REQUIRE_ADMIN: user_3Hrwmz08BOOrE5XBraSMqfSQXxp -> admin
GET_CURRENT_USER: user_3Hrwmz08BOOrE5XBraSMqfSQXxp -> <app.models.core.User object at 0x000002142B9B5CC0>
RECEIVED TOKEN: eyJhbGciOiJIUzI1NiIsInR5cCI6IkpXVCJ9.eyJleHAiOjE3OTAxODEwOTIsInN1YiI6InVzZXJfM0hyd216MDhCT09yRTVYQnJhU01xZlNRWHhwIn0.AGg2jPigJXs6Bw0yVqRC9Nt1NCb77vKYWiNJ7z4x3RM
DECODED PAYLOAD: {'exp': 1790181092, 'sub': 'user_3Hrwmz08BOOrE5XBraSMqfSQXxp'}
GET_CURRENT_USER: user_3Hrwmz08BOOrE5XBraSMqfSQXxp -> <app.models.core.User object at 0x000002142B9B4A10>
RECEIVED TOKEN: eyJhbGciOiJIUzI1NiIsInR5cCI6IkpXVCJ9.eyJleHAiOjE3OTAxODEwOTIsInN1YiI6InVzZXJfM0hyd216MDhCT09yRTVYQnJhU01xZlNRWHhwIn0.AGg2jPigJXs6Bw0yVqRC9Nt1NCb77vKYWiNJ7z4x3RM
DECODED PAYLOAD: {'exp': 1790181092, 'sub': 'user_3Hrwmz08BOOrE5XBraSMqfSQXxp'}
GET_CURRENT_USER: user_3Hrwmz08BOOrE5XBraSMqfSQXxp -> <app.models.core.User object at 0x000002142B9B5710>
RECEIVED TOKEN: eyJhbGciOiJIUzI1NiIsInR5cCI6IkpXVCJ9.eyJleHAiOjE3OTAxODEwOTIsInN1YiI6InVzZXJfM0hyd216MDhCT09yRTVYQnJhU01xZlNRWHhwIn0.AGg2jPigJXs6Bw0yVqRC9Nt1NCb77vKYWiNJ7z4x3RM
DECODED PAYLOAD: {'exp': 1790181092, 'sub': 'user_3Hrwmz08BOOrE5XBraSMqfSQXxp'}
RECEIVED TOKEN: eyJhbGciOiJIUzI1NiIsInR5cCI6IkpXVCJ9.eyJleHAiOjE3OTAxODEwOTIsInN1YiI6InVzZXJfM0hyd216MDhCT09yRTVYQnJhU01xZlNRWHhwIn0.AGg2jPigJXs6Bw0yVqRC9Nt1NCb77vKYWiNJ7z4x3RM
DECODED PAYLOAD: {'exp': 1790181092, 'sub': 'user_3Hrwmz08BOOrE5XBraSMqfSQXxp'}
RECEIVED TOKEN: eyJhbGciOiJIUzI1NiIsInR5cCI6IkpXVCJ9.eyJleHAiOjE3OTAxODEwOTIsInN1YiI6InVzZXJfM0hyd216MDhCT09yRTVYQnJhU01xZlNRWHhwIn0.AGg2jPigJXs6Bw0yVqRC9Nt1NCb77vKYWiNJ7z4x3RM
DECODED PAYLOAD: {'exp': 1790181092, 'sub': 'user_3Hrwmz08BOOrE5XBraSMqfSQXxp'}
RECEIVED TOKEN: eyJhbGciOiJIUzI1NiIsInR5cCI6IkpXVCJ9.eyJleHAiOjE3OTAxODEwOTIsInN1YiI6InVzZXJfM0hyd216MDhCT09yRTVYQnJhU01xZlNRWHhwIn0.AGg2jPigJXs6Bw0yVqRC9Nt1NCb77vKYWiNJ7z4x3RM
DECODED PAYLOAD: {'exp': 1790181092, 'sub': 'user_3Hrwmz08BOOrE5XBraSMqfSQXxp'}
GET_CURRENT_USER: user_3Hrwmz08BOOrE5XBraSMqfSQXxp -> <app.models.core.User object at 0x000002142B9B7380>
REQUIRE_ADMIN: user_3Hrwmz08BOOrE5XBraSMqfSQXxp -> admin
GET_CURRENT_USER: user_3Hrwmz08BOOrE5XBraSMqfSQXxp -> <app.models.core.User object at 0x000002142B9B69C0>
REQUIRE_ADMIN: user_3Hrwmz08BOOrE5XBraSMqfSQXxp -> admin
GET_CURRENT_USER: user_3Hrwmz08BOOrE5XBraSMqfSQXxp -> <app.models.core.User object at 0x000002142B9B7110>
RECEIVED TOKEN: eyJhbGciOiJIUzI1NiIsInR5cCI6IkpXVCJ9.eyJleHAiOjE3OTAxODEwOTIsInN1YiI6InVzZXJfM0hyd216MDhCT09yRTVYQnJhU01xZlNRWHhwIn0.AGg2jPigJXs6Bw0yVqRC9Nt1NCb77vKYWiNJ7z4x3RM
DECODED PAYLOAD: {'exp': 1790181092, 'sub': 'user_3Hrwmz08BOOrE5XBraSMqfSQXxp'}
RECEIVED TOKEN: eyJhbGciOiJIUzI1NiIsInR5cCI6IkpXVCJ9.eyJleHAiOjE3OTAxODEwOTIsInN1YiI6InVzZXJfM0hyd216MDhCT09yRTVYQnJhU01xZlNRWHhwIn0.AGg2jPigJXs6Bw0yVqRC9Nt1NCb77vKYWiNJ7z4x3RM
DECODED PAYLOAD: {'exp': 1790181092, 'sub': 'user_3Hrwmz08BOOrE5XBraSMqfSQXxp'}
RECEIVED TOKEN: eyJhbGciOiJIUzI1NiIsInR5cCI6IkpXVCJ9.eyJleHAiOjE3OTAxODEwOTIsInN1YiI6InVzZXJfM0hyd216MDhCT09yRTVYQnJhU01xZlNRWHhwIn0.AGg2jPigJXs6Bw0yVqRC9Nt1NCb77vKYWiNJ7z4x3RM
DECODED PAYLOAD: {'exp': 1790181092, 'sub': 'user_3Hrwmz08BOOrE5XBraSMqfSQXxp'}
GET_CURRENT_USER: user_3Hrwmz08BOOrE5XBraSMqfSQXxp -> <app.models.core.User object at 0x000002142B9B7D40>
REQUIRE_ADMIN: user_3Hrwmz08BOOrE5XBraSMqfSQXxp -> admin
GET_CURRENT_USER: user_3Hrwmz08BOOrE5XBraSMqfSQXxp -> <app.models.core.User object at 0x000002142B9B7450>
GET_CURRENT_USER: user_3Hrwmz08BOOrE5XBraSMqfSQXxp -> <app.models.core.User object at 0x000002142B9B7A00>
REQUIRE_ADMIN: user_3Hrwmz08BOOrE5XBraSMqfSQXxp -> admin
RECEIVED TOKEN: eyJhbGciOiJIUzI1NiIsInR5cCI6IkpXVCJ9.eyJleHAiOjE3OTAxODEwOTIsInN1YiI6InVzZXJfM0hyd216MDhCT09yRTVYQnJhU01xZlNRWHhwIn0.AGg2jPigJXs6Bw0yVqRC9Nt1NCb77vKYWiNJ7z4x3RM
DECODED PAYLOAD: {'exp': 1790181092, 'sub': 'user_3Hrwmz08BOOrE5XBraSMqfSQXxp'}
RECEIVED TOKEN: eyJhbGciOiJIUzI1NiIsInR5cCI6IkpXVCJ9.eyJleHAiOjE3OTAxODEwOTIsInN1YiI6InVzZXJfM0hyd216MDhCT09yRTVYQnJhU01xZlNRWHhwIn0.AGg2jPigJXs6Bw0yVqRC9Nt1NCb77vKYWiNJ7z4x3RM
DECODED PAYLOAD: {'exp': 1790181092, 'sub': 'user_3Hrwmz08BOOrE5XBraSMqfSQXxp'}
RECEIVED TOKEN: eyJhbGciOiJIUzI1NiIsInR5cCI6IkpXVCJ9.eyJleHAiOjE3OTAxODEwOTIsInN1YiI6InVzZXJfM0hyd216MDhCT09yRTVYQnJhU01xZlNRWHhwIn0.AGg2jPigJXs6Bw0yVqRC9Nt1NCb77vKYWiNJ7z4x3RM
DECODED PAYLOAD: {'exp': 1790181092, 'sub': 'user_3Hrwmz08BOOrE5XBraSMqfSQXxp'}
RECEIVED TOKEN: eyJhbGciOiJIUzI1NiIsInR5cCI6IkpXVCJ9.eyJleHAiOjE3OTAxODEwOTIsInN1YiI6InVzZXJfM0hyd216MDhCT09yRTVYQnJhU01xZlNRWHhwIn0.AGg2jPigJXs6Bw0yVqRC9Nt1NCb77vKYWiNJ7z4x3RM
DECODED PAYLOAD: {'exp': 1790181092, 'sub': 'user_3Hrwmz08BOOrE5XBraSMqfSQXxp'}
GET_CURRENT_USER: user_3Hrwmz08BOOrE5XBraSMqfSQXxp -> <app.models.core.User object at 0x000002142B9B71E0>
REQUIRE_ADMIN: user_3Hrwmz08BOOrE5XBraSMqfSQXxp -> admin
GET_CURRENT_USER: user_3Hrwmz08BOOrE5XBraSMqfSQXxp -> <app.models.core.User object at 0x000002142B9B7380>
REQUIRE_ADMIN: user_3Hrwmz08BOOrE5XBraSMqfSQXxp -> admin
GET_CURRENT_USER: user_3Hrwmz08BOOrE5XBraSMqfSQXxp -> <app.models.core.User object at 0x000002142B9B6DD0>
RECEIVED TOKEN: eyJhbGciOiJIUzI1NiIsInR5cCI6IkpXVCJ9.eyJleHAiOjE3OTAxODEwOTIsInN1YiI6InVzZXJfM0hyd216MDhCT09yRTVYQnJhU01xZlNRWHhwIn0.AGg2jPigJXs6Bw0yVqRC9Nt1NCb77vKYWiNJ7z4x3RM
DECODED PAYLOAD: {'exp': 1790181092, 'sub': 'user_3Hrwmz08BOOrE5XBraSMqfSQXxp'}
RECEIVED TOKEN: eyJhbGciOiJIUzI1NiIsInR5cCI6IkpXVCJ9.eyJleHAiOjE3OTAxODEwOTIsInN1YiI6InVzZXJfM0hyd216MDhCT09yRTVYQnJhU01xZlNRWHhwIn0.AGg2jPigJXs6Bw0yVqRC9Nt1NCb77vKYWiNJ7z4x3RM
DECODED PAYLOAD: {'exp': 1790181092, 'sub': 'user_3Hrwmz08BOOrE5XBraSMqfSQXxp'}
GET_CURRENT_USER: user_3Hrwmz08BOOrE5XBraSMqfSQXxp -> <app.models.core.User object at 0x000002142B9B6820>
REQUIRE_ADMIN: user_3Hrwmz08BOOrE5XBraSMqfSQXxp -> admin
GET_CURRENT_USER: user_3Hrwmz08BOOrE5XBraSMqfSQXxp -> <app.models.core.User object at 0x000002142B9B6B60>
REQUIRE_ADMIN: user_3Hrwmz08BOOrE5XBraSMqfSQXxp -> admin
RECEIVED TOKEN: eyJhbGciOiJIUzI1NiIsInR5cCI6IkpXVCJ9.eyJleHAiOjE3OTAxODEwOTIsInN1YiI6InVzZXJfM0hyd216MDhCT09yRTVYQnJhU01xZlNRWHhwIn0.AGg2jPigJXs6Bw0yVqRC9Nt1NCb77vKYWiNJ7z4x3RM
DECODED PAYLOAD: {'exp': 1790181092, 'sub': 'user_3Hrwmz08BOOrE5XBraSMqfSQXxp'}
RECEIVED TOKEN: eyJhbGciOiJIUzI1NiIsInR5cCI6IkpXVCJ9.eyJleHAiOjE3OTAxODEwOTIsInN1YiI6InVzZXJfM0hyd216MDhCT09yRTVYQnJhU01xZlNRWHhwIn0.AGg2jPigJXs6Bw0yVqRC9Nt1NCb77vKYWiNJ7z4x3RM
DECODED PAYLOAD: {'exp': 1790181092, 'sub': 'user_3Hrwmz08BOOrE5XBraSMqfSQXxp'}
RECEIVED TOKEN: eyJhbGciOiJIUzI1NiIsInR5cCI6IkpXVCJ9.eyJleHAiOjE3OTAxODEwOTIsInN1YiI6InVzZXJfM0hyd216MDhCT09yRTVYQnJhU01xZlNRWHhwIn0.AGg2jPigJXs6Bw0yVqRC9Nt1NCb77vKYWiNJ7z4x3RM
DECODED PAYLOAD: {'exp': 1790181092, 'sub': 'user_3Hrwmz08BOOrE5XBraSMqfSQXxp'}
RECEIVED TOKEN: eyJhbGciOiJIUzI1NiIsInR5cCI6IkpXVCJ9.eyJleHAiOjE3OTAxODEwOTIsInN1YiI6InVzZXJfM0hyd216MDhCT09yRTVYQnJhU01xZlNRWHhwIn0.AGg2jPigJXs6Bw0yVqRC9Nt1NCb77vKYWiNJ7z4x3RM
DECODED PAYLOAD: {'exp': 1790181092, 'sub': 'user_3Hrwmz08BOOrE5XBraSMqfSQXxp'}
GET_CURRENT_USER: user_3Hrwmz08BOOrE5XBraSMqfSQXxp -> <app.models.core.User object at 0x000002142B9B7EE0>
REQUIRE_ADMIN: user_3Hrwmz08BOOrE5XBraSMqfSQXxp -> admin
GET_CURRENT_USER: user_3Hrwmz08BOOrE5XBraSMqfSQXxp -> <app.models.core.User object at 0x000002142B9B7040>
REQUIRE_ADMIN: user_3Hrwmz08BOOrE5XBraSMqfSQXxp -> admin
GET_CURRENT_USER: user_3Hrwmz08BOOrE5XBraSMqfSQXxp -> <app.models.core.User object at 0x000002142B9B6F70>
REQUIRE_ADMIN: user_3Hrwmz08BOOrE5XBraSMqfSQXxp -> admin
GET_CURRENT_USER: user_3Hrwmz08BOOrE5XBraSMqfSQXxp -> <app.models.core.User object at 0x000002142B9B7C70>
REQUIRE_ADMIN: user_3Hrwmz08BOOrE5XBraSMqfSQXxp -> admin
RECEIVED TOKEN: eyJhbGciOiJIUzI1NiIsInR5cCI6IkpXVCJ9.eyJleHAiOjE3OTAxODEwOTIsInN1YiI6InVzZXJfM0hyd216MDhCT09yRTVYQnJhU01xZlNRWHhwIn0.AGg2jPigJXs6Bw0yVqRC9Nt1NCb77vKYWiNJ7z4x3RM
DECODED PAYLOAD: {'exp': 1790181092, 'sub': 'user_3Hrwmz08BOOrE5XBraSMqfSQXxp'}
RECEIVED TOKEN: eyJhbGciOiJIUzI1NiIsInR5cCI6IkpXVCJ9.eyJleHAiOjE3OTAxODEwOTIsInN1YiI6InVzZXJfM0hyd216MDhCT09yRTVYQnJhU01xZlNRWHhwIn0.AGg2jPigJXs6Bw0yVqRC9Nt1NCb77vKYWiNJ7z4x3RM
DECODED PAYLOAD: {'exp': 1790181092, 'sub': 'user_3Hrwmz08BOOrE5XBraSMqfSQXxp'}
RECEIVED TOKEN: eyJhbGciOiJIUzI1NiIsInR5cCI6IkpXVCJ9.eyJleHAiOjE3OTAxODEwOTIsInN1YiI6InVzZXJfM0hyd216MDhCT09yRTVYQnJhU01xZlNRWHhwIn0.AGg2jPigJXs6Bw0yVqRC9Nt1NCb77vKYWiNJ7z4x3RM
DECODED PAYLOAD: {'exp': 1790181092, 'sub': 'user_3Hrwmz08BOOrE5XBraSMqfSQXxp'}
RECEIVED TOKEN: eyJhbGciOiJIUzI1NiIsInR5cCI6IkpXVCJ9.eyJleHAiOjE3OTAxODEwOTIsInN1YiI6InVzZXJfM0hyd216MDhCT09yRTVYQnJhU01xZlNRWHhwIn0.AGg2jPigJXs6Bw0yVqRC9Nt1NCb77vKYWiNJ7z4x3RM
DECODED PAYLOAD: {'exp': 1790181092, 'sub': 'user_3Hrwmz08BOOrE5XBraSMqfSQXxp'}
GET_CURRENT_USER: user_3Hrwmz08BOOrE5XBraSMqfSQXxp -> <app.models.core.User object at 0x000002142B9B6410>
REQUIRE_ADMIN: user_3Hrwmz08BOOrE5XBraSMqfSQXxp -> admin
GET_CURRENT_USER: user_3Hrwmz08BOOrE5XBraSMqfSQXxp -> <app.models.core.User object at 0x000002142B9B5640>
REQUIRE_ADMIN: user_3Hrwmz08BOOrE5XBraSMqfSQXxp -> admin
GET_CURRENT_USER: user_3Hrwmz08BOOrE5XBraSMqfSQXxp -> <app.models.core.User object at 0x000002142B9B6680>
RECEIVED TOKEN: eyJhbGciOiJIUzI1NiIsInR5cCI6IkpXVCJ9.eyJleHAiOjE3OTAxODEwOTIsInN1YiI6InVzZXJfM0hyd216MDhCT09yRTVYQnJhU01xZlNRWHhwIn0.AGg2jPigJXs6Bw0yVqRC9Nt1NCb77vKYWiNJ7z4x3RM
DECODED PAYLOAD: {'exp': 1790181092, 'sub': 'user_3Hrwmz08BOOrE5XBraSMqfSQXxp'}
GET_CURRENT_USER: user_3Hrwmz08BOOrE5XBraSMqfSQXxp -> <app.models.core.User object at 0x000002142B9B6410>
RECEIVED TOKEN: eyJhbGciOiJIUzI1NiIsInR5cCI6IkpXVCJ9.eyJleHAiOjE3OTAxODEwOTIsInN1YiI6InVzZXJfM0hyd216MDhCT09yRTVYQnJhU01xZlNRWHhwIn0.AGg2jPigJXs6Bw0yVqRC9Nt1NCb77vKYWiNJ7z4x3RM
DECODED PAYLOAD: {'exp': 1790181092, 'sub': 'user_3Hrwmz08BOOrE5XBraSMqfSQXxp'}
GET_CURRENT_USER: user_3Hrwmz08BOOrE5XBraSMqfSQXxp -> <app.models.core.User object at 0x000002142B9B6410>
RECEIVED TOKEN: eyJhbGciOiJIUzI1NiIsInR5cCI6IkpXVCJ9.eyJleHAiOjE3OTAxODEwOTIsInN1YiI6InVzZXJfM0hyd216MDhCT09yRTVYQnJhU01xZlNRWHhwIn0.AGg2jPigJXs6Bw0yVqRC9Nt1NCb77vKYWiNJ7z4x3RM
DECODED PAYLOAD: {'exp': 1790181092, 'sub': 'user_3Hrwmz08BOOrE5XBraSMqfSQXxp'}
GET_CURRENT_USER: user_3Hrwmz08BOOrE5XBraSMqfSQXxp -> <app.models.core.User object at 0x000002142B9B6340>
RECEIVED TOKEN: eyJhbGciOiJIUzI1NiIsInR5cCI6IkpXVCJ9.eyJleHAiOjE3OTAxODEwOTIsInN1YiI6InVzZXJfM0hyd216MDhCT09yRTVYQnJhU01xZlNRWHhwIn0.AGg2jPigJXs6Bw0yVqRC9Nt1NCb77vKYWiNJ7z4x3RM
DECODED PAYLOAD: {'exp': 1790181092, 'sub': 'user_3Hrwmz08BOOrE5XBraSMqfSQXxp'}
RECEIVED TOKEN: eyJhbGciOiJIUzI1NiIsInR5cCI6IkpXVCJ9.eyJleHAiOjE3OTAxODEwOTIsInN1YiI6InVzZXJfM0hyd216MDhCT09yRTVYQnJhU01xZlNRWHhwIn0.AGg2jPigJXs6Bw0yVqRC9Nt1NCb77vKYWiNJ7z4x3RM
DECODED PAYLOAD: {'exp': 1790181092, 'sub': 'user_3Hrwmz08BOOrE5XBraSMqfSQXxp'}
GET_CURRENT_USER: user_3Hrwmz08BOOrE5XBraSMqfSQXxp -> <app.models.core.User object at 0x000002142BAC8EF0>
RECEIVED TOKEN: eyJhbGciOiJIUzI1NiIsInR5cCI6IkpXVCJ9.eyJleHAiOjE3OTAxODEwOTIsInN1YiI6InVzZXJfM0hyd216MDhCT09yRTVYQnJhU01xZlNRWHhwIn0.AGg2jPigJXs6Bw0yVqRC9Nt1NCb77vKYWiNJ7z4x3RM
DECODED PAYLOAD: {'exp': 1790181092, 'sub': 'user_3Hrwmz08BOOrE5XBraSMqfSQXxp'}
GET_CURRENT_USER: user_3Hrwmz08BOOrE5XBraSMqfSQXxp -> <app.models.core.User object at 0x000002142B9B58B0>
RECEIVED TOKEN: eyJhbGciOiJIUzI1NiIsInR5cCI6IkpXVCJ9.eyJleHAiOjE3OTAxODEwOTIsInN1YiI6InVzZXJfM0hyd216MDhCT09yRTVYQnJhU01xZlNRWHhwIn0.AGg2jPigJXs6Bw0yVqRC9Nt1NCb77vKYWiNJ7z4x3RM
DECODED PAYLOAD: {'exp': 1790181092, 'sub': 'user_3Hrwmz08BOOrE5XBraSMqfSQXxp'}
GET_CURRENT_USER: user_3Hrwmz08BOOrE5XBraSMqfSQXxp -> <app.models.core.User object at 0x000002142A5B3D40>
RECEIVED TOKEN: eyJhbGciOiJIUzI1NiIsInR5cCI6IkpXVCJ9.eyJleHAiOjE3OTAxODEwOTIsInN1YiI6InVzZXJfM0hyd216MDhCT09yRTVYQnJhU01xZlNRWHhwIn0.AGg2jPigJXs6Bw0yVqRC9Nt1NCb77vKYWiNJ7z4x3RM
DECODED PAYLOAD: {'exp': 1790181092, 'sub': 'user_3Hrwmz08BOOrE5XBraSMqfSQXxp'}
GET_CURRENT_USER: user_3Hrwmz08BOOrE5XBraSMqfSQXxp -> <app.models.core.User object at 0x000002142A5B3D40>
RECEIVED TOKEN: eyJhbGciOiJIUzI1NiIsInR5cCI6IkpXVCJ9.eyJleHAiOjE3OTAxODEwOTIsInN1YiI6InVzZXJfM0hyd216MDhCT09yRTVYQnJhU01xZlNRWHhwIn0.AGg2jPigJXs6Bw0yVqRC9Nt1NCb77vKYWiNJ7z4x3RM
DECODED PAYLOAD: {'exp': 1790181092, 'sub': 'user_3Hrwmz08BOOrE5XBraSMqfSQXxp'}
GET_CURRENT_USER: user_3Hrwmz08BOOrE5XBraSMqfSQXxp -> <app.models.core.User object at 0x000001B4565BFD50>
RECEIVED TOKEN: eyJhbGciOiJIUzI1NiIsInR5cCI6IkpXVCJ9.eyJleHAiOjE3OTAxODEwOTIsInN1YiI6InVzZXJfM0hyd216MDhCT09yRTVYQnJhU01xZlNRWHhwIn0.AGg2jPigJXs6Bw0yVqRC9Nt1NCb77vKYWiNJ7z4x3RM
DECODED PAYLOAD: {'exp': 1790181092, 'sub': 'user_3Hrwmz08BOOrE5XBraSMqfSQXxp'}
RECEIVED TOKEN: eyJhbGciOiJIUzI1NiIsInR5cCI6IkpXVCJ9.eyJleHAiOjE3OTAxODEwOTIsInN1YiI6InVzZXJfM0hyd216MDhCT09yRTVYQnJhU01xZlNRWHhwIn0.AGg2jPigJXs6Bw0yVqRC9Nt1NCb77vKYWiNJ7z4x3RM
DECODED PAYLOAD: {'exp': 1790181092, 'sub': 'user_3Hrwmz08BOOrE5XBraSMqfSQXxp'}
GET_CURRENT_USER: user_3Hrwmz08BOOrE5XBraSMqfSQXxp -> <app.models.core.User object at 0x000001B4567B0C80>
RECEIVED TOKEN: eyJhbGciOiJIUzI1NiIsInR5cCI6IkpXVCJ9.eyJleHAiOjE3OTAxODEwOTIsInN1YiI6InVzZXJfM0hyd216MDhCT09yRTVYQnJhU01xZlNRWHhwIn0.AGg2jPigJXs6Bw0yVqRC9Nt1NCb77vKYWiNJ7z4x3RM
DECODED PAYLOAD: {'exp': 1790181092, 'sub': 'user_3Hrwmz08BOOrE5XBraSMqfSQXxp'}
GET_CURRENT_USER: user_3Hrwmz08BOOrE5XBraSMqfSQXxp -> <app.models.core.User object at 0x000001B4567B0600>
RECEIVED TOKEN: eyJhbGciOiJIUzI1NiIsInR5cCI6IkpXVCJ9.eyJleHAiOjE3OTAxODEwOTIsInN1YiI6InVzZXJfM0hyd216MDhCT09yRTVYQnJhU01xZlNRWHhwIn0.AGg2jPigJXs6Bw0yVqRC9Nt1NCb77vKYWiNJ7z4x3RM
DECODED PAYLOAD: {'exp': 1790181092, 'sub': 'user_3Hrwmz08BOOrE5XBraSMqfSQXxp'}
GET_CURRENT_USER: user_3Hrwmz08BOOrE5XBraSMqfSQXxp -> <app.models.core.User object at 0x000001B45643CE20>
RECEIVED TOKEN: eyJhbGciOiJIUzI1NiIsInR5cCI6IkpXVCJ9.eyJleHAiOjE3OTAxODEwOTIsInN1YiI6InVzZXJfM0hyd216MDhCT09yRTVYQnJhU01xZlNRWHhwIn0.AGg2jPigJXs6Bw0yVqRC9Nt1NCb77vKYWiNJ7z4x3RM
DECODED PAYLOAD: {'exp': 1790181092, 'sub': 'user_3Hrwmz08BOOrE5XBraSMqfSQXxp'}
GET_CURRENT_USER: user_3Hrwmz08BOOrE5XBraSMqfSQXxp -> <app.models.core.User object at 0x000001B45643DD90>
RECEIVED TOKEN: eyJhbGciOiJIUzI1NiIsInR5cCI6IkpXVCJ9.eyJleHAiOjE3OTAxODEwOTIsInN1YiI6InVzZXJfM0hyd216MDhCT09yRTVYQnJhU01xZlNRWHhwIn0.AGg2jPigJXs6Bw0yVqRC9Nt1NCb77vKYWiNJ7z4x3RM
DECODED PAYLOAD: {'exp': 1790181092, 'sub': 'user_3Hrwmz08BOOrE5XBraSMqfSQXxp'}
RECEIVED TOKEN: eyJhbGciOiJIUzI1NiIsInR5cCI6IkpXVCJ9.eyJleHAiOjE3OTAxODEwOTIsInN1YiI6InVzZXJfM0hyd216MDhCT09yRTVYQnJhU01xZlNRWHhwIn0.AGg2jPigJXs6Bw0yVqRC9Nt1NCb77vKYWiNJ7z4x3RM
DECODED PAYLOAD: {'exp': 1790181092, 'sub': 'user_3Hrwmz08BOOrE5XBraSMqfSQXxp'}
GET_CURRENT_USER: user_3Hrwmz08BOOrE5XBraSMqfSQXxp -> <app.models.core.User object at 0x0000022879A496D0>
RECEIVED TOKEN: eyJhbGciOiJIUzI1NiIsInR5cCI6IkpXVCJ9.eyJleHAiOjE3OTAxODEwOTIsInN1YiI6InVzZXJfM0hyd216MDhCT09yRTVYQnJhU01xZlNRWHhwIn0.AGg2jPigJXs6Bw0yVqRC9Nt1NCb77vKYWiNJ7z4x3RM
DECODED PAYLOAD: {'exp': 1790181092, 'sub': 'user_3Hrwmz08BOOrE5XBraSMqfSQXxp'}
RECEIVED TOKEN: eyJhbGciOiJIUzI1NiIsInR5cCI6IkpXVCJ9.eyJleHAiOjE3OTAxODEwOTIsInN1YiI6InVzZXJfM0hyd216MDhCT09yRTVYQnJhU01xZlNRWHhwIn0.AGg2jPigJXs6Bw0yVqRC9Nt1NCb77vKYWiNJ7z4x3RM
DECODED PAYLOAD: {'exp': 1790181092, 'sub': 'user_3Hrwmz08BOOrE5XBraSMqfSQXxp'}
GET_CURRENT_USER: user_3Hrwmz08BOOrE5XBraSMqfSQXxp -> <app.models.core.User object at 0x0000022879743860>
RECEIVED TOKEN: eyJhbGciOiJIUzI1NiIsInR5cCI6IkpXVCJ9.eyJleHAiOjE3OTAxODEwOTIsInN1YiI6InVzZXJfM0hyd216MDhCT09yRTVYQnJhU01xZlNRWHhwIn0.AGg2jPigJXs6Bw0yVqRC9Nt1NCb77vKYWiNJ7z4x3RM
DECODED PAYLOAD: {'exp': 1790181092, 'sub': 'user_3Hrwmz08BOOrE5XBraSMqfSQXxp'}
GET_CURRENT_USER: user_3Hrwmz08BOOrE5XBraSMqfSQXxp -> <app.models.core.User object at 0x000002287AB71E60>
RECEIVED TOKEN: eyJhbGciOiJIUzI1NiIsInR5cCI6IkpXVCJ9.eyJleHAiOjE3OTAxODEwOTIsInN1YiI6InVzZXJfM0hyd216MDhCT09yRTVYQnJhU01xZlNRWHhwIn0.AGg2jPigJXs6Bw0yVqRC9Nt1NCb77vKYWiNJ7z4x3RM
DECODED PAYLOAD: {'exp': 1790181092, 'sub': 'user_3Hrwmz08BOOrE5XBraSMqfSQXxp'}
GET_CURRENT_USER: user_3Hrwmz08BOOrE5XBraSMqfSQXxp -> <app.models.core.User object at 0x000002287AB71B20>
RECEIVED TOKEN: eyJhbGciOiJIUzI1NiIsInR5cCI6IkpXVCJ9.eyJleHAiOjE3OTAxODEwOTIsInN1YiI6InVzZXJfM0hyd216MDhCT09yRTVYQnJhU01xZlNRWHhwIn0.AGg2jPigJXs6Bw0yVqRC9Nt1NCb77vKYWiNJ7z4x3RM
DECODED PAYLOAD: {'exp': 1790181092, 'sub': 'user_3Hrwmz08BOOrE5XBraSMqfSQXxp'}
GET_CURRENT_USER: user_3Hrwmz08BOOrE5XBraSMqfSQXxp -> <app.models.core.User object at 0x00000228797DFC70>
RECEIVED TOKEN: eyJhbGciOiJIUzI1NiIsInR5cCI6IkpXVCJ9.eyJleHAiOjE3OTAxODEwOTIsInN1YiI6InVzZXJfM0hyd216MDhCT09yRTVYQnJhU01xZlNRWHhwIn0.AGg2jPigJXs6Bw0yVqRC9Nt1NCb77vKYWiNJ7z4x3RM
DECODED PAYLOAD: {'exp': 1790181092, 'sub': 'user_3Hrwmz08BOOrE5XBraSMqfSQXxp'}
GET_CURRENT_USER: user_3Hrwmz08BOOrE5XBraSMqfSQXxp -> <app.models.core.User object at 0x000002287AB72000>
RECEIVED TOKEN: eyJhbGciOiJIUzI1NiIsInR5cCI6IkpXVCJ9.eyJleHAiOjE3OTAxODEwOTIsInN1YiI6InVzZXJfM0hyd216MDhCT09yRTVYQnJhU01xZlNRWHhwIn0.AGg2jPigJXs6Bw0yVqRC9Nt1NCb77vKYWiNJ7z4x3RM
DECODED PAYLOAD: {'exp': 1790181092, 'sub': 'user_3Hrwmz08BOOrE5XBraSMqfSQXxp'}
RECEIVED TOKEN: eyJhbGciOiJIUzI1NiIsInR5cCI6IkpXVCJ9.eyJleHAiOjE3OTAxODEwOTIsInN1YiI6InVzZXJfM0hyd216MDhCT09yRTVYQnJhU01xZlNRWHhwIn0.AGg2jPigJXs6Bw0yVqRC9Nt1NCb77vKYWiNJ7z4x3RM
DECODED PAYLOAD: {'exp': 1790181092, 'sub': 'user_3Hrwmz08BOOrE5XBraSMqfSQXxp'}
GET_CURRENT_USER: user_3Hrwmz08BOOrE5XBraSMqfSQXxp -> <app.models.core.User object at 0x000002287AB71CC0>
RECEIVED TOKEN: eyJhbGciOiJIUzI1NiIsInR5cCI6IkpXVCJ9.eyJleHAiOjE3OTAxODEwOTIsInN1YiI6InVzZXJfM0hyd216MDhCT09yRTVYQnJhU01xZlNRWHhwIn0.AGg2jPigJXs6Bw0yVqRC9Nt1NCb77vKYWiNJ7z4x3RM
DECODED PAYLOAD: {'exp': 1790181092, 'sub': 'user_3Hrwmz08BOOrE5XBraSMqfSQXxp'}
GET_CURRENT_USER: user_3Hrwmz08BOOrE5XBraSMqfSQXxp -> <app.models.core.User object at 0x000002287AB71B20>
RECEIVED TOKEN: eyJhbGciOiJIUzI1NiIsInR5cCI6IkpXVCJ9.eyJleHAiOjE3OTAxODEwOTIsInN1YiI6InVzZXJfM0hyd216MDhCT09yRTVYQnJhU01xZlNRWHhwIn0.AGg2jPigJXs6Bw0yVqRC9Nt1NCb77vKYWiNJ7z4x3RM
DECODED PAYLOAD: {'exp': 1790181092, 'sub': 'user_3Hrwmz08BOOrE5XBraSMqfSQXxp'}
RECEIVED TOKEN: eyJhbGciOiJIUzI1NiIsInR5cCI6IkpXVCJ9.eyJleHAiOjE3OTAxODEwOTIsInN1YiI6InVzZXJfM0hyd216MDhCT09yRTVYQnJhU01xZlNRWHhwIn0.AGg2jPigJXs6Bw0yVqRC9Nt1NCb77vKYWiNJ7z4x3RM
DECODED PAYLOAD: {'exp': 1790181092, 'sub': 'user_3Hrwmz08BOOrE5XBraSMqfSQXxp'}
RECEIVED TOKEN: eyJhbGciOiJIUzI1NiIsInR5cCI6IkpXVCJ9.eyJleHAiOjE3OTAxODEwOTIsInN1YiI6InVzZXJfM0hyd216MDhCT09yRTVYQnJhU01xZlNRWHhwIn0.AGg2jPigJXs6Bw0yVqRC9Nt1NCb77vKYWiNJ7z4x3RM
DECODED PAYLOAD: {'exp': 1790181092, 'sub': 'user_3Hrwmz08BOOrE5XBraSMqfSQXxp'}
GET_CURRENT_USER: user_3Hrwmz08BOOrE5XBraSMqfSQXxp -> <app.models.core.User object at 0x000002287AB70C80>
RECEIVED TOKEN: eyJhbGciOiJIUzI1NiIsInR5cCI6IkpXVCJ9.eyJleHAiOjE3OTAxODEwOTIsInN1YiI6InVzZXJfM0hyd216MDhCT09yRTVYQnJhU01xZlNRWHhwIn0.AGg2jPigJXs6Bw0yVqRC9Nt1NCb77vKYWiNJ7z4x3RM
DECODED PAYLOAD: {'exp': 1790181092, 'sub': 'user_3Hrwmz08BOOrE5XBraSMqfSQXxp'}
GET_CURRENT_USER: user_3Hrwmz08BOOrE5XBraSMqfSQXxp -> <app.models.core.User object at 0x000002287AB729C0>
RECEIVED TOKEN: eyJhbGciOiJIUzI1NiIsInR5cCI6IkpXVCJ9.eyJleHAiOjE3OTAxODEwOTIsInN1YiI6InVzZXJfM0hyd216MDhCT09yRTVYQnJhU01xZlNRWHhwIn0.AGg2jPigJXs6Bw0yVqRC9Nt1NCb77vKYWiNJ7z4x3RM
DECODED PAYLOAD: {'exp': 1790181092, 'sub': 'user_3Hrwmz08BOOrE5XBraSMqfSQXxp'}
RECEIVED TOKEN: eyJhbGciOiJIUzI1NiIsInR5cCI6IkpXVCJ9.eyJleHAiOjE3OTAxODEwOTIsInN1YiI6InVzZXJfM0hyd216MDhCT09yRTVYQnJhU01xZlNRWHhwIn0.AGg2jPigJXs6Bw0yVqRC9Nt1NCb77vKYWiNJ7z4x3RM
DECODED PAYLOAD: {'exp': 1790181092, 'sub': 'user_3Hrwmz08BOOrE5XBraSMqfSQXxp'}
GET_CURRENT_USER: user_3Hrwmz08BOOrE5XBraSMqfSQXxp -> <app.models.core.User object at 0x0000018A3F6E4B90>
RECEIVED TOKEN: eyJhbGciOiJIUzI1NiIsInR5cCI6IkpXVCJ9.eyJleHAiOjE3OTAxODEwOTIsInN1YiI6InVzZXJfM0hyd216MDhCT09yRTVYQnJhU01xZlNRWHhwIn0.AGg2jPigJXs6Bw0yVqRC9Nt1NCb77vKYWiNJ7z4x3RM
DECODED PAYLOAD: {'exp': 1790181092, 'sub': 'user_3Hrwmz08BOOrE5XBraSMqfSQXxp'}
RECEIVED TOKEN: eyJhbGciOiJIUzI1NiIsInR5cCI6IkpXVCJ9.eyJleHAiOjE3OTAxODEwOTIsInN1YiI6InVzZXJfM0hyd216MDhCT09yRTVYQnJhU01xZlNRWHhwIn0.AGg2jPigJXs6Bw0yVqRC9Nt1NCb77vKYWiNJ7z4x3RM
DECODED PAYLOAD: {'exp': 1790181092, 'sub': 'user_3Hrwmz08BOOrE5XBraSMqfSQXxp'}
GET_CURRENT_USER: user_3Hrwmz08BOOrE5XBraSMqfSQXxp -> <app.models.core.User object at 0x0000018A3F6FC050>
RECEIVED TOKEN: eyJhbGciOiJIUzI1NiIsInR5cCI6IkpXVCJ9.eyJleHAiOjE3OTAxODEwOTIsInN1YiI6InVzZXJfM0hyd216MDhCT09yRTVYQnJhU01xZlNRWHhwIn0.AGg2jPigJXs6Bw0yVqRC9Nt1NCb77vKYWiNJ7z4x3RM
DECODED PAYLOAD: {'exp': 1790181092, 'sub': 'user_3Hrwmz08BOOrE5XBraSMqfSQXxp'}
RECEIVED TOKEN: eyJhbGciOiJIUzI1NiIsInR5cCI6IkpXVCJ9.eyJleHAiOjE3OTAxODEwOTIsInN1YiI6InVzZXJfM0hyd216MDhCT09yRTVYQnJhU01xZlNRWHhwIn0.AGg2jPigJXs6Bw0yVqRC9Nt1NCb77vKYWiNJ7z4x3RM
DECODED PAYLOAD: {'exp': 1790181092, 'sub': 'user_3Hrwmz08BOOrE5XBraSMqfSQXxp'}
RECEIVED TOKEN: eyJhbGciOiJIUzI1NiIsInR5cCI6IkpXVCJ9.eyJleHAiOjE3OTAxODEwOTIsInN1YiI6InVzZXJfM0hyd216MDhCT09yRTVYQnJhU01xZlNRWHhwIn0.AGg2jPigJXs6Bw0yVqRC9Nt1NCb77vKYWiNJ7z4x3RM
DECODED PAYLOAD: {'exp': 1790181092, 'sub': 'user_3Hrwmz08BOOrE5XBraSMqfSQXxp'}
GET_CURRENT_USER: user_3Hrwmz08BOOrE5XBraSMqfSQXxp -> <app.models.core.User object at 0x0000018A3F7045A0>
RECEIVED TOKEN: eyJhbGciOiJIUzI1NiIsInR5cCI6IkpXVCJ9.eyJleHAiOjE3OTAxODEwOTIsInN1YiI6InVzZXJfM0hyd216MDhCT09yRTVYQnJhU01xZlNRWHhwIn0.AGg2jPigJXs6Bw0yVqRC9Nt1NCb77vKYWiNJ7z4x3RM
DECODED PAYLOAD: {'exp': 1790181092, 'sub': 'user_3Hrwmz08BOOrE5XBraSMqfSQXxp'}
RECEIVED TOKEN: eyJhbGciOiJIUzI1NiIsInR5cCI6IkpXVCJ9.eyJleHAiOjE3OTAxODEwOTIsInN1YiI6InVzZXJfM0hyd216MDhCT09yRTVYQnJhU01xZlNRWHhwIn0.AGg2jPigJXs6Bw0yVqRC9Nt1NCb77vKYWiNJ7z4x3RM
DECODED PAYLOAD: {'exp': 1790181092, 'sub': 'user_3Hrwmz08BOOrE5XBraSMqfSQXxp'}
GET_CURRENT_USER: user_3Hrwmz08BOOrE5XBraSMqfSQXxp -> <app.models.core.User object at 0x0000018A3F1BA6C0>
RECEIVED TOKEN: eyJhbGciOiJIUzI1NiIsInR5cCI6IkpXVCJ9.eyJleHAiOjE3OTAxODEwOTIsInN1YiI6InVzZXJfM0hyd216MDhCT09yRTVYQnJhU01xZlNRWHhwIn0.AGg2jPigJXs6Bw0yVqRC9Nt1NCb77vKYWiNJ7z4x3RM
DECODED PAYLOAD: {'exp': 1790181092, 'sub': 'user_3Hrwmz08BOOrE5XBraSMqfSQXxp'}
GET_CURRENT_USER: user_3Hrwmz08BOOrE5XBraSMqfSQXxp -> <app.models.core.User object at 0x0000018A3F76EC60>
RECEIVED TOKEN: eyJhbGciOiJIUzI1NiIsInR5cCI6IkpXVCJ9.eyJleHAiOjE3OTAxODEwOTIsInN1YiI6InVzZXJfM0hyd216MDhCT09yRTVYQnJhU01xZlNRWHhwIn0.AGg2jPigJXs6Bw0yVqRC9Nt1NCb77vKYWiNJ7z4x3RM
DECODED PAYLOAD: {'exp': 1790181092, 'sub': 'user_3Hrwmz08BOOrE5XBraSMqfSQXxp'}
GET_CURRENT_USER: user_3Hrwmz08BOOrE5XBraSMqfSQXxp -> <app.models.core.User object at 0x0000018A3F745F30>
RECEIVED TOKEN: eyJhbGciOiJIUzI1NiIsInR5cCI6IkpXVCJ9.eyJleHAiOjE3OTAxODEwOTIsInN1YiI6InVzZXJfM0hyd216MDhCT09yRTVYQnJhU01xZlNRWHhwIn0.AGg2jPigJXs6Bw0yVqRC9Nt1NCb77vKYWiNJ7z4x3RM
DECODED PAYLOAD: {'exp': 1790181092, 'sub': 'user_3Hrwmz08BOOrE5XBraSMqfSQXxp'}
GET_CURRENT_USER: user_3Hrwmz08BOOrE5XBraSMqfSQXxp -> <app.models.core.User object at 0x0000018A3F745160>
RECEIVED TOKEN: eyJhbGciOiJIUzI1NiIsInR5cCI6IkpXVCJ9.eyJleHAiOjE3OTAxODEwOTIsInN1YiI6InVzZXJfM0hyd216MDhCT09yRTVYQnJhU01xZlNRWHhwIn0.AGg2jPigJXs6Bw0yVqRC9Nt1NCb77vKYWiNJ7z4x3RM
DECODED PAYLOAD: {'exp': 1790181092, 'sub': 'user_3Hrwmz08BOOrE5XBraSMqfSQXxp'}
RECEIVED TOKEN: eyJhbGciOiJIUzI1NiIsInR5cCI6IkpXVCJ9.eyJleHAiOjE3OTAxODEwOTIsInN1YiI6InVzZXJfM0hyd216MDhCT09yRTVYQnJhU01xZlNRWHhwIn0.AGg2jPigJXs6Bw0yVqRC9Nt1NCb77vKYWiNJ7z4x3RM
DECODED PAYLOAD: {'exp': 1790181092, 'sub': 'user_3Hrwmz08BOOrE5XBraSMqfSQXxp'}
GET_CURRENT_USER: user_3Hrwmz08BOOrE5XBraSMqfSQXxp -> <app.models.core.User object at 0x0000018A3F747790>
RECEIVED TOKEN: eyJhbGciOiJIUzI1NiIsInR5cCI6IkpXVCJ9.eyJleHAiOjE3OTAxODEwOTIsInN1YiI6InVzZXJfM0hyd216MDhCT09yRTVYQnJhU01xZlNRWHhwIn0.AGg2jPigJXs6Bw0yVqRC9Nt1NCb77vKYWiNJ7z4x3RM
DECODED PAYLOAD: {'exp': 1790181092, 'sub': 'user_3Hrwmz08BOOrE5XBraSMqfSQXxp'}
GET_CURRENT_USER: user_3Hrwmz08BOOrE5XBraSMqfSQXxp -> <app.models.core.User object at 0x0000018A3F745710>
RECEIVED TOKEN: eyJhbGciOiJIUzI1NiIsInR5cCI6IkpXVCJ9.eyJleHAiOjE3OTAxODEwOTIsInN1YiI6InVzZXJfM0hyd216MDhCT09yRTVYQnJhU01xZlNRWHhwIn0.AGg2jPigJXs6Bw0yVqRC9Nt1NCb77vKYWiNJ7z4x3RM
DECODED PAYLOAD: {'exp': 1790181092, 'sub': 'user_3Hrwmz08BOOrE5XBraSMqfSQXxp'}
GET_CURRENT_USER: user_3Hrwmz08BOOrE5XBraSMqfSQXxp -> <app.models.core.User object at 0x0000018A409097E0>
RECEIVED TOKEN: eyJhbGciOiJIUzI1NiIsInR5cCI6IkpXVCJ9.eyJleHAiOjE3OTAxODEwOTIsInN1YiI6InVzZXJfM0hyd216MDhCT09yRTVYQnJhU01xZlNRWHhwIn0.AGg2jPigJXs6Bw0yVqRC9Nt1NCb77vKYWiNJ7z4x3RM
DECODED PAYLOAD: {'exp': 1790181092, 'sub': 'user_3Hrwmz08BOOrE5XBraSMqfSQXxp'}
GET_CURRENT_USER: user_3Hrwmz08BOOrE5XBraSMqfSQXxp -> <app.models.core.User object at 0x0000018A3F744050>
RECEIVED TOKEN: eyJhbGciOiJIUzI1NiIsInR5cCI6IkpXVCJ9.eyJleHAiOjE3OTAxODEwOTIsInN1YiI6InVzZXJfM0hyd216MDhCT09yRTVYQnJhU01xZlNRWHhwIn0.AGg2jPigJXs6Bw0yVqRC9Nt1NCb77vKYWiNJ7z4x3RM
JWT ERROR: Signature has expired.
RECEIVED TOKEN: eyJhbGciOiJIUzI1NiIsInR5cCI6IkpXVCJ9.eyJleHAiOjE3OTAxODEwOTIsInN1YiI6InVzZXJfM0hyd216MDhCT09yRTVYQnJhU01xZlNRWHhwIn0.AGg2jPigJXs6Bw0yVqRC9Nt1NCb77vKYWiNJ7z4x3RM
JWT ERROR: Signature has expired.
RECEIVED TOKEN: eyJhbGciOiJIUzI1NiIsInR5cCI6IkpXVCJ9.eyJleHAiOjE3OTAxODEwOTIsInN1YiI6InVzZXJfM0hyd216MDhCT09yRTVYQnJhU01xZlNRWHhwIn0.AGg2jPigJXs6Bw0yVqRC9Nt1NCb77vKYWiNJ7z4x3RM
JWT ERROR: Signature has expired.
RECEIVED TOKEN: eyJhbGciOiJIUzI1NiIsInR5cCI6IkpXVCJ9.eyJleHAiOjE3OTAxODEwOTIsInN1YiI6InVzZXJfM0hyd216MDhCT09yRTVYQnJhU01xZlNRWHhwIn0.AGg2jPigJXs6Bw0yVqRC9Nt1NCb77vKYWiNJ7z4x3RM
JWT ERROR: Signature has expired.
RECEIVED TOKEN: eyJhbGciOiJIUzI1NiIsInR5cCI6IkpXVCJ9.eyJleHAiOjE3OTAxODEwOTIsInN1YiI6InVzZXJfM0hyd216MDhCT09yRTVYQnJhU01xZlNRWHhwIn0.AGg2jPigJXs6Bw0yVqRC9Nt1NCb77vKYWiNJ7z4x3RM
JWT ERROR: Signature has expired.
RECEIVED TOKEN: eyJhbGciOiJIUzI1NiIsInR5cCI6IkpXVCJ9.eyJleHAiOjE3OTAxODEwOTIsInN1YiI6InVzZXJfM0hyd216MDhCT09yRTVYQnJhU01xZlNRWHhwIn0.AGg2jPigJXs6Bw0yVqRC9Nt1NCb77vKYWiNJ7z4x3RM
JWT ERROR: Signature has expired.
RECEIVED TOKEN: eyJhbGciOiJIUzI1NiIsInR5cCI6IkpXVCJ9.eyJleHAiOjE3OTAxODEwOTIsInN1YiI6InVzZXJfM0hyd216MDhCT09yRTVYQnJhU01xZlNRWHhwIn0.AGg2jPigJXs6Bw0yVqRC9Nt1NCb77vKYWiNJ7z4x3RM
JWT ERROR: Signature has expired.
RECEIVED TOKEN: eyJhbGciOiJIUzI1NiIsInR5cCI6IkpXVCJ9.eyJleHAiOjE3OTAxODEwOTIsInN1YiI6InVzZXJfM0hyd216MDhCT09yRTVYQnJhU01xZlNRWHhwIn0.AGg2jPigJXs6Bw0yVqRC9Nt1NCb77vKYWiNJ7z4x3RM
JWT ERROR: Signature has expired.
RECEIVED TOKEN: eyJhbGciOiJIUzI1NiIsInR5cCI6IkpXVCJ9.eyJleHAiOjE3OTAxODEwOTIsInN1YiI6InVzZXJfM0hyd216MDhCT09yRTVYQnJhU01xZlNRWHhwIn0.AGg2jPigJXs6Bw0yVqRC9Nt1NCb77vKYWiNJ7z4x3RM
JWT ERROR: Signature has expired.
RECEIVED TOKEN: eyJhbGciOiJIUzI1NiIsInR5cCI6IkpXVCJ9.eyJleHAiOjE3OTAxODEwOTIsInN1YiI6InVzZXJfM0hyd216MDhCT09yRTVYQnJhU01xZlNRWHhwIn0.AGg2jPigJXs6Bw0yVqRC9Nt1NCb77vKYWiNJ7z4x3RM
JWT ERROR: Signature has expired.
RECEIVED TOKEN: eyJhbGciOiJIUzI1NiIsInR5cCI6IkpXVCJ9.eyJleHAiOjE3OTAxODEwOTIsInN1YiI6InVzZXJfM0hyd216MDhCT09yRTVYQnJhU01xZlNRWHhwIn0.AGg2jPigJXs6Bw0yVqRC9Nt1NCb77vKYWiNJ7z4x3RM
JWT ERROR: Signature has expired.
RECEIVED TOKEN: eyJhbGciOiJIUzI1NiIsInR5cCI6IkpXVCJ9.eyJleHAiOjE3OTAxODEwOTIsInN1YiI6InVzZXJfM0hyd216MDhCT09yRTVYQnJhU01xZlNRWHhwIn0.AGg2jPigJXs6Bw0yVqRC9Nt1NCb77vKYWiNJ7z4x3RM
JWT ERROR: Signature has expired.
RECEIVED TOKEN: eyJhbGciOiJIUzI1NiIsInR5cCI6IkpXVCJ9.eyJleHAiOjE3OTAxODEwOTIsInN1YiI6InVzZXJfM0hyd216MDhCT09yRTVYQnJhU01xZlNRWHhwIn0.AGg2jPigJXs6Bw0yVqRC9Nt1NCb77vKYWiNJ7z4x3RM
JWT ERROR: Signature has expired.
RECEIVED TOKEN: eyJhbGciOiJIUzI1NiIsInR5cCI6IkpXVCJ9.eyJleHAiOjE3OTAxODEwOTIsInN1YiI6InVzZXJfM0hyd216MDhCT09yRTVYQnJhU01xZlNRWHhwIn0.AGg2jPigJXs6Bw0yVqRC9Nt1NCb77vKYWiNJ7z4x3RM
JWT ERROR: Signature has expired.
RECEIVED TOKEN: eyJhbGciOiJIUzI1NiIsInR5cCI6IkpXVCJ9.eyJleHAiOjE3OTAxODEwOTIsInN1YiI6InVzZXJfM0hyd216MDhCT09yRTVYQnJhU01xZlNRWHhwIn0.AGg2jPigJXs6Bw0yVqRC9Nt1NCb77vKYWiNJ7z4x3RM
JWT ERROR: Signature has expired.
RECEIVED TOKEN: eyJhbGciOiJIUzI1NiIsInR5cCI6IkpXVCJ9.eyJleHAiOjE3OTAxODEwOTIsInN1YiI6InVzZXJfM0hyd216MDhCT09yRTVYQnJhU01xZlNRWHhwIn0.AGg2jPigJXs6Bw0yVqRC9Nt1NCb77vKYWiNJ7z4x3RM
JWT ERROR: Signature has expired.
RECEIVED TOKEN: eyJhbGciOiJIUzI1NiIsInR5cCI6IkpXVCJ9.eyJleHAiOjE3OTAxODEwOTIsInN1YiI6InVzZXJfM0hyd216MDhCT09yRTVYQnJhU01xZlNRWHhwIn0.AGg2jPigJXs6Bw0yVqRC9Nt1NCb77vKYWiNJ7z4x3RM
JWT ERROR: Signature has expired.
RECEIVED TOKEN: eyJhbGciOiJIUzI1NiIsInR5cCI6IkpXVCJ9.eyJleHAiOjE3OTAxODEwOTIsInN1YiI6InVzZXJfM0hyd216MDhCT09yRTVYQnJhU01xZlNRWHhwIn0.AGg2jPigJXs6Bw0yVqRC9Nt1NCb77vKYWiNJ7z4x3RM
JWT ERROR: Signature has expired.
RECEIVED TOKEN: eyJhbGciOiJIUzI1NiIsInR5cCI6IkpXVCJ9.eyJleHAiOjE3OTAxODEwOTIsInN1YiI6InVzZXJfM0hyd216MDhCT09yRTVYQnJhU01xZlNRWHhwIn0.AGg2jPigJXs6Bw0yVqRC9Nt1NCb77vKYWiNJ7z4x3RM
JWT ERROR: Signature has expired.
RECEIVED TOKEN: eyJhbGciOiJIUzI1NiIsInR5cCI6IkpXVCJ9.eyJleHAiOjE3OTAxODEwOTIsInN1YiI6InVzZXJfM0hyd216MDhCT09yRTVYQnJhU01xZlNRWHhwIn0.AGg2jPigJXs6Bw0yVqRC9Nt1NCb77vKYWiNJ7z4x3RM
JWT ERROR: Signature has expired.
RECEIVED TOKEN: eyJhbGciOiJIUzI1NiIsInR5cCI6IkpXVCJ9.eyJleHAiOjE3OTAxODEwOTIsInN1YiI6InVzZXJfM0hyd216MDhCT09yRTVYQnJhU01xZlNRWHhwIn0.AGg2jPigJXs6Bw0yVqRC9Nt1NCb77vKYWiNJ7z4x3RM
JWT ERROR: Signature has expired.
RECEIVED TOKEN: eyJhbGciOiJIUzI1NiIsInR5cCI6IkpXVCJ9.eyJleHAiOjE3OTAxODEwOTIsInN1YiI6InVzZXJfM0hyd216MDhCT09yRTVYQnJhU01xZlNRWHhwIn0.AGg2jPigJXs6Bw0yVqRC9Nt1NCb77vKYWiNJ7z4x3RM
JWT ERROR: Signature has expired.
RECEIVED TOKEN: eyJhbGciOiJIUzI1NiIsInR5cCI6IkpXVCJ9.eyJleHAiOjE3OTAxODEwOTIsInN1YiI6InVzZXJfM0hyd216MDhCT09yRTVYQnJhU01xZlNRWHhwIn0.AGg2jPigJXs6Bw0yVqRC9Nt1NCb77vKYWiNJ7z4x3RM
JWT ERROR: Signature has expired.
RECEIVED TOKEN: eyJhbGciOiJIUzI1NiIsInR5cCI6IkpXVCJ9.eyJleHAiOjE3OTAxODEwOTIsInN1YiI6InVzZXJfM0hyd216MDhCT09yRTVYQnJhU01xZlNRWHhwIn0.AGg2jPigJXs6Bw0yVqRC9Nt1NCb77vKYWiNJ7z4x3RM
JWT ERROR: Signature has expired.
RECEIVED TOKEN: eyJhbGciOiJIUzI1NiIsInR5cCI6IkpXVCJ9.eyJleHAiOjE3OTAxODEwOTIsInN1YiI6InVzZXJfM0hyd216MDhCT09yRTVYQnJhU01xZlNRWHhwIn0.AGg2jPigJXs6Bw0yVqRC9Nt1NCb77vKYWiNJ7z4x3RM
JWT ERROR: Signature has expired.
RECEIVED TOKEN: eyJhbGciOiJIUzI1NiIsInR5cCI6IkpXVCJ9.eyJleHAiOjE3OTAxODEwOTIsInN1YiI6InVzZXJfM0hyd216MDhCT09yRTVYQnJhU01xZlNRWHhwIn0.AGg2jPigJXs6Bw0yVqRC9Nt1NCb77vKYWiNJ7z4x3RM
JWT ERROR: Signature has expired.
RECEIVED TOKEN: eyJhbGciOiJIUzI1NiIsInR5cCI6IkpXVCJ9.eyJleHAiOjE3OTAxODEwOTIsInN1YiI6InVzZXJfM0hyd216MDhCT09yRTVYQnJhU01xZlNRWHhwIn0.AGg2jPigJXs6Bw0yVqRC9Nt1NCb77vKYWiNJ7z4x3RM
JWT ERROR: Signature has expired.
RECEIVED TOKEN: eyJhbGciOiJIUzI1NiIsInR5cCI6IkpXVCJ9.eyJleHAiOjE3OTAxODEwOTIsInN1YiI6InVzZXJfM0hyd216MDhCT09yRTVYQnJhU01xZlNRWHhwIn0.AGg2jPigJXs6Bw0yVqRC9Nt1NCb77vKYWiNJ7z4x3RM
JWT ERROR: Signature has expired.
RECEIVED TOKEN: eyJhbGciOiJIUzI1NiIsInR5cCI6IkpXVCJ9.eyJleHAiOjE3OTAxODEwOTIsInN1YiI6InVzZXJfM0hyd216MDhCT09yRTVYQnJhU01xZlNRWHhwIn0.AGg2jPigJXs6Bw0yVqRC9Nt1NCb77vKYWiNJ7z4x3RM
JWT ERROR: Signature has expired.
RECEIVED TOKEN: eyJhbGciOiJIUzI1NiIsInR5cCI6IkpXVCJ9.eyJleHAiOjE3OTAxODEwOTIsInN1YiI6InVzZXJfM0hyd216MDhCT09yRTVYQnJhU01xZlNRWHhwIn0.AGg2jPigJXs6Bw0yVqRC9Nt1NCb77vKYWiNJ7z4x3RM
JWT ERROR: Signature has expired.
RECEIVED TOKEN: eyJhbGciOiJIUzI1NiIsInR5cCI6IkpXVCJ9.eyJleHAiOjE3OTAxODEwOTIsInN1YiI6InVzZXJfM0hyd216MDhCT09yRTVYQnJhU01xZlNRWHhwIn0.AGg2jPigJXs6Bw0yVqRC9Nt1NCb77vKYWiNJ7z4x3RM
JWT ERROR: Signature has expired.
RECEIVED TOKEN: eyJhbGciOiJIUzI1NiIsInR5cCI6IkpXVCJ9.eyJleHAiOjE3OTAxODEwOTIsInN1YiI6InVzZXJfM0hyd216MDhCT09yRTVYQnJhU01xZlNRWHhwIn0.AGg2jPigJXs6Bw0yVqRC9Nt1NCb77vKYWiNJ7z4x3RM
JWT ERROR: Signature has expired.
RECEIVED TOKEN: eyJhbGciOiJIUzI1NiIsInR5cCI6IkpXVCJ9.eyJleHAiOjE3OTAxODEwOTIsInN1YiI6InVzZXJfM0hyd216MDhCT09yRTVYQnJhU01xZlNRWHhwIn0.AGg2jPigJXs6Bw0yVqRC9Nt1NCb77vKYWiNJ7z4x3RM
JWT ERROR: Signature has expired.
RECEIVED TOKEN: eyJhbGciOiJIUzI1NiIsInR5cCI6IkpXVCJ9.eyJleHAiOjE3OTAxODEwOTIsInN1YiI6InVzZXJfM0hyd216MDhCT09yRTVYQnJhU01xZlNRWHhwIn0.AGg2jPigJXs6Bw0yVqRC9Nt1NCb77vKYWiNJ7z4x3RM
JWT ERROR: Signature has expired.
RECEIVED TOKEN: eyJhbGciOiJIUzI1NiIsInR5cCI6IkpXVCJ9.eyJleHAiOjE3OTAxODEwOTIsInN1YiI6InVzZXJfM0hyd216MDhCT09yRTVYQnJhU01xZlNRWHhwIn0.AGg2jPigJXs6Bw0yVqRC9Nt1NCb77vKYWiNJ7z4x3RM
JWT ERROR: Signature has expired.
RECEIVED TOKEN: eyJhbGciOiJIUzI1NiIsInR5cCI6IkpXVCJ9.eyJleHAiOjE3OTAxODEwOTIsInN1YiI6InVzZXJfM0hyd216MDhCT09yRTVYQnJhU01xZlNRWHhwIn0.AGg2jPigJXs6Bw0yVqRC9Nt1NCb77vKYWiNJ7z4x3RM
JWT ERROR: Signature has expired.
RECEIVED TOKEN: eyJhbGciOiJIUzI1NiIsInR5cCI6IkpXVCJ9.eyJleHAiOjE3OTAxODEwOTIsInN1YiI6InVzZXJfM0hyd216MDhCT09yRTVYQnJhU01xZlNRWHhwIn0.AGg2jPigJXs6Bw0yVqRC9Nt1NCb77vKYWiNJ7z4x3RM
JWT ERROR: Signature has expired.
RECEIVED TOKEN: eyJhbGciOiJIUzI1NiIsInR5cCI6IkpXVCJ9.eyJleHAiOjE3OTAxODEwOTIsInN1YiI6InVzZXJfM0hyd216MDhCT09yRTVYQnJhU01xZlNRWHhwIn0.AGg2jPigJXs6Bw0yVqRC9Nt1NCb77vKYWiNJ7z4x3RM
JWT ERROR: Signature has expired.
RECEIVED TOKEN: eyJhbGciOiJIUzI1NiIsInR5cCI6IkpXVCJ9.eyJleHAiOjE3OTAxODEwOTIsInN1YiI6InVzZXJfM0hyd216MDhCT09yRTVYQnJhU01xZlNRWHhwIn0.AGg2jPigJXs6Bw0yVqRC9Nt1NCb77vKYWiNJ7z4x3RM
JWT ERROR: Signature has expired.
RECEIVED TOKEN: eyJhbGciOiJIUzI1NiIsInR5cCI6IkpXVCJ9.eyJleHAiOjE3OTAxODEwOTIsInN1YiI6InVzZXJfM0hyd216MDhCT09yRTVYQnJhU01xZlNRWHhwIn0.AGg2jPigJXs6Bw0yVqRC9Nt1NCb77vKYWiNJ7z4x3RM
JWT ERROR: Signature has expired.
RECEIVED TOKEN: eyJhbGciOiJIUzI1NiIsInR5cCI6IkpXVCJ9.eyJleHAiOjE3OTAxODEwOTIsInN1YiI6InVzZXJfM0hyd216MDhCT09yRTVYQnJhU01xZlNRWHhwIn0.AGg2jPigJXs6Bw0yVqRC9Nt1NCb77vKYWiNJ7z4x3RM
JWT ERROR: Signature has expired.
RECEIVED TOKEN: eyJhbGciOiJIUzI1NiIsInR5cCI6IkpXVCJ9.eyJleHAiOjE3OTAxODEwOTIsInN1YiI6InVzZXJfM0hyd216MDhCT09yRTVYQnJhU01xZlNRWHhwIn0.AGg2jPigJXs6Bw0yVqRC9Nt1NCb77vKYWiNJ7z4x3RM
JWT ERROR: Signature has expired.
RECEIVED TOKEN: eyJhbGciOiJIUzI1NiIsInR5cCI6IkpXVCJ9.eyJleHAiOjE3OTAxODEwOTIsInN1YiI6InVzZXJfM0hyd216MDhCT09yRTVYQnJhU01xZlNRWHhwIn0.AGg2jPigJXs6Bw0yVqRC9Nt1NCb77vKYWiNJ7z4x3RM
JWT ERROR: Signature has expired.
RECEIVED TOKEN: eyJhbGciOiJIUzI1NiIsInR5cCI6IkpXVCJ9.eyJleHAiOjE3OTAxODEwOTIsInN1YiI6InVzZXJfM0hyd216MDhCT09yRTVYQnJhU01xZlNRWHhwIn0.AGg2jPigJXs6Bw0yVqRC9Nt1NCb77vKYWiNJ7z4x3RM
JWT ERROR: Signature has expired.
RECEIVED TOKEN: eyJhbGciOiJIUzI1NiIsInR5cCI6IkpXVCJ9.eyJleHAiOjE3OTAxODEwOTIsInN1YiI6InVzZXJfM0hyd216MDhCT09yRTVYQnJhU01xZlNRWHhwIn0.AGg2jPigJXs6Bw0yVqRC9Nt1NCb77vKYWiNJ7z4x3RM
JWT ERROR: Signature has expired.
RECEIVED TOKEN: eyJhbGciOiJIUzI1NiIsInR5cCI6IkpXVCJ9.eyJleHAiOjE3OTAxODEwOTIsInN1YiI6InVzZXJfM0hyd216MDhCT09yRTVYQnJhU01xZlNRWHhwIn0.AGg2jPigJXs6Bw0yVqRC9Nt1NCb77vKYWiNJ7z4x3RM
JWT ERROR: Signature has expired.
RECEIVED TOKEN: eyJhbGciOiJIUzI1NiIsInR5cCI6IkpXVCJ9.eyJleHAiOjE3OTAxODEwOTIsInN1YiI6InVzZXJfM0hyd216MDhCT09yRTVYQnJhU01xZlNRWHhwIn0.AGg2jPigJXs6Bw0yVqRC9Nt1NCb77vKYWiNJ7z4x3RM
JWT ERROR: Signature has expired.
RECEIVED TOKEN: eyJhbGciOiJIUzI1NiIsInR5cCI6IkpXVCJ9.eyJleHAiOjE3OTAxODEwOTIsInN1YiI6InVzZXJfM0hyd216MDhCT09yRTVYQnJhU01xZlNRWHhwIn0.AGg2jPigJXs6Bw0yVqRC9Nt1NCb77vKYWiNJ7z4x3RM
JWT ERROR: Signature has expired.
RECEIVED TOKEN: eyJhbGciOiJIUzI1NiIsInR5cCI6IkpXVCJ9.eyJleHAiOjE3OTAxODEwOTIsInN1YiI6InVzZXJfM0hyd216MDhCT09yRTVYQnJhU01xZlNRWHhwIn0.AGg2jPigJXs6Bw0yVqRC9Nt1NCb77vKYWiNJ7z4x3RM
JWT ERROR: Signature has expired.
RECEIVED TOKEN: eyJhbGciOiJIUzI1NiIsInR5cCI6IkpXVCJ9.eyJleHAiOjE3OTAxODEwOTIsInN1YiI6InVzZXJfM0hyd216MDhCT09yRTVYQnJhU01xZlNRWHhwIn0.AGg2jPigJXs6Bw0yVqRC9Nt1NCb77vKYWiNJ7z4x3RM
JWT ERROR: Signature has expired.
RECEIVED TOKEN: eyJhbGciOiJIUzI1NiIsInR5cCI6IkpXVCJ9.eyJleHAiOjE3OTAxODEwOTIsInN1YiI6InVzZXJfM0hyd216MDhCT09yRTVYQnJhU01xZlNRWHhwIn0.AGg2jPigJXs6Bw0yVqRC9Nt1NCb77vKYWiNJ7z4x3RM
JWT ERROR: Signature has expired.
RECEIVED TOKEN: eyJhbGciOiJIUzI1NiIsInR5cCI6IkpXVCJ9.eyJleHAiOjE3OTAxODEwOTIsInN1YiI6InVzZXJfM0hyd216MDhCT09yRTVYQnJhU01xZlNRWHhwIn0.AGg2jPigJXs6Bw0yVqRC9Nt1NCb77vKYWiNJ7z4x3RM
JWT ERROR: Signature has expired.
RECEIVED TOKEN: eyJhbGciOiJIUzI1NiIsInR5cCI6IkpXVCJ9.eyJleHAiOjE3OTAxODEwOTIsInN1YiI6InVzZXJfM0hyd216MDhCT09yRTVYQnJhU01xZlNRWHhwIn0.AGg2jPigJXs6Bw0yVqRC9Nt1NCb77vKYWiNJ7z4x3RM
JWT ERROR: Signature has expired.
RECEIVED TOKEN: eyJhbGciOiJIUzI1NiIsInR5cCI6IkpXVCJ9.eyJleHAiOjE3OTAxODEwOTIsInN1YiI6InVzZXJfM0hyd216MDhCT09yRTVYQnJhU01xZlNRWHhwIn0.AGg2jPigJXs6Bw0yVqRC9Nt1NCb77vKYWiNJ7z4x3RM
JWT ERROR: Signature has expired.
RECEIVED TOKEN: eyJhbGciOiJIUzI1NiIsInR5cCI6IkpXVCJ9.eyJleHAiOjE3OTAxODEwOTIsInN1YiI6InVzZXJfM0hyd216MDhCT09yRTVYQnJhU01xZlNRWHhwIn0.AGg2jPigJXs6Bw0yVqRC9Nt1NCb77vKYWiNJ7z4x3RM
JWT ERROR: Signature has expired.
RECEIVED TOKEN: eyJhbGciOiJIUzI1NiIsInR5cCI6IkpXVCJ9.eyJleHAiOjE3OTAxODEwOTIsInN1YiI6InVzZXJfM0hyd216MDhCT09yRTVYQnJhU01xZlNRWHhwIn0.AGg2jPigJXs6Bw0yVqRC9Nt1NCb77vKYWiNJ7z4x3RM
JWT ERROR: Signature has expired.
RECEIVED TOKEN: eyJhbGciOiJIUzI1NiIsInR5cCI6IkpXVCJ9.eyJleHAiOjE3OTAxODEwOTIsInN1YiI6InVzZXJfM0hyd216MDhCT09yRTVYQnJhU01xZlNRWHhwIn0.AGg2jPigJXs6Bw0yVqRC9Nt1NCb77vKYWiNJ7z4x3RM
JWT ERROR: Signature has expired.
RECEIVED TOKEN: eyJhbGciOiJIUzI1NiIsInR5cCI6IkpXVCJ9.eyJleHAiOjE3OTAxODEwOTIsInN1YiI6InVzZXJfM0hyd216MDhCT09yRTVYQnJhU01xZlNRWHhwIn0.AGg2jPigJXs6Bw0yVqRC9Nt1NCb77vKYWiNJ7z4x3RM
JWT ERROR: Signature has expired.
RECEIVED TOKEN: eyJhbGciOiJIUzI1NiIsInR5cCI6IkpXVCJ9.eyJleHAiOjE3OTAxODEwOTIsInN1YiI6InVzZXJfM0hyd216MDhCT09yRTVYQnJhU01xZlNRWHhwIn0.AGg2jPigJXs6Bw0yVqRC9Nt1NCb77vKYWiNJ7z4x3RM
JWT ERROR: Signature has expired.
RECEIVED TOKEN: eyJhbGciOiJIUzI1NiIsInR5cCI6IkpXVCJ9.eyJleHAiOjE3OTAxODEwOTIsInN1YiI6InVzZXJfM0hyd216MDhCT09yRTVYQnJhU01xZlNRWHhwIn0.AGg2jPigJXs6Bw0yVqRC9Nt1NCb77vKYWiNJ7z4x3RM
JWT ERROR: Signature has expired.
RECEIVED TOKEN: eyJhbGciOiJIUzI1NiIsInR5cCI6IkpXVCJ9.eyJleHAiOjE3OTAxODEwOTIsInN1YiI6InVzZXJfM0hyd216MDhCT09yRTVYQnJhU01xZlNRWHhwIn0.AGg2jPigJXs6Bw0yVqRC9Nt1NCb77vKYWiNJ7z4x3RM
JWT ERROR: Signature has expired.
RECEIVED TOKEN: eyJhbGciOiJIUzI1NiIsInR5cCI6IkpXVCJ9.eyJleHAiOjE3OTAxODEwOTIsInN1YiI6InVzZXJfM0hyd216MDhCT09yRTVYQnJhU01xZlNRWHhwIn0.AGg2jPigJXs6Bw0yVqRC9Nt1NCb77vKYWiNJ7z4x3RM
JWT ERROR: Signature has expired.
RECEIVED TOKEN: eyJhbGciOiJIUzI1NiIsInR5cCI6IkpXVCJ9.eyJleHAiOjE3OTAxODEwOTIsInN1YiI6InVzZXJfM0hyd216MDhCT09yRTVYQnJhU01xZlNRWHhwIn0.AGg2jPigJXs6Bw0yVqRC9Nt1NCb77vKYWiNJ7z4x3RM
JWT ERROR: Signature has expired.
RECEIVED TOKEN: eyJhbGciOiJIUzI1NiIsInR5cCI6IkpXVCJ9.eyJleHAiOjE3OTAxODEwOTIsInN1YiI6InVzZXJfM0hyd216MDhCT09yRTVYQnJhU01xZlNRWHhwIn0.AGg2jPigJXs6Bw0yVqRC9Nt1NCb77vKYWiNJ7z4x3RM
JWT ERROR: Signature has expired.
RECEIVED TOKEN: eyJhbGciOiJIUzI1NiIsInR5cCI6IkpXVCJ9.eyJleHAiOjE3OTAxODEwOTIsInN1YiI6InVzZXJfM0hyd216MDhCT09yRTVYQnJhU01xZlNRWHhwIn0.AGg2jPigJXs6Bw0yVqRC9Nt1NCb77vKYWiNJ7z4x3RM
JWT ERROR: Signature has expired.
RECEIVED TOKEN: eyJhbGciOiJIUzI1NiIsInR5cCI6IkpXVCJ9.eyJleHAiOjE3OTAxODEwOTIsInN1YiI6InVzZXJfM0hyd216MDhCT09yRTVYQnJhU01xZlNRWHhwIn0.AGg2jPigJXs6Bw0yVqRC9Nt1NCb77vKYWiNJ7z4x3RM
JWT ERROR: Signature has expired.
RECEIVED TOKEN: eyJhbGciOiJIUzI1NiIsInR5cCI6IkpXVCJ9.eyJleHAiOjE3OTAxODEwOTIsInN1YiI6InVzZXJfM0hyd216MDhCT09yRTVYQnJhU01xZlNRWHhwIn0.AGg2jPigJXs6Bw0yVqRC9Nt1NCb77vKYWiNJ7z4x3RM
JWT ERROR: Signature has expired.
RECEIVED TOKEN: eyJhbGciOiJIUzI1NiIsInR5cCI6IkpXVCJ9.eyJleHAiOjE3OTAxODEwOTIsInN1YiI6InVzZXJfM0hyd216MDhCT09yRTVYQnJhU01xZlNRWHhwIn0.AGg2jPigJXs6Bw0yVqRC9Nt1NCb77vKYWiNJ7z4x3RM
JWT ERROR: Signature has expired.
RECEIVED TOKEN: eyJhbGciOiJIUzI1NiIsInR5cCI6IkpXVCJ9.eyJleHAiOjE3OTAxODEwOTIsInN1YiI6InVzZXJfM0hyd216MDhCT09yRTVYQnJhU01xZlNRWHhwIn0.AGg2jPigJXs6Bw0yVqRC9Nt1NCb77vKYWiNJ7z4x3RM
JWT ERROR: Signature has expired.
RECEIVED TOKEN: eyJhbGciOiJIUzI1NiIsInR5cCI6IkpXVCJ9.eyJleHAiOjE3OTAxODEwOTIsInN1YiI6InVzZXJfM0hyd216MDhCT09yRTVYQnJhU01xZlNRWHhwIn0.AGg2jPigJXs6Bw0yVqRC9Nt1NCb77vKYWiNJ7z4x3RM
JWT ERROR: Signature has expired.
RECEIVED TOKEN: eyJhbGciOiJIUzI1NiIsInR5cCI6IkpXVCJ9.eyJleHAiOjE3OTAxODEwOTIsInN1YiI6InVzZXJfM0hyd216MDhCT09yRTVYQnJhU01xZlNRWHhwIn0.AGg2jPigJXs6Bw0yVqRC9Nt1NCb77vKYWiNJ7z4x3RM
JWT ERROR: Signature has expired.
RECEIVED TOKEN: eyJhbGciOiJIUzI1NiIsInR5cCI6IkpXVCJ9.eyJleHAiOjE3OTAxODEwOTIsInN1YiI6InVzZXJfM0hyd216MDhCT09yRTVYQnJhU01xZlNRWHhwIn0.AGg2jPigJXs6Bw0yVqRC9Nt1NCb77vKYWiNJ7z4x3RM
JWT ERROR: Signature has expired.
RECEIVED TOKEN: eyJhbGciOiJIUzI1NiIsInR5cCI6IkpXVCJ9.eyJleHAiOjE3OTAxODEwOTIsInN1YiI6InVzZXJfM0hyd216MDhCT09yRTVYQnJhU01xZlNRWHhwIn0.AGg2jPigJXs6Bw0yVqRC9Nt1NCb77vKYWiNJ7z4x3RM
JWT ERROR: Signature has expired.
RECEIVED TOKEN: eyJhbGciOiJIUzI1NiIsInR5cCI6IkpXVCJ9.eyJleHAiOjE3OTAxODEwOTIsInN1YiI6InVzZXJfM0hyd216MDhCT09yRTVYQnJhU01xZlNRWHhwIn0.AGg2jPigJXs6Bw0yVqRC9Nt1NCb77vKYWiNJ7z4x3RM
JWT ERROR: Signature has expired.
RECEIVED TOKEN: eyJhbGciOiJIUzI1NiIsInR5cCI6IkpXVCJ9.eyJleHAiOjE3OTA4NDczMjYsInN1YiI6InVzZXJfM0hyd216MDhCT09yRTVYQnJhU01xZlNRWHhwIn0.khiFzMCbjZLX9freprXaJib6n2axAqT9Y9hdXWTOQRU
DECODED PAYLOAD: {'exp': 1790847326, 'sub': 'user_3Hrwmz08BOOrE5XBraSMqfSQXxp'}
RECEIVED TOKEN: eyJhbGciOiJIUzI1NiIsInR5cCI6IkpXVCJ9.eyJleHAiOjE3OTA4NDczMjYsInN1YiI6InVzZXJfM0hyd216MDhCT09yRTVYQnJhU01xZlNRWHhwIn0.khiFzMCbjZLX9freprXaJib6n2axAqT9Y9hdXWTOQRU
DECODED PAYLOAD: {'exp': 1790847326, 'sub': 'user_3Hrwmz08BOOrE5XBraSMqfSQXxp'}
RECEIVED TOKEN: eyJhbGciOiJIUzI1NiIsInR5cCI6IkpXVCJ9.eyJleHAiOjE3OTA4NDczMjYsInN1YiI6InVzZXJfM0hyd216MDhCT09yRTVYQnJhU01xZlNRWHhwIn0.khiFzMCbjZLX9freprXaJib6n2axAqT9Y9hdXWTOQRU
DECODED PAYLOAD: {'exp': 1790847326, 'sub': 'user_3Hrwmz08BOOrE5XBraSMqfSQXxp'}
GET_CURRENT_USER: user_3Hrwmz08BOOrE5XBraSMqfSQXxp -> <app.models.core.User object at 0x0000024784FB6C30>
RECEIVED TOKEN: eyJhbGciOiJIUzI1NiIsInR5cCI6IkpXVCJ9.eyJleHAiOjE3OTA4NDczMjYsInN1YiI6InVzZXJfM0hyd216MDhCT09yRTVYQnJhU01xZlNRWHhwIn0.khiFzMCbjZLX9freprXaJib6n2axAqT9Y9hdXWTOQRU
DECODED PAYLOAD: {'exp': 1790847326, 'sub': 'user_3Hrwmz08BOOrE5XBraSMqfSQXxp'}
GET_CURRENT_USER: user_3Hrwmz08BOOrE5XBraSMqfSQXxp -> <app.models.core.User object at 0x0000024784FB6C30>
RECEIVED TOKEN: eyJhbGciOiJIUzI1NiIsInR5cCI6IkpXVCJ9.eyJleHAiOjE3OTA4NDczMjYsInN1YiI6InVzZXJfM0hyd216MDhCT09yRTVYQnJhU01xZlNRWHhwIn0.khiFzMCbjZLX9freprXaJib6n2axAqT9Y9hdXWTOQRU
DECODED PAYLOAD: {'exp': 1790847326, 'sub': 'user_3Hrwmz08BOOrE5XBraSMqfSQXxp'}
GET_CURRENT_USER: user_3Hrwmz08BOOrE5XBraSMqfSQXxp -> <app.models.core.User object at 0x0000024784FB72B0>
RECEIVED TOKEN: eyJhbGciOiJIUzI1NiIsInR5cCI6IkpXVCJ9.eyJleHAiOjE3OTA4NDczMjYsInN1YiI6InVzZXJfM0hyd216MDhCT09yRTVYQnJhU01xZlNRWHhwIn0.khiFzMCbjZLX9freprXaJib6n2axAqT9Y9hdXWTOQRU
DECODED PAYLOAD: {'exp': 1790847326, 'sub': 'user_3Hrwmz08BOOrE5XBraSMqfSQXxp'}
GET_CURRENT_USER: user_3Hrwmz08BOOrE5XBraSMqfSQXxp -> <app.models.core.User object at 0x0000024784D682C0>
RECEIVED TOKEN: eyJhbGciOiJIUzI1NiIsInR5cCI6IkpXVCJ9.eyJleHAiOjE3OTA4NDczMjYsInN1YiI6InVzZXJfM0hyd216MDhCT09yRTVYQnJhU01xZlNRWHhwIn0.khiFzMCbjZLX9freprXaJib6n2axAqT9Y9hdXWTOQRU
DECODED PAYLOAD: {'exp': 1790847326, 'sub': 'user_3Hrwmz08BOOrE5XBraSMqfSQXxp'}
GET_CURRENT_USER: user_3Hrwmz08BOOrE5XBraSMqfSQXxp -> <app.models.core.User object at 0x0000024784D68E20>
RECEIVED TOKEN: eyJhbGciOiJIUzI1NiIsInR5cCI6IkpXVCJ9.eyJleHAiOjE3OTA4NDczMjYsInN1YiI6InVzZXJfM0hyd216MDhCT09yRTVYQnJhU01xZlNRWHhwIn0.khiFzMCbjZLX9freprXaJib6n2axAqT9Y9hdXWTOQRU
DECODED PAYLOAD: {'exp': 1790847326, 'sub': 'user_3Hrwmz08BOOrE5XBraSMqfSQXxp'}
RECEIVED TOKEN: eyJhbGciOiJIUzI1NiIsInR5cCI6IkpXVCJ9.eyJleHAiOjE3OTA4NDczMjYsInN1YiI6InVzZXJfM0hyd216MDhCT09yRTVYQnJhU01xZlNRWHhwIn0.khiFzMCbjZLX9freprXaJib6n2axAqT9Y9hdXWTOQRU
DECODED PAYLOAD: {'exp': 1790847326, 'sub': 'user_3Hrwmz08BOOrE5XBraSMqfSQXxp'}
GET_CURRENT_USER: user_3Hrwmz08BOOrE5XBraSMqfSQXxp -> <app.models.core.User object at 0x0000024783C398B0>
RECEIVED TOKEN: eyJhbGciOiJIUzI1NiIsInR5cCI6IkpXVCJ9.eyJleHAiOjE3OTA4NDczMjYsInN1YiI6InVzZXJfM0hyd216MDhCT09yRTVYQnJhU01xZlNRWHhwIn0.khiFzMCbjZLX9freprXaJib6n2axAqT9Y9hdXWTOQRU
DECODED PAYLOAD: {'exp': 1790847326, 'sub': 'user_3Hrwmz08BOOrE5XBraSMqfSQXxp'}
GET_CURRENT_USER: user_3Hrwmz08BOOrE5XBraSMqfSQXxp -> <app.models.core.User object at 0x0000024783C39710>
GET_CURRENT_USER: user_3Hrwmz08BOOrE5XBraSMqfSQXxp -> <app.models.core.User object at 0x0000024784D68940>
RECEIVED TOKEN: eyJhbGciOiJIUzI1NiIsInR5cCI6IkpXVCJ9.eyJleHAiOjE3OTA4NDczMjYsInN1YiI6InVzZXJfM0hyd216MDhCT09yRTVYQnJhU01xZlNRWHhwIn0.khiFzMCbjZLX9freprXaJib6n2axAqT9Y9hdXWTOQRU
DECODED PAYLOAD: {'exp': 1790847326, 'sub': 'user_3Hrwmz08BOOrE5XBraSMqfSQXxp'}
GET_CURRENT_USER: user_3Hrwmz08BOOrE5XBraSMqfSQXxp -> <app.models.core.User object at 0x0000024783C397E0>
RECEIVED TOKEN: eyJhbGciOiJIUzI1NiIsInR5cCI6IkpXVCJ9.eyJleHAiOjE3OTA4NDczMjYsInN1YiI6InVzZXJfM0hyd216MDhCT09yRTVYQnJhU01xZlNRWHhwIn0.khiFzMCbjZLX9freprXaJib6n2axAqT9Y9hdXWTOQRU
DECODED PAYLOAD: {'exp': 1790847326, 'sub': 'user_3Hrwmz08BOOrE5XBraSMqfSQXxp'}
GET_CURRENT_USER: user_3Hrwmz08BOOrE5XBraSMqfSQXxp -> <app.models.core.User object at 0x0000024783C3BC70>
RECEIVED TOKEN: eyJhbGciOiJIUzI1NiIsInR5cCI6IkpXVCJ9.eyJleHAiOjE3OTA4NDczMjYsInN1YiI6InVzZXJfM0hyd216MDhCT09yRTVYQnJhU01xZlNRWHhwIn0.khiFzMCbjZLX9freprXaJib6n2axAqT9Y9hdXWTOQRU
DECODED PAYLOAD: {'exp': 1790847326, 'sub': 'user_3Hrwmz08BOOrE5XBraSMqfSQXxp'}
GET_CURRENT_USER: user_3Hrwmz08BOOrE5XBraSMqfSQXxp -> <app.models.core.User object at 0x0000024783C38D50>
RECEIVED TOKEN: eyJhbGciOiJIUzI1NiIsInR5cCI6IkpXVCJ9.eyJleHAiOjE3OTA4NDczMjYsInN1YiI6InVzZXJfM0hyd216MDhCT09yRTVYQnJhU01xZlNRWHhwIn0.khiFzMCbjZLX9freprXaJib6n2axAqT9Y9hdXWTOQRU
DECODED PAYLOAD: {'exp': 1790847326, 'sub': 'user_3Hrwmz08BOOrE5XBraSMqfSQXxp'}
GET_CURRENT_USER: user_3Hrwmz08BOOrE5XBraSMqfSQXxp -> <app.models.core.User object at 0x0000024783C38FC0>
RECEIVED TOKEN: eyJhbGciOiJIUzI1NiIsInR5cCI6IkpXVCJ9.eyJleHAiOjE3OTA4NDczMjYsInN1YiI6InVzZXJfM0hyd216MDhCT09yRTVYQnJhU01xZlNRWHhwIn0.khiFzMCbjZLX9freprXaJib6n2axAqT9Y9hdXWTOQRU
DECODED PAYLOAD: {'exp': 1790847326, 'sub': 'user_3Hrwmz08BOOrE5XBraSMqfSQXxp'}
GET_CURRENT_USER: user_3Hrwmz08BOOrE5XBraSMqfSQXxp -> <app.models.core.User object at 0x0000024783C39640>
RECEIVED TOKEN: eyJhbGciOiJIUzI1NiIsInR5cCI6IkpXVCJ9.eyJleHAiOjE3OTA4NDczMjYsInN1YiI6InVzZXJfM0hyd216MDhCT09yRTVYQnJhU01xZlNRWHhwIn0.khiFzMCbjZLX9freprXaJib6n2axAqT9Y9hdXWTOQRU
DECODED PAYLOAD: {'exp': 1790847326, 'sub': 'user_3Hrwmz08BOOrE5XBraSMqfSQXxp'}
GET_CURRENT_USER: user_3Hrwmz08BOOrE5XBraSMqfSQXxp -> <app.models.core.User object at 0x0000024783C397E0>
RECEIVED TOKEN: eyJhbGciOiJIUzI1NiIsInR5cCI6IkpXVCJ9.eyJleHAiOjE3OTA4NDczMjYsInN1YiI6InVzZXJfM0hyd216MDhCT09yRTVYQnJhU01xZlNRWHhwIn0.khiFzMCbjZLX9freprXaJib6n2axAqT9Y9hdXWTOQRU
DECODED PAYLOAD: {'exp': 1790847326, 'sub': 'user_3Hrwmz08BOOrE5XBraSMqfSQXxp'}
GET_CURRENT_USER: user_3Hrwmz08BOOrE5XBraSMqfSQXxp -> <app.models.core.User object at 0x0000024784D68C80>
RECEIVED TOKEN: eyJhbGciOiJIUzI1NiIsInR5cCI6IkpXVCJ9.eyJleHAiOjE3OTA4NDczMjYsInN1YiI6InVzZXJfM0hyd216MDhCT09yRTVYQnJhU01xZlNRWHhwIn0.khiFzMCbjZLX9freprXaJib6n2axAqT9Y9hdXWTOQRU
DECODED PAYLOAD: {'exp': 1790847326, 'sub': 'user_3Hrwmz08BOOrE5XBraSMqfSQXxp'}
RECEIVED TOKEN: eyJhbGciOiJIUzI1NiIsInR5cCI6IkpXVCJ9.eyJleHAiOjE3OTA4NDczMjYsInN1YiI6InVzZXJfM0hyd216MDhCT09yRTVYQnJhU01xZlNRWHhwIn0.khiFzMCbjZLX9freprXaJib6n2axAqT9Y9hdXWTOQRU
DECODED PAYLOAD: {'exp': 1790847326, 'sub': 'user_3Hrwmz08BOOrE5XBraSMqfSQXxp'}
RECEIVED TOKEN: eyJhbGciOiJIUzI1NiIsInR5cCI6IkpXVCJ9.eyJleHAiOjE3OTA4NDczMjYsInN1YiI6InVzZXJfM0hyd216MDhCT09yRTVYQnJhU01xZlNRWHhwIn0.khiFzMCbjZLX9freprXaJib6n2axAqT9Y9hdXWTOQRU
DECODED PAYLOAD: {'exp': 1790847326, 'sub': 'user_3Hrwmz08BOOrE5XBraSMqfSQXxp'}
GET_CURRENT_USER: user_3Hrwmz08BOOrE5XBraSMqfSQXxp -> <app.models.core.User object at 0x0000024784FB5160>
GET_CURRENT_USER: user_3Hrwmz08BOOrE5XBraSMqfSQXxp -> <app.models.core.User object at 0x0000024783C38D50>
RECEIVED TOKEN: eyJhbGciOiJIUzI1NiIsInR5cCI6IkpXVCJ9.eyJleHAiOjE3OTA4NDczMjYsInN1YiI6InVzZXJfM0hyd216MDhCT09yRTVYQnJhU01xZlNRWHhwIn0.khiFzMCbjZLX9freprXaJib6n2axAqT9Y9hdXWTOQRU
DECODED PAYLOAD: {'exp': 1790847326, 'sub': 'user_3Hrwmz08BOOrE5XBraSMqfSQXxp'}
GET_CURRENT_USER: user_3Hrwmz08BOOrE5XBraSMqfSQXxp -> <app.models.core.User object at 0x0000024783C38FC0>
RECEIVED TOKEN: eyJhbGciOiJIUzI1NiIsInR5cCI6IkpXVCJ9.eyJleHAiOjE3OTA4NDczMjYsInN1YiI6InVzZXJfM0hyd216MDhCT09yRTVYQnJhU01xZlNRWHhwIn0.khiFzMCbjZLX9freprXaJib6n2axAqT9Y9hdXWTOQRU
DECODED PAYLOAD: {'exp': 1790847326, 'sub': 'user_3Hrwmz08BOOrE5XBraSMqfSQXxp'}
RECEIVED TOKEN: eyJhbGciOiJIUzI1NiIsInR5cCI6IkpXVCJ9.eyJleHAiOjE3OTA4NDczMjYsInN1YiI6InVzZXJfM0hyd216MDhCT09yRTVYQnJhU01xZlNRWHhwIn0.khiFzMCbjZLX9freprXaJib6n2axAqT9Y9hdXWTOQRU
DECODED PAYLOAD: {'exp': 1790847326, 'sub': 'user_3Hrwmz08BOOrE5XBraSMqfSQXxp'}
GET_CURRENT_USER: user_3Hrwmz08BOOrE5XBraSMqfSQXxp -> <app.models.core.User object at 0x0000024784D6A9C0>
RECEIVED TOKEN: eyJhbGciOiJIUzI1NiIsInR5cCI6IkpXVCJ9.eyJleHAiOjE3OTA4NDczMjYsInN1YiI6InVzZXJfM0hyd216MDhCT09yRTVYQnJhU01xZlNRWHhwIn0.khiFzMCbjZLX9freprXaJib6n2axAqT9Y9hdXWTOQRU
DECODED PAYLOAD: {'exp': 1790847326, 'sub': 'user_3Hrwmz08BOOrE5XBraSMqfSQXxp'}
GET_CURRENT_USER: user_3Hrwmz08BOOrE5XBraSMqfSQXxp -> <app.models.core.User object at 0x0000024784FB4A10>
GET_CURRENT_USER: user_3Hrwmz08BOOrE5XBraSMqfSQXxp -> <app.models.core.User object at 0x0000024784D6A5B0>
RECEIVED TOKEN: eyJhbGciOiJIUzI1NiIsInR5cCI6IkpXVCJ9.eyJleHAiOjE3OTA4NDczMjYsInN1YiI6InVzZXJfM0hyd216MDhCT09yRTVYQnJhU01xZlNRWHhwIn0.khiFzMCbjZLX9freprXaJib6n2axAqT9Y9hdXWTOQRU
DECODED PAYLOAD: {'exp': 1790847326, 'sub': 'user_3Hrwmz08BOOrE5XBraSMqfSQXxp'}
GET_CURRENT_USER: user_3Hrwmz08BOOrE5XBraSMqfSQXxp -> <app.models.core.User object at 0x0000024783C39710>
RECEIVED TOKEN: eyJhbGciOiJIUzI1NiIsInR5cCI6IkpXVCJ9.eyJleHAiOjE3OTA4NDczMjYsInN1YiI6InVzZXJfM0hyd216MDhCT09yRTVYQnJhU01xZlNRWHhwIn0.khiFzMCbjZLX9freprXaJib6n2axAqT9Y9hdXWTOQRU
DECODED PAYLOAD: {'exp': 1790847326, 'sub': 'user_3Hrwmz08BOOrE5XBraSMqfSQXxp'}
GET_CURRENT_USER: user_3Hrwmz08BOOrE5XBraSMqfSQXxp -> <app.models.core.User object at 0x0000024784D6B790>
RECEIVED TOKEN: eyJhbGciOiJIUzI1NiIsInR5cCI6IkpXVCJ9.eyJleHAiOjE3OTA4NDczMjYsInN1YiI6InVzZXJfM0hyd216MDhCT09yRTVYQnJhU01xZlNRWHhwIn0.khiFzMCbjZLX9freprXaJib6n2axAqT9Y9hdXWTOQRU
DECODED PAYLOAD: {'exp': 1790847326, 'sub': 'user_3Hrwmz08BOOrE5XBraSMqfSQXxp'}
GET_CURRENT_USER: user_3Hrwmz08BOOrE5XBraSMqfSQXxp -> <app.models.core.User object at 0x0000024784D6B790>
RECEIVED TOKEN: eyJhbGciOiJIUzI1NiIsInR5cCI6IkpXVCJ9.eyJleHAiOjE3OTA4NDczMjYsInN1YiI6InVzZXJfM0hyd216MDhCT09yRTVYQnJhU01xZlNRWHhwIn0.khiFzMCbjZLX9freprXaJib6n2axAqT9Y9hdXWTOQRU
DECODED PAYLOAD: {'exp': 1790847326, 'sub': 'user_3Hrwmz08BOOrE5XBraSMqfSQXxp'}
GET_CURRENT_USER: user_3Hrwmz08BOOrE5XBraSMqfSQXxp -> <app.models.core.User object at 0x0000024784D6A9C0>
RECEIVED TOKEN: eyJhbGciOiJIUzI1NiIsInR5cCI6IkpXVCJ9.eyJleHAiOjE3OTA4NDczMjYsInN1YiI6InVzZXJfM0hyd216MDhCT09yRTVYQnJhU01xZlNRWHhwIn0.khiFzMCbjZLX9freprXaJib6n2axAqT9Y9hdXWTOQRU
DECODED PAYLOAD: {'exp': 1790847326, 'sub': 'user_3Hrwmz08BOOrE5XBraSMqfSQXxp'}
GET_CURRENT_USER: user_3Hrwmz08BOOrE5XBraSMqfSQXxp -> <app.models.core.User object at 0x0000024784D6B790>
RECEIVED TOKEN: eyJhbGciOiJIUzI1NiIsInR5cCI6IkpXVCJ9.eyJleHAiOjE3OTA4NDczMjYsInN1YiI6InVzZXJfM0hyd216MDhCT09yRTVYQnJhU01xZlNRWHhwIn0.khiFzMCbjZLX9freprXaJib6n2axAqT9Y9hdXWTOQRU
DECODED PAYLOAD: {'exp': 1790847326, 'sub': 'user_3Hrwmz08BOOrE5XBraSMqfSQXxp'}
GET_CURRENT_USER: user_3Hrwmz08BOOrE5XBraSMqfSQXxp -> <app.models.core.User object at 0x0000024784D6A680>
RECEIVED TOKEN: eyJhbGciOiJIUzI1NiIsInR5cCI6IkpXVCJ9.eyJleHAiOjE3OTA4NDczMjYsInN1YiI6InVzZXJfM0hyd216MDhCT09yRTVYQnJhU01xZlNRWHhwIn0.khiFzMCbjZLX9freprXaJib6n2axAqT9Y9hdXWTOQRU
DECODED PAYLOAD: {'exp': 1790847326, 'sub': 'user_3Hrwmz08BOOrE5XBraSMqfSQXxp'}
GET_CURRENT_USER: user_3Hrwmz08BOOrE5XBraSMqfSQXxp -> <app.models.core.User object at 0x0000024783C38A10>
RECEIVED TOKEN: eyJhbGciOiJIUzI1NiIsInR5cCI6IkpXVCJ9.eyJzdWIiOiJ1c2VyXzNIcndtejA4Qk9PckU1WEJyYVNNcWZTUVh4cCIsImV4cCI6MTc5MDI0NzI2Mn0.Ef11LROZT4BUktyafzD1yPPHzfhLjdV_W2Q_rfGfRkw
DECODED PAYLOAD: {'sub': 'user_3Hrwmz08BOOrE5XBraSMqfSQXxp', 'exp': 1790247262}
GET_CURRENT_USER: user_3Hrwmz08BOOrE5XBraSMqfSQXxp -> <app.models.core.User object at 0x000001F1A6ECDBE0>
RECEIVED TOKEN: eyJhbGciOiJIUzI1NiIsInR5cCI6IkpXVCJ9.eyJzdWIiOiJ1c2VyXzNIcndtejA4Qk9PckU1WEJyYVNNcWZTUVh4cCIsImV4cCI6MTc5MDI0NzI2Mn0.Ef11LROZT4BUktyafzD1yPPHzfhLjdV_W2Q_rfGfRkw
DECODED PAYLOAD: {'sub': 'user_3Hrwmz08BOOrE5XBraSMqfSQXxp', 'exp': 1790247262}
GET_CURRENT_USER: user_3Hrwmz08BOOrE5XBraSMqfSQXxp -> <app.models.core.User object at 0x000001F1A6E61950>
RECEIVED TOKEN: eyJhbGciOiJIUzI1NiIsInR5cCI6IkpXVCJ9.eyJzdWIiOiJ1c2VyXzNIcndtejA4Qk9PckU1WEJyYVNNcWZTUVh4cCIsImV4cCI6MTc5MDI0NzI2Mn0.Ef11LROZT4BUktyafzD1yPPHzfhLjdV_W2Q_rfGfRkw
DECODED PAYLOAD: {'sub': 'user_3Hrwmz08BOOrE5XBraSMqfSQXxp', 'exp': 1790247262}
GET_CURRENT_USER: user_3Hrwmz08BOOrE5XBraSMqfSQXxp -> <app.models.core.User object at 0x000001F1A6E61810>
RECEIVED TOKEN: eyJhbGciOiJIUzI1NiIsInR5cCI6IkpXVCJ9.eyJleHAiOjE3OTA4NDczMjYsInN1YiI6InVzZXJfM0hyd216MDhCT09yRTVYQnJhU01xZlNRWHhwIn0.khiFzMCbjZLX9freprXaJib6n2axAqT9Y9hdXWTOQRU
DECODED PAYLOAD: {'exp': 1790847326, 'sub': 'user_3Hrwmz08BOOrE5XBraSMqfSQXxp'}
GET_CURRENT_USER: user_3Hrwmz08BOOrE5XBraSMqfSQXxp -> <app.models.core.User object at 0x000001F1A715DF30>
RECEIVED TOKEN: eyJhbGciOiJIUzI1NiIsInR5cCI6IkpXVCJ9.eyJleHAiOjE3OTA4NDczMjYsInN1YiI6InVzZXJfM0hyd216MDhCT09yRTVYQnJhU01xZlNRWHhwIn0.khiFzMCbjZLX9freprXaJib6n2axAqT9Y9hdXWTOQRU
DECODED PAYLOAD: {'exp': 1790847326, 'sub': 'user_3Hrwmz08BOOrE5XBraSMqfSQXxp'}
RECEIVED TOKEN: eyJhbGciOiJIUzI1NiIsInR5cCI6IkpXVCJ9.eyJleHAiOjE3OTA4NDczMjYsInN1YiI6InVzZXJfM0hyd216MDhCT09yRTVYQnJhU01xZlNRWHhwIn0.khiFzMCbjZLX9freprXaJib6n2axAqT9Y9hdXWTOQRU
DECODED PAYLOAD: {'exp': 1790847326, 'sub': 'user_3Hrwmz08BOOrE5XBraSMqfSQXxp'}
GET_CURRENT_USER: user_3Hrwmz08BOOrE5XBraSMqfSQXxp -> <app.models.core.User object at 0x000001F1A715A690>
RECEIVED TOKEN: eyJhbGciOiJIUzI1NiIsInR5cCI6IkpXVCJ9.eyJleHAiOjE3OTA4NDczMjYsInN1YiI6InVzZXJfM0hyd216MDhCT09yRTVYQnJhU01xZlNRWHhwIn0.khiFzMCbjZLX9freprXaJib6n2axAqT9Y9hdXWTOQRU
DECODED PAYLOAD: {'exp': 1790847326, 'sub': 'user_3Hrwmz08BOOrE5XBraSMqfSQXxp'}
RECEIVED TOKEN: eyJhbGciOiJIUzI1NiIsInR5cCI6IkpXVCJ9.eyJleHAiOjE3OTA4NDczMjYsInN1YiI6InVzZXJfM0hyd216MDhCT09yRTVYQnJhU01xZlNRWHhwIn0.khiFzMCbjZLX9freprXaJib6n2axAqT9Y9hdXWTOQRU
DECODED PAYLOAD: {'exp': 1790847326, 'sub': 'user_3Hrwmz08BOOrE5XBraSMqfSQXxp'}
GET_CURRENT_USER: user_3Hrwmz08BOOrE5XBraSMqfSQXxp -> <app.models.core.User object at 0x000001F1A6D58450>
GET_CURRENT_USER: user_3Hrwmz08BOOrE5XBraSMqfSQXxp -> <app.models.core.User object at 0x000001F1A7016E50>
RECEIVED TOKEN: eyJhbGciOiJIUzI1NiIsInR5cCI6IkpXVCJ9.eyJleHAiOjE3OTA4NDczMjYsInN1YiI6InVzZXJfM0hyd216MDhCT09yRTVYQnJhU01xZlNRWHhwIn0.khiFzMCbjZLX9freprXaJib6n2axAqT9Y9hdXWTOQRU
DECODED PAYLOAD: {'exp': 1790847326, 'sub': 'user_3Hrwmz08BOOrE5XBraSMqfSQXxp'}
GET_CURRENT_USER: user_3Hrwmz08BOOrE5XBraSMqfSQXxp -> <app.models.core.User object at 0x000001F1A6C1F2F0>
RECEIVED TOKEN: eyJhbGciOiJIUzI1NiIsInR5cCI6IkpXVCJ9.eyJleHAiOjE3OTA4NDczMjYsInN1YiI6InVzZXJfM0hyd216MDhCT09yRTVYQnJhU01xZlNRWHhwIn0.khiFzMCbjZLX9freprXaJib6n2axAqT9Y9hdXWTOQRU
DECODED PAYLOAD: {'exp': 1790847326, 'sub': 'user_3Hrwmz08BOOrE5XBraSMqfSQXxp'}
GET_CURRENT_USER: user_3Hrwmz08BOOrE5XBraSMqfSQXxp -> <app.models.core.User object at 0x000001F1A6E7A190>
RECEIVED TOKEN: eyJhbGciOiJIUzI1NiIsInR5cCI6IkpXVCJ9.eyJleHAiOjE3OTA4NDczMjYsInN1YiI6InVzZXJfM0hyd216MDhCT09yRTVYQnJhU01xZlNRWHhwIn0.khiFzMCbjZLX9freprXaJib6n2axAqT9Y9hdXWTOQRU
DECODED PAYLOAD: {'exp': 1790847326, 'sub': 'user_3Hrwmz08BOOrE5XBraSMqfSQXxp'}
GET_CURRENT_USER: user_3Hrwmz08BOOrE5XBraSMqfSQXxp -> <app.models.core.User object at 0x000001F1A71BD710>
RECEIVED TOKEN: eyJhbGciOiJIUzI1NiIsInR5cCI6IkpXVCJ9.eyJleHAiOjE3OTA4NDczMjYsInN1YiI6InVzZXJfM0hyd216MDhCT09yRTVYQnJhU01xZlNRWHhwIn0.khiFzMCbjZLX9freprXaJib6n2axAqT9Y9hdXWTOQRU
DECODED PAYLOAD: {'exp': 1790847326, 'sub': 'user_3Hrwmz08BOOrE5XBraSMqfSQXxp'}
GET_CURRENT_USER: user_3Hrwmz08BOOrE5XBraSMqfSQXxp -> <app.models.core.User object at 0x000001F1A6E76B60>
RECEIVED TOKEN: eyJhbGciOiJIUzI1NiIsInR5cCI6IkpXVCJ9.eyJleHAiOjE3OTA4NDczMjYsInN1YiI6InVzZXJfM0hyd216MDhCT09yRTVYQnJhU01xZlNRWHhwIn0.khiFzMCbjZLX9freprXaJib6n2axAqT9Y9hdXWTOQRU
DECODED PAYLOAD: {'exp': 1790847326, 'sub': 'user_3Hrwmz08BOOrE5XBraSMqfSQXxp'}
GET_CURRENT_USER: user_3Hrwmz08BOOrE5XBraSMqfSQXxp -> <app.models.core.User object at 0x000001F1A7195710>
RECEIVED TOKEN: eyJhbGciOiJIUzI1NiIsInR5cCI6IkpXVCJ9.eyJleHAiOjE3OTA4NDczMjYsInN1YiI6InVzZXJfM0hyd216MDhCT09yRTVYQnJhU01xZlNRWHhwIn0.khiFzMCbjZLX9freprXaJib6n2axAqT9Y9hdXWTOQRU
DECODED PAYLOAD: {'exp': 1790847326, 'sub': 'user_3Hrwmz08BOOrE5XBraSMqfSQXxp'}
GET_CURRENT_USER: user_3Hrwmz08BOOrE5XBraSMqfSQXxp -> <app.models.core.User object at 0x000001F1A7194600>
RECEIVED TOKEN: eyJhbGciOiJIUzI1NiIsInR5cCI6IkpXVCJ9.eyJleHAiOjE3OTA4NDczMjYsInN1YiI6InVzZXJfM0hyd216MDhCT09yRTVYQnJhU01xZlNRWHhwIn0.khiFzMCbjZLX9freprXaJib6n2axAqT9Y9hdXWTOQRU
DECODED PAYLOAD: {'exp': 1790847326, 'sub': 'user_3Hrwmz08BOOrE5XBraSMqfSQXxp'}
RECEIVED TOKEN: eyJhbGciOiJIUzI1NiIsInR5cCI6IkpXVCJ9.eyJleHAiOjE3OTA4NDczMjYsInN1YiI6InVzZXJfM0hyd216MDhCT09yRTVYQnJhU01xZlNRWHhwIn0.khiFzMCbjZLX9freprXaJib6n2axAqT9Y9hdXWTOQRU
DECODED PAYLOAD: {'exp': 1790847326, 'sub': 'user_3Hrwmz08BOOrE5XBraSMqfSQXxp'}
GET_CURRENT_USER: user_3Hrwmz08BOOrE5XBraSMqfSQXxp -> <app.models.core.User object at 0x000001F1A7196EA0>
RECEIVED TOKEN: eyJhbGciOiJIUzI1NiIsInR5cCI6IkpXVCJ9.eyJleHAiOjE3OTA4NDczMjYsInN1YiI6InVzZXJfM0hyd216MDhCT09yRTVYQnJhU01xZlNRWHhwIn0.khiFzMCbjZLX9freprXaJib6n2axAqT9Y9hdXWTOQRU
DECODED PAYLOAD: {'exp': 1790847326, 'sub': 'user_3Hrwmz08BOOrE5XBraSMqfSQXxp'}
GET_CURRENT_USER: user_3Hrwmz08BOOrE5XBraSMqfSQXxp -> <app.models.core.User object at 0x000001F1A7194A10>
GET_CURRENT_USER: user_3Hrwmz08BOOrE5XBraSMqfSQXxp -> <app.models.core.User object at 0x000001F1A7197D40>
RECEIVED TOKEN: eyJhbGciOiJIUzI1NiIsInR5cCI6IkpXVCJ9.eyJleHAiOjE3OTA4NDczMjYsInN1YiI6InVzZXJfM0hyd216MDhCT09yRTVYQnJhU01xZlNRWHhwIn0.khiFzMCbjZLX9freprXaJib6n2axAqT9Y9hdXWTOQRU
DECODED PAYLOAD: {'exp': 1790847326, 'sub': 'user_3Hrwmz08BOOrE5XBraSMqfSQXxp'}
GET_CURRENT_USER: user_3Hrwmz08BOOrE5XBraSMqfSQXxp -> <app.models.core.User object at 0x000001F1A8335230>
RECEIVED TOKEN: eyJhbGciOiJIUzI1NiIsInR5cCI6IkpXVCJ9.eyJleHAiOjE3OTA4NDczMjYsInN1YiI6InVzZXJfM0hyd216MDhCT09yRTVYQnJhU01xZlNRWHhwIn0.khiFzMCbjZLX9freprXaJib6n2axAqT9Y9hdXWTOQRU
DECODED PAYLOAD: {'exp': 1790847326, 'sub': 'user_3Hrwmz08BOOrE5XBraSMqfSQXxp'}
GET_CURRENT_USER: user_3Hrwmz08BOOrE5XBraSMqfSQXxp -> <app.models.core.User object at 0x000001F1A7194BB0>
RECEIVED TOKEN: eyJhbGciOiJIUzI1NiIsInR5cCI6IkpXVCJ9.eyJleHAiOjE3OTA4NDczMjYsInN1YiI6InVzZXJfM0hyd216MDhCT09yRTVYQnJhU01xZlNRWHhwIn0.khiFzMCbjZLX9freprXaJib6n2axAqT9Y9hdXWTOQRU
DECODED PAYLOAD: {'exp': 1790847326, 'sub': 'user_3Hrwmz08BOOrE5XBraSMqfSQXxp'}
GET_CURRENT_USER: user_3Hrwmz08BOOrE5XBraSMqfSQXxp -> <app.models.core.User object at 0x000001F1A8334120>
RECEIVED TOKEN: eyJhbGciOiJIUzI1NiIsInR5cCI6IkpXVCJ9.eyJleHAiOjE3OTA4NDczMjYsInN1YiI6InVzZXJfM0hyd216MDhCT09yRTVYQnJhU01xZlNRWHhwIn0.khiFzMCbjZLX9freprXaJib6n2axAqT9Y9hdXWTOQRU
DECODED PAYLOAD: {'exp': 1790847326, 'sub': 'user_3Hrwmz08BOOrE5XBraSMqfSQXxp'}
GET_CURRENT_USER: user_3Hrwmz08BOOrE5XBraSMqfSQXxp -> <app.models.core.User object at 0x000001F1A6E76B60>
RECEIVED TOKEN: eyJhbGciOiJIUzI1NiIsInR5cCI6IkpXVCJ9.eyJleHAiOjE3OTA4NDczMjYsInN1YiI6InVzZXJfM0hyd216MDhCT09yRTVYQnJhU01xZlNRWHhwIn0.khiFzMCbjZLX9freprXaJib6n2axAqT9Y9hdXWTOQRU
DECODED PAYLOAD: {'exp': 1790847326, 'sub': 'user_3Hrwmz08BOOrE5XBraSMqfSQXxp'}
GET_CURRENT_USER: user_3Hrwmz08BOOrE5XBraSMqfSQXxp -> <app.models.core.User object at 0x000001F1A8334FC0>
RECEIVED TOKEN: eyJhbGciOiJIUzI1NiIsInR5cCI6IkpXVCJ9.eyJleHAiOjE3OTA4NDczMjYsInN1YiI6InVzZXJfM0hyd216MDhCT09yRTVYQnJhU01xZlNRWHhwIn0.khiFzMCbjZLX9freprXaJib6n2axAqT9Y9hdXWTOQRU
DECODED PAYLOAD: {'exp': 1790847326, 'sub': 'user_3Hrwmz08BOOrE5XBraSMqfSQXxp'}
GET_CURRENT_USER: user_3Hrwmz08BOOrE5XBraSMqfSQXxp -> <app.models.core.User object at 0x000001F1A6E76B60>
RECEIVED TOKEN: eyJhbGciOiJIUzI1NiIsInR5cCI6IkpXVCJ9.eyJleHAiOjE3OTA4NDczMjYsInN1YiI6InVzZXJfM0hyd216MDhCT09yRTVYQnJhU01xZlNRWHhwIn0.khiFzMCbjZLX9freprXaJib6n2axAqT9Y9hdXWTOQRU
DECODED PAYLOAD: {'exp': 1790847326, 'sub': 'user_3Hrwmz08BOOrE5XBraSMqfSQXxp'}
RECEIVED TOKEN: eyJhbGciOiJIUzI1NiIsInR5cCI6IkpXVCJ9.eyJleHAiOjE3OTA4NDczMjYsInN1YiI6InVzZXJfM0hyd216MDhCT09yRTVYQnJhU01xZlNRWHhwIn0.khiFzMCbjZLX9freprXaJib6n2axAqT9Y9hdXWTOQRU
DECODED PAYLOAD: {'exp': 1790847326, 'sub': 'user_3Hrwmz08BOOrE5XBraSMqfSQXxp'}
RECEIVED TOKEN: eyJhbGciOiJIUzI1NiIsInR5cCI6IkpXVCJ9.eyJleHAiOjE3OTA4NDczMjYsInN1YiI6InVzZXJfM0hyd216MDhCT09yRTVYQnJhU01xZlNRWHhwIn0.khiFzMCbjZLX9freprXaJib6n2axAqT9Y9hdXWTOQRU
DECODED PAYLOAD: {'exp': 1790847326, 'sub': 'user_3Hrwmz08BOOrE5XBraSMqfSQXxp'}
GET_CURRENT_USER: user_3Hrwmz08BOOrE5XBraSMqfSQXxp -> <app.models.core.User object at 0x000001F1A7194390>
RECEIVED TOKEN: eyJhbGciOiJIUzI1NiIsInR5cCI6IkpXVCJ9.eyJleHAiOjE3OTA4NDczMjYsInN1YiI6InVzZXJfM0hyd216MDhCT09yRTVYQnJhU01xZlNRWHhwIn0.khiFzMCbjZLX9freprXaJib6n2axAqT9Y9hdXWTOQRU
DECODED PAYLOAD: {'exp': 1790847326, 'sub': 'user_3Hrwmz08BOOrE5XBraSMqfSQXxp'}
GET_CURRENT_USER: user_3Hrwmz08BOOrE5XBraSMqfSQXxp -> <app.models.core.User object at 0x000001F1A8335CC0>
RECEIVED TOKEN: eyJhbGciOiJIUzI1NiIsInR5cCI6IkpXVCJ9.eyJleHAiOjE3OTA4NDczMjYsInN1YiI6InVzZXJfM0hyd216MDhCT09yRTVYQnJhU01xZlNRWHhwIn0.khiFzMCbjZLX9freprXaJib6n2axAqT9Y9hdXWTOQRU
DECODED PAYLOAD: {'exp': 1790847326, 'sub': 'user_3Hrwmz08BOOrE5XBraSMqfSQXxp'}
RECEIVED TOKEN: eyJhbGciOiJIUzI1NiIsInR5cCI6IkpXVCJ9.eyJleHAiOjE3OTA4NDczMjYsInN1YiI6InVzZXJfM0hyd216MDhCT09yRTVYQnJhU01xZlNRWHhwIn0.khiFzMCbjZLX9freprXaJib6n2axAqT9Y9hdXWTOQRU
DECODED PAYLOAD: {'exp': 1790847326, 'sub': 'user_3Hrwmz08BOOrE5XBraSMqfSQXxp'}
GET_CURRENT_USER: user_3Hrwmz08BOOrE5XBraSMqfSQXxp -> <app.models.core.User object at 0x000001F1A8335CC0>
GET_CURRENT_USER: user_3Hrwmz08BOOrE5XBraSMqfSQXxp -> <app.models.core.User object at 0x000001F1A83ADE60>
RECEIVED TOKEN: eyJhbGciOiJIUzI1NiIsInR5cCI6IkpXVCJ9.eyJleHAiOjE3OTA4NDczMjYsInN1YiI6InVzZXJfM0hyd216MDhCT09yRTVYQnJhU01xZlNRWHhwIn0.khiFzMCbjZLX9freprXaJib6n2axAqT9Y9hdXWTOQRU
DECODED PAYLOAD: {'exp': 1790847326, 'sub': 'user_3Hrwmz08BOOrE5XBraSMqfSQXxp'}
RECEIVED TOKEN: eyJhbGciOiJIUzI1NiIsInR5cCI6IkpXVCJ9.eyJleHAiOjE3OTA4NDczMjYsInN1YiI6InVzZXJfM0hyd216MDhCT09yRTVYQnJhU01xZlNRWHhwIn0.khiFzMCbjZLX9freprXaJib6n2axAqT9Y9hdXWTOQRU
DECODED PAYLOAD: {'exp': 1790847326, 'sub': 'user_3Hrwmz08BOOrE5XBraSMqfSQXxp'}
GET_CURRENT_USER: user_3Hrwmz08BOOrE5XBraSMqfSQXxp -> <app.models.core.User object at 0x000001F1A8335B20>
GET_CURRENT_USER: user_3Hrwmz08BOOrE5XBraSMqfSQXxp -> <app.models.core.User object at 0x000001F1A7194E20>
RECEIVED TOKEN: eyJhbGciOiJIUzI1NiIsInR5cCI6IkpXVCJ9.eyJleHAiOjE3OTA4NDczMjYsInN1YiI6InVzZXJfM0hyd216MDhCT09yRTVYQnJhU01xZlNRWHhwIn0.khiFzMCbjZLX9freprXaJib6n2axAqT9Y9hdXWTOQRU
DECODED PAYLOAD: {'exp': 1790847326, 'sub': 'user_3Hrwmz08BOOrE5XBraSMqfSQXxp'}
GET_CURRENT_USER: user_3Hrwmz08BOOrE5XBraSMqfSQXxp -> <app.models.core.User object at 0x000001F1A8335570>
RECEIVED TOKEN: eyJhbGciOiJIUzI1NiIsInR5cCI6IkpXVCJ9.eyJleHAiOjE3OTA4NDczMjYsInN1YiI6InVzZXJfM0hyd216MDhCT09yRTVYQnJhU01xZlNRWHhwIn0.khiFzMCbjZLX9freprXaJib6n2axAqT9Y9hdXWTOQRU
DECODED PAYLOAD: {'exp': 1790847326, 'sub': 'user_3Hrwmz08BOOrE5XBraSMqfSQXxp'}
GET_CURRENT_USER: user_3Hrwmz08BOOrE5XBraSMqfSQXxp -> <app.models.core.User object at 0x000001F1A7194E20>
RECEIVED TOKEN: eyJhbGciOiJIUzI1NiIsInR5cCI6IkpXVCJ9.eyJleHAiOjE3OTA4NDczMjYsInN1YiI6InVzZXJfM0hyd216MDhCT09yRTVYQnJhU01xZlNRWHhwIn0.khiFzMCbjZLX9freprXaJib6n2axAqT9Y9hdXWTOQRU
DECODED PAYLOAD: {'exp': 1790847326, 'sub': 'user_3Hrwmz08BOOrE5XBraSMqfSQXxp'}
GET_CURRENT_USER: user_3Hrwmz08BOOrE5XBraSMqfSQXxp -> <app.models.core.User object at 0x000001F1A7194E20>
RECEIVED TOKEN: eyJhbGciOiJIUzI1NiIsInR5cCI6IkpXVCJ9.eyJleHAiOjE3OTA4NDczMjYsInN1YiI6InVzZXJfM0hyd216MDhCT09yRTVYQnJhU01xZlNRWHhwIn0.khiFzMCbjZLX9freprXaJib6n2axAqT9Y9hdXWTOQRU
DECODED PAYLOAD: {'exp': 1790847326, 'sub': 'user_3Hrwmz08BOOrE5XBraSMqfSQXxp'}
GET_CURRENT_USER: user_3Hrwmz08BOOrE5XBraSMqfSQXxp -> <app.models.core.User object at 0x000001F1A7195570>
RECEIVED TOKEN: eyJhbGciOiJIUzI1NiIsInR5cCI6IkpXVCJ9.eyJleHAiOjE3OTA4NDczMjYsInN1YiI6InVzZXJfM0hyd216MDhCT09yRTVYQnJhU01xZlNRWHhwIn0.khiFzMCbjZLX9freprXaJib6n2axAqT9Y9hdXWTOQRU
DECODED PAYLOAD: {'exp': 1790847326, 'sub': 'user_3Hrwmz08BOOrE5XBraSMqfSQXxp'}
GET_CURRENT_USER: user_3Hrwmz08BOOrE5XBraSMqfSQXxp -> <app.models.core.User object at 0x000001F1A8334BB0>
RECEIVED TOKEN: eyJhbGciOiJIUzI1NiIsInR5cCI6IkpXVCJ9.eyJleHAiOjE3OTA4NDczMjYsInN1YiI6InVzZXJfM0hyd216MDhCT09yRTVYQnJhU01xZlNRWHhwIn0.khiFzMCbjZLX9freprXaJib6n2axAqT9Y9hdXWTOQRU
DECODED PAYLOAD: {'exp': 1790847326, 'sub': 'user_3Hrwmz08BOOrE5XBraSMqfSQXxp'}
GET_CURRENT_USER: user_3Hrwmz08BOOrE5XBraSMqfSQXxp -> <app.models.core.User object at 0x000001F1A8334BB0>
RECEIVED TOKEN: eyJhbGciOiJIUzI1NiIsInR5cCI6IkpXVCJ9.eyJleHAiOjE3OTA4NDczMjYsInN1YiI6InVzZXJfM0hyd216MDhCT09yRTVYQnJhU01xZlNRWHhwIn0.khiFzMCbjZLX9freprXaJib6n2axAqT9Y9hdXWTOQRU
DECODED PAYLOAD: {'exp': 1790847326, 'sub': 'user_3Hrwmz08BOOrE5XBraSMqfSQXxp'}
GET_CURRENT_USER: user_3Hrwmz08BOOrE5XBraSMqfSQXxp -> <app.models.core.User object at 0x000001F1A83371E0>
RECEIVED TOKEN: eyJhbGciOiJIUzI1NiIsInR5cCI6IkpXVCJ9.eyJleHAiOjE3OTA4NDczMjYsInN1YiI6InVzZXJfM0hyd216MDhCT09yRTVYQnJhU01xZlNRWHhwIn0.khiFzMCbjZLX9freprXaJib6n2axAqT9Y9hdXWTOQRU
DECODED PAYLOAD: {'exp': 1790847326, 'sub': 'user_3Hrwmz08BOOrE5XBraSMqfSQXxp'}
GET_CURRENT_USER: user_3Hrwmz08BOOrE5XBraSMqfSQXxp -> <app.models.core.User object at 0x000001F1A7194390>
RECEIVED TOKEN: eyJhbGciOiJIUzI1NiIsInR5cCI6IkpXVCJ9.eyJleHAiOjE3OTA4NDczMjYsInN1YiI6InVzZXJfM0hyd216MDhCT09yRTVYQnJhU01xZlNRWHhwIn0.khiFzMCbjZLX9freprXaJib6n2axAqT9Y9hdXWTOQRU
DECODED PAYLOAD: {'exp': 1790847326, 'sub': 'user_3Hrwmz08BOOrE5XBraSMqfSQXxp'}
GET_CURRENT_USER: user_3Hrwmz08BOOrE5XBraSMqfSQXxp -> <app.models.core.User object at 0x000001F1A7194390>
RECEIVED TOKEN: eyJhbGciOiJIUzI1NiIsInR5cCI6IkpXVCJ9.eyJleHAiOjE3OTA4NDczMjYsInN1YiI6InVzZXJfM0hyd216MDhCT09yRTVYQnJhU01xZlNRWHhwIn0.khiFzMCbjZLX9freprXaJib6n2axAqT9Y9hdXWTOQRU
DECODED PAYLOAD: {'exp': 1790847326, 'sub': 'user_3Hrwmz08BOOrE5XBraSMqfSQXxp'}
GET_CURRENT_USER: user_3Hrwmz08BOOrE5XBraSMqfSQXxp -> <app.models.core.User object at 0x000001F1A83AF380>
RECEIVED TOKEN: eyJhbGciOiJIUzI1NiIsInR5cCI6IkpXVCJ9.eyJleHAiOjE3OTA4NDczMjYsInN1YiI6InVzZXJfM0hyd216MDhCT09yRTVYQnJhU01xZlNRWHhwIn0.khiFzMCbjZLX9freprXaJib6n2axAqT9Y9hdXWTOQRU
DECODED PAYLOAD: {'exp': 1790847326, 'sub': 'user_3Hrwmz08BOOrE5XBraSMqfSQXxp'}
RECEIVED TOKEN: eyJhbGciOiJIUzI1NiIsInR5cCI6IkpXVCJ9.eyJleHAiOjE3OTA4NDczMjYsInN1YiI6InVzZXJfM0hyd216MDhCT09yRTVYQnJhU01xZlNRWHhwIn0.khiFzMCbjZLX9freprXaJib6n2axAqT9Y9hdXWTOQRU
DECODED PAYLOAD: {'exp': 1790847326, 'sub': 'user_3Hrwmz08BOOrE5XBraSMqfSQXxp'}
GET_CURRENT_USER: user_3Hrwmz08BOOrE5XBraSMqfSQXxp -> <app.models.core.User object at 0x000001F1A83AF930>
RECEIVED TOKEN: eyJhbGciOiJIUzI1NiIsInR5cCI6IkpXVCJ9.eyJleHAiOjE3OTA4NDczMjYsInN1YiI6InVzZXJfM0hyd216MDhCT09yRTVYQnJhU01xZlNRWHhwIn0.khiFzMCbjZLX9freprXaJib6n2axAqT9Y9hdXWTOQRU
DECODED PAYLOAD: {'exp': 1790847326, 'sub': 'user_3Hrwmz08BOOrE5XBraSMqfSQXxp'}
GET_CURRENT_USER: user_3Hrwmz08BOOrE5XBraSMqfSQXxp -> <app.models.core.User object at 0x000001F1A7197040>
RECEIVED TOKEN: eyJhbGciOiJIUzI1NiIsInR5cCI6IkpXVCJ9.eyJleHAiOjE3OTA4NDczMjYsInN1YiI6InVzZXJfM0hyd216MDhCT09yRTVYQnJhU01xZlNRWHhwIn0.khiFzMCbjZLX9freprXaJib6n2axAqT9Y9hdXWTOQRU
DECODED PAYLOAD: {'exp': 1790847326, 'sub': 'user_3Hrwmz08BOOrE5XBraSMqfSQXxp'}
GET_CURRENT_USER: user_3Hrwmz08BOOrE5XBraSMqfSQXxp -> <app.models.core.User object at 0x000001F1A83ADA50>
RECEIVED TOKEN: eyJhbGciOiJIUzI1NiIsInR5cCI6IkpXVCJ9.eyJleHAiOjE3OTA4NDczMjYsInN1YiI6InVzZXJfM0hyd216MDhCT09yRTVYQnJhU01xZlNRWHhwIn0.khiFzMCbjZLX9freprXaJib6n2axAqT9Y9hdXWTOQRU
DECODED PAYLOAD: {'exp': 1790847326, 'sub': 'user_3Hrwmz08BOOrE5XBraSMqfSQXxp'}
GET_CURRENT_USER: user_3Hrwmz08BOOrE5XBraSMqfSQXxp -> <app.models.core.User object at 0x000001F1A83AFA00>
RECEIVED TOKEN: eyJhbGciOiJIUzI1NiIsInR5cCI6IkpXVCJ9.eyJleHAiOjE3OTA4NDczMjYsInN1YiI6InVzZXJfM0hyd216MDhCT09yRTVYQnJhU01xZlNRWHhwIn0.khiFzMCbjZLX9freprXaJib6n2axAqT9Y9hdXWTOQRU
DECODED PAYLOAD: {'exp': 1790847326, 'sub': 'user_3Hrwmz08BOOrE5XBraSMqfSQXxp'}
RECEIVED TOKEN: eyJhbGciOiJIUzI1NiIsInR5cCI6IkpXVCJ9.eyJleHAiOjE3OTA4NDczMjYsInN1YiI6InVzZXJfM0hyd216MDhCT09yRTVYQnJhU01xZlNRWHhwIn0.khiFzMCbjZLX9freprXaJib6n2axAqT9Y9hdXWTOQRU
DECODED PAYLOAD: {'exp': 1790847326, 'sub': 'user_3Hrwmz08BOOrE5XBraSMqfSQXxp'}
RECEIVED TOKEN: eyJhbGciOiJIUzI1NiIsInR5cCI6IkpXVCJ9.eyJleHAiOjE3OTA4NDczMjYsInN1YiI6InVzZXJfM0hyd216MDhCT09yRTVYQnJhU01xZlNRWHhwIn0.khiFzMCbjZLX9freprXaJib6n2axAqT9Y9hdXWTOQRU
DECODED PAYLOAD: {'exp': 1790847326, 'sub': 'user_3Hrwmz08BOOrE5XBraSMqfSQXxp'}
GET_CURRENT_USER: user_3Hrwmz08BOOrE5XBraSMqfSQXxp -> <app.models.core.User object at 0x000001F1A83AEDD0>
GET_CURRENT_USER: user_3Hrwmz08BOOrE5XBraSMqfSQXxp -> <app.models.core.User object at 0x000001F1A83AFC70>
RECEIVED TOKEN: eyJhbGciOiJIUzI1NiIsInR5cCI6IkpXVCJ9.eyJleHAiOjE3OTA4NDczMjYsInN1YiI6InVzZXJfM0hyd216MDhCT09yRTVYQnJhU01xZlNRWHhwIn0.khiFzMCbjZLX9freprXaJib6n2axAqT9Y9hdXWTOQRU
DECODED PAYLOAD: {'exp': 1790847326, 'sub': 'user_3Hrwmz08BOOrE5XBraSMqfSQXxp'}
GET_CURRENT_USER: user_3Hrwmz08BOOrE5XBraSMqfSQXxp -> <app.models.core.User object at 0x000001F1A83AEC30>
RECEIVED TOKEN: eyJhbGciOiJIUzI1NiIsInR5cCI6IkpXVCJ9.eyJleHAiOjE3OTA4NDczMjYsInN1YiI6InVzZXJfM0hyd216MDhCT09yRTVYQnJhU01xZlNRWHhwIn0.khiFzMCbjZLX9freprXaJib6n2axAqT9Y9hdXWTOQRU
DECODED PAYLOAD: {'exp': 1790847326, 'sub': 'user_3Hrwmz08BOOrE5XBraSMqfSQXxp'}
GET_CURRENT_USER: user_3Hrwmz08BOOrE5XBraSMqfSQXxp -> <app.models.core.User object at 0x000001F1A83AC1F0>
RECEIVED TOKEN: eyJhbGciOiJIUzI1NiIsInR5cCI6IkpXVCJ9.eyJleHAiOjE3OTA4NDczMjYsInN1YiI6InVzZXJfM0hyd216MDhCT09yRTVYQnJhU01xZlNRWHhwIn0.khiFzMCbjZLX9freprXaJib6n2axAqT9Y9hdXWTOQRU
DECODED PAYLOAD: {'exp': 1790847326, 'sub': 'user_3Hrwmz08BOOrE5XBraSMqfSQXxp'}
RECEIVED TOKEN: eyJhbGciOiJIUzI1NiIsInR5cCI6IkpXVCJ9.eyJleHAiOjE3OTA4NDczMjYsInN1YiI6InVzZXJfM0hyd216MDhCT09yRTVYQnJhU01xZlNRWHhwIn0.khiFzMCbjZLX9freprXaJib6n2axAqT9Y9hdXWTOQRU
DECODED PAYLOAD: {'exp': 1790847326, 'sub': 'user_3Hrwmz08BOOrE5XBraSMqfSQXxp'}
RECEIVED TOKEN: eyJhbGciOiJIUzI1NiIsInR5cCI6IkpXVCJ9.eyJleHAiOjE3OTA4NDczMjYsInN1YiI6InVzZXJfM0hyd216MDhCT09yRTVYQnJhU01xZlNRWHhwIn0.khiFzMCbjZLX9freprXaJib6n2axAqT9Y9hdXWTOQRU
DECODED PAYLOAD: {'exp': 1790847326, 'sub': 'user_3Hrwmz08BOOrE5XBraSMqfSQXxp'}
GET_CURRENT_USER: user_3Hrwmz08BOOrE5XBraSMqfSQXxp -> <app.models.core.User object at 0x000001F1A71976C0>
GET_CURRENT_USER: user_3Hrwmz08BOOrE5XBraSMqfSQXxp -> <app.models.core.User object at 0x000001F1A83ADD90>
RECEIVED TOKEN: eyJhbGciOiJIUzI1NiIsInR5cCI6IkpXVCJ9.eyJleHAiOjE3OTA4NDczMjYsInN1YiI6InVzZXJfM0hyd216MDhCT09yRTVYQnJhU01xZlNRWHhwIn0.khiFzMCbjZLX9freprXaJib6n2axAqT9Y9hdXWTOQRU
DECODED PAYLOAD: {'exp': 1790847326, 'sub': 'user_3Hrwmz08BOOrE5XBraSMqfSQXxp'}
GET_CURRENT_USER: user_3Hrwmz08BOOrE5XBraSMqfSQXxp -> <app.models.core.User object at 0x000001F1A83AF520>
RECEIVED TOKEN: eyJhbGciOiJIUzI1NiIsInR5cCI6IkpXVCJ9.eyJleHAiOjE3OTA4NDczMjYsInN1YiI6InVzZXJfM0hyd216MDhCT09yRTVYQnJhU01xZlNRWHhwIn0.khiFzMCbjZLX9freprXaJib6n2axAqT9Y9hdXWTOQRU
DECODED PAYLOAD: {'exp': 1790847326, 'sub': 'user_3Hrwmz08BOOrE5XBraSMqfSQXxp'}
GET_CURRENT_USER: user_3Hrwmz08BOOrE5XBraSMqfSQXxp -> <app.models.core.User object at 0x000001F1A83ADD90>
RECEIVED TOKEN: eyJhbGciOiJIUzI1NiIsInR5cCI6IkpXVCJ9.eyJleHAiOjE3OTA4NDczMjYsInN1YiI6InVzZXJfM0hyd216MDhCT09yRTVYQnJhU01xZlNRWHhwIn0.khiFzMCbjZLX9freprXaJib6n2axAqT9Y9hdXWTOQRU
DECODED PAYLOAD: {'exp': 1790847326, 'sub': 'user_3Hrwmz08BOOrE5XBraSMqfSQXxp'}
GET_CURRENT_USER: user_3Hrwmz08BOOrE5XBraSMqfSQXxp -> <app.models.core.User object at 0x000001C9FEACDBE0>
RECEIVED TOKEN: eyJhbGciOiJIUzI1NiIsInR5cCI6IkpXVCJ9.eyJleHAiOjE3OTA4NDczMjYsInN1YiI6InVzZXJfM0hyd216MDhCT09yRTVYQnJhU01xZlNRWHhwIn0.khiFzMCbjZLX9freprXaJib6n2axAqT9Y9hdXWTOQRU
DECODED PAYLOAD: {'exp': 1790847326, 'sub': 'user_3Hrwmz08BOOrE5XBraSMqfSQXxp'}
GET_CURRENT_USER: user_3Hrwmz08BOOrE5XBraSMqfSQXxp -> <app.models.core.User object at 0x000001C9FED48410>
RECEIVED TOKEN: eyJhbGciOiJIUzI1NiIsInR5cCI6IkpXVCJ9.eyJleHAiOjE3OTA4NDczMjYsInN1YiI6InVzZXJfM0hyd216MDhCT09yRTVYQnJhU01xZlNRWHhwIn0.khiFzMCbjZLX9freprXaJib6n2axAqT9Y9hdXWTOQRU
DECODED PAYLOAD: {'exp': 1790847326, 'sub': 'user_3Hrwmz08BOOrE5XBraSMqfSQXxp'}
RECEIVED TOKEN: eyJhbGciOiJIUzI1NiIsInR5cCI6IkpXVCJ9.eyJleHAiOjE3OTA4NDczMjYsInN1YiI6InVzZXJfM0hyd216MDhCT09yRTVYQnJhU01xZlNRWHhwIn0.khiFzMCbjZLX9freprXaJib6n2axAqT9Y9hdXWTOQRU
DECODED PAYLOAD: {'exp': 1790847326, 'sub': 'user_3Hrwmz08BOOrE5XBraSMqfSQXxp'}
GET_CURRENT_USER: user_3Hrwmz08BOOrE5XBraSMqfSQXxp -> <app.models.core.User object at 0x000001C9FED63100>
GET_CURRENT_USER: user_3Hrwmz08BOOrE5XBraSMqfSQXxp -> <app.models.core.User object at 0x000001C9FEDB9350>
RECEIVED TOKEN: eyJhbGciOiJIUzI1NiIsInR5cCI6IkpXVCJ9.eyJleHAiOjE3OTA4NDczMjYsInN1YiI6InVzZXJfM0hyd216MDhCT09yRTVYQnJhU01xZlNRWHhwIn0.khiFzMCbjZLX9freprXaJib6n2axAqT9Y9hdXWTOQRU
DECODED PAYLOAD: {'exp': 1790847326, 'sub': 'user_3Hrwmz08BOOrE5XBraSMqfSQXxp'}
GET_CURRENT_USER: user_3Hrwmz08BOOrE5XBraSMqfSQXxp -> <app.models.core.User object at 0x000001C9FEC1F9B0>
RECEIVED TOKEN: eyJhbGciOiJIUzI1NiIsInR5cCI6IkpXVCJ9.eyJleHAiOjE3OTA4NDczMjYsInN1YiI6InVzZXJfM0hyd216MDhCT09yRTVYQnJhU01xZlNRWHhwIn0.khiFzMCbjZLX9freprXaJib6n2axAqT9Y9hdXWTOQRU
DECODED PAYLOAD: {'exp': 1790847326, 'sub': 'user_3Hrwmz08BOOrE5XBraSMqfSQXxp'}
GET_CURRENT_USER: user_3Hrwmz08BOOrE5XBraSMqfSQXxp -> <app.models.core.User object at 0x000001C9FED5C7C0>
RECEIVED TOKEN: eyJhbGciOiJIUzI1NiIsInR5cCI6IkpXVCJ9.eyJleHAiOjE3OTA4NDczMjYsInN1YiI6InVzZXJfM0hyd216MDhCT09yRTVYQnJhU01xZlNRWHhwIn0.khiFzMCbjZLX9freprXaJib6n2axAqT9Y9hdXWTOQRU
DECODED PAYLOAD: {'exp': 1790847326, 'sub': 'user_3Hrwmz08BOOrE5XBraSMqfSQXxp'}
GET_CURRENT_USER: user_3Hrwmz08BOOrE5XBraSMqfSQXxp -> <app.models.core.User object at 0x000001C9FED6F050>
RECEIVED TOKEN: eyJhbGciOiJIUzI1NiIsInR5cCI6IkpXVCJ9.eyJleHAiOjE3OTA4NDczMjYsInN1YiI6InVzZXJfM0hyd216MDhCT09yRTVYQnJhU01xZlNRWHhwIn0.khiFzMCbjZLX9freprXaJib6n2axAqT9Y9hdXWTOQRU
DECODED PAYLOAD: {'exp': 1790847326, 'sub': 'user_3Hrwmz08BOOrE5XBraSMqfSQXxp'}
GET_CURRENT_USER: user_3Hrwmz08BOOrE5XBraSMqfSQXxp -> <app.models.core.User object at 0x000001C9FEDB19A0>
RECEIVED TOKEN: eyJhbGciOiJIUzI1NiIsInR5cCI6IkpXVCJ9.eyJleHAiOjE3OTA4NDczMjYsInN1YiI6InVzZXJfM0hyd216MDhCT09yRTVYQnJhU01xZlNRWHhwIn0.khiFzMCbjZLX9freprXaJib6n2axAqT9Y9hdXWTOQRU
DECODED PAYLOAD: {'exp': 1790847326, 'sub': 'user_3Hrwmz08BOOrE5XBraSMqfSQXxp'}
GET_CURRENT_USER: user_3Hrwmz08BOOrE5XBraSMqfSQXxp -> <app.models.core.User object at 0x000001C9FEDB1D60>
RECEIVED TOKEN: eyJhbGciOiJIUzI1NiIsInR5cCI6IkpXVCJ9.eyJleHAiOjE3OTA4NDczMjYsInN1YiI6InVzZXJfM0hyd216MDhCT09yRTVYQnJhU01xZlNRWHhwIn0.khiFzMCbjZLX9freprXaJib6n2axAqT9Y9hdXWTOQRU
DECODED PAYLOAD: {'exp': 1790847326, 'sub': 'user_3Hrwmz08BOOrE5XBraSMqfSQXxp'}
GET_CURRENT_USER: user_3Hrwmz08BOOrE5XBraSMqfSQXxp -> <app.models.core.User object at 0x000001C9FEDBCC90>
RECEIVED TOKEN: eyJhbGciOiJIUzI1NiIsInR5cCI6IkpXVCJ9.eyJleHAiOjE3OTA4NDczMjYsInN1YiI6InVzZXJfM0hyd216MDhCT09yRTVYQnJhU01xZlNRWHhwIn0.khiFzMCbjZLX9freprXaJib6n2axAqT9Y9hdXWTOQRU
DECODED PAYLOAD: {'exp': 1790847326, 'sub': 'user_3Hrwmz08BOOrE5XBraSMqfSQXxp'}
GET_CURRENT_USER: user_3Hrwmz08BOOrE5XBraSMqfSQXxp -> <app.models.core.User object at 0x000001C9FED7CF30>
RECEIVED TOKEN: eyJhbGciOiJIUzI1NiIsInR5cCI6IkpXVCJ9.eyJleHAiOjE3OTA4NDczMjYsInN1YiI6InVzZXJfM0hyd216MDhCT09yRTVYQnJhU01xZlNRWHhwIn0.khiFzMCbjZLX9freprXaJib6n2axAqT9Y9hdXWTOQRU
DECODED PAYLOAD: {'exp': 1790847326, 'sub': 'user_3Hrwmz08BOOrE5XBraSMqfSQXxp'}
GET_CURRENT_USER: user_3Hrwmz08BOOrE5XBraSMqfSQXxp -> <app.models.core.User object at 0x000001C9FED95D90>
RECEIVED TOKEN: eyJhbGciOiJIUzI1NiIsInR5cCI6IkpXVCJ9.eyJleHAiOjE3OTA4NDczMjYsInN1YiI6InVzZXJfM0hyd216MDhCT09yRTVYQnJhU01xZlNRWHhwIn0.khiFzMCbjZLX9freprXaJib6n2axAqT9Y9hdXWTOQRU
DECODED PAYLOAD: {'exp': 1790847326, 'sub': 'user_3Hrwmz08BOOrE5XBraSMqfSQXxp'}
GET_CURRENT_USER: user_3Hrwmz08BOOrE5XBraSMqfSQXxp -> <app.models.core.User object at 0x000001C9FED96270>
RECEIVED TOKEN: eyJhbGciOiJIUzI1NiIsInR5cCI6IkpXVCJ9.eyJleHAiOjE3OTA4NDczMjYsInN1YiI6InVzZXJfM0hyd216MDhCT09yRTVYQnJhU01xZlNRWHhwIn0.khiFzMCbjZLX9freprXaJib6n2axAqT9Y9hdXWTOQRU
DECODED PAYLOAD: {'exp': 1790847326, 'sub': 'user_3Hrwmz08BOOrE5XBraSMqfSQXxp'}
RECEIVED TOKEN: eyJhbGciOiJIUzI1NiIsInR5cCI6IkpXVCJ9.eyJleHAiOjE3OTA4NDczMjYsInN1YiI6InVzZXJfM0hyd216MDhCT09yRTVYQnJhU01xZlNRWHhwIn0.khiFzMCbjZLX9freprXaJib6n2axAqT9Y9hdXWTOQRU
DECODED PAYLOAD: {'exp': 1790847326, 'sub': 'user_3Hrwmz08BOOrE5XBraSMqfSQXxp'}
RECEIVED TOKEN: eyJhbGciOiJIUzI1NiIsInR5cCI6IkpXVCJ9.eyJleHAiOjE3OTA4NDczMjYsInN1YiI6InVzZXJfM0hyd216MDhCT09yRTVYQnJhU01xZlNRWHhwIn0.khiFzMCbjZLX9freprXaJib6n2axAqT9Y9hdXWTOQRU
DECODED PAYLOAD: {'exp': 1790847326, 'sub': 'user_3Hrwmz08BOOrE5XBraSMqfSQXxp'}
GET_CURRENT_USER: user_3Hrwmz08BOOrE5XBraSMqfSQXxp -> <app.models.core.User object at 0x000001C9FED961A0>
GET_CURRENT_USER: user_3Hrwmz08BOOrE5XBraSMqfSQXxp -> <app.models.core.User object at 0x000001C9FEA6F110>
RECEIVED TOKEN: eyJhbGciOiJIUzI1NiIsInR5cCI6IkpXVCJ9.eyJleHAiOjE3OTA4NDczMjYsInN1YiI6InVzZXJfM0hyd216MDhCT09yRTVYQnJhU01xZlNRWHhwIn0.khiFzMCbjZLX9freprXaJib6n2axAqT9Y9hdXWTOQRU
DECODED PAYLOAD: {'exp': 1790847326, 'sub': 'user_3Hrwmz08BOOrE5XBraSMqfSQXxp'}
GET_CURRENT_USER: user_3Hrwmz08BOOrE5XBraSMqfSQXxp -> <app.models.core.User object at 0x000001C9FED96750>
RECEIVED TOKEN: eyJhbGciOiJIUzI1NiIsInR5cCI6IkpXVCJ9.eyJleHAiOjE3OTA4NDczMjYsInN1YiI6InVzZXJfM0hyd216MDhCT09yRTVYQnJhU01xZlNRWHhwIn0.khiFzMCbjZLX9freprXaJib6n2axAqT9Y9hdXWTOQRU
DECODED PAYLOAD: {'exp': 1790847326, 'sub': 'user_3Hrwmz08BOOrE5XBraSMqfSQXxp'}
GET_CURRENT_USER: user_3Hrwmz08BOOrE5XBraSMqfSQXxp -> <app.models.core.User object at 0x000001C9FED95BF0>
RECEIVED TOKEN: eyJhbGciOiJIUzI1NiIsInR5cCI6IkpXVCJ9.eyJleHAiOjE3OTA4NDczMjYsInN1YiI6InVzZXJfM0hyd216MDhCT09yRTVYQnJhU01xZlNRWHhwIn0.khiFzMCbjZLX9freprXaJib6n2axAqT9Y9hdXWTOQRU
DECODED PAYLOAD: {'exp': 1790847326, 'sub': 'user_3Hrwmz08BOOrE5XBraSMqfSQXxp'}
RECEIVED TOKEN: eyJhbGciOiJIUzI1NiIsInR5cCI6IkpXVCJ9.eyJleHAiOjE3OTA4NDczMjYsInN1YiI6InVzZXJfM0hyd216MDhCT09yRTVYQnJhU01xZlNRWHhwIn0.khiFzMCbjZLX9freprXaJib6n2axAqT9Y9hdXWTOQRU
DECODED PAYLOAD: {'exp': 1790847326, 'sub': 'user_3Hrwmz08BOOrE5XBraSMqfSQXxp'}
RECEIVED TOKEN: eyJhbGciOiJIUzI1NiIsInR5cCI6IkpXVCJ9.eyJleHAiOjE3OTA4NDczMjYsInN1YiI6InVzZXJfM0hyd216MDhCT09yRTVYQnJhU01xZlNRWHhwIn0.khiFzMCbjZLX9freprXaJib6n2axAqT9Y9hdXWTOQRU
DECODED PAYLOAD: {'exp': 1790847326, 'sub': 'user_3Hrwmz08BOOrE5XBraSMqfSQXxp'}
GET_CURRENT_USER: user_3Hrwmz08BOOrE5XBraSMqfSQXxp -> <app.models.core.User object at 0x000001C9FED94870>
GET_CURRENT_USER: user_3Hrwmz08BOOrE5XBraSMqfSQXxp -> <app.models.core.User object at 0x000001C9FED96750>
RECEIVED TOKEN: eyJhbGciOiJIUzI1NiIsInR5cCI6IkpXVCJ9.eyJleHAiOjE3OTA4NDczMjYsInN1YiI6InVzZXJfM0hyd216MDhCT09yRTVYQnJhU01xZlNRWHhwIn0.khiFzMCbjZLX9freprXaJib6n2axAqT9Y9hdXWTOQRU
DECODED PAYLOAD: {'exp': 1790847326, 'sub': 'user_3Hrwmz08BOOrE5XBraSMqfSQXxp'}
GET_CURRENT_USER: user_3Hrwmz08BOOrE5XBraSMqfSQXxp -> <app.models.core.User object at 0x000001C9FED94460>
RECEIVED TOKEN: eyJhbGciOiJIUzI1NiIsInR5cCI6IkpXVCJ9.eyJleHAiOjE3OTA4NDczMjYsInN1YiI6InVzZXJfM0hyd216MDhCT09yRTVYQnJhU01xZlNRWHhwIn0.khiFzMCbjZLX9freprXaJib6n2axAqT9Y9hdXWTOQRU
DECODED PAYLOAD: {'exp': 1790847326, 'sub': 'user_3Hrwmz08BOOrE5XBraSMqfSQXxp'}
RECEIVED TOKEN: eyJhbGciOiJIUzI1NiIsInR5cCI6IkpXVCJ9.eyJleHAiOjE3OTA4NDczMjYsInN1YiI6InVzZXJfM0hyd216MDhCT09yRTVYQnJhU01xZlNRWHhwIn0.khiFzMCbjZLX9freprXaJib6n2axAqT9Y9hdXWTOQRU
DECODED PAYLOAD: {'exp': 1790847326, 'sub': 'user_3Hrwmz08BOOrE5XBraSMqfSQXxp'}
GET_CURRENT_USER: user_3Hrwmz08BOOrE5XBraSMqfSQXxp -> <app.models.core.User object at 0x000001C9FED95300>
GET_CURRENT_USER: user_3Hrwmz08BOOrE5XBraSMqfSQXxp -> <app.models.core.User object at 0x000001C9FED94D50>
RECEIVED TOKEN: eyJhbGciOiJIUzI1NiIsInR5cCI6IkpXVCJ9.eyJleHAiOjE3OTA4NDczMjYsInN1YiI6InVzZXJfM0hyd216MDhCT09yRTVYQnJhU01xZlNRWHhwIn0.khiFzMCbjZLX9freprXaJib6n2axAqT9Y9hdXWTOQRU
DECODED PAYLOAD: {'exp': 1790847326, 'sub': 'user_3Hrwmz08BOOrE5XBraSMqfSQXxp'}
GET_CURRENT_USER: user_3Hrwmz08BOOrE5XBraSMqfSQXxp -> <app.models.core.User object at 0x000001C9FEA6F860>
RECEIVED TOKEN: eyJhbGciOiJIUzI1NiIsInR5cCI6IkpXVCJ9.eyJleHAiOjE3OTA4NDczMjYsInN1YiI6InVzZXJfM0hyd216MDhCT09yRTVYQnJhU01xZlNRWHhwIn0.khiFzMCbjZLX9freprXaJib6n2axAqT9Y9hdXWTOQRU
DECODED PAYLOAD: {'exp': 1790847326, 'sub': 'user_3Hrwmz08BOOrE5XBraSMqfSQXxp'}
RECEIVED TOKEN: eyJhbGciOiJIUzI1NiIsInR5cCI6IkpXVCJ9.eyJleHAiOjE3OTA4NDczMjYsInN1YiI6InVzZXJfM0hyd216MDhCT09yRTVYQnJhU01xZlNRWHhwIn0.khiFzMCbjZLX9freprXaJib6n2axAqT9Y9hdXWTOQRU
DECODED PAYLOAD: {'exp': 1790847326, 'sub': 'user_3Hrwmz08BOOrE5XBraSMqfSQXxp'}
GET_CURRENT_USER: user_3Hrwmz08BOOrE5XBraSMqfSQXxp -> <app.models.core.User object at 0x000001C9FED953D0>
GET_CURRENT_USER: user_3Hrwmz08BOOrE5XBraSMqfSQXxp -> <app.models.core.User object at 0x000001C9FED94FC0>
RECEIVED TOKEN: eyJhbGciOiJIUzI1NiIsInR5cCI6IkpXVCJ9.eyJleHAiOjE3OTA4NDczMjYsInN1YiI6InVzZXJfM0hyd216MDhCT09yRTVYQnJhU01xZlNRWHhwIn0.khiFzMCbjZLX9freprXaJib6n2axAqT9Y9hdXWTOQRU
DECODED PAYLOAD: {'exp': 1790847326, 'sub': 'user_3Hrwmz08BOOrE5XBraSMqfSQXxp'}
GET_CURRENT_USER: user_3Hrwmz08BOOrE5XBraSMqfSQXxp -> <app.models.core.User object at 0x000001C9FEA6F930>
RECEIVED TOKEN: eyJhbGciOiJIUzI1NiIsInR5cCI6IkpXVCJ9.eyJleHAiOjE3OTA4NDczMjYsInN1YiI6InVzZXJfM0hyd216MDhCT09yRTVYQnJhU01xZlNRWHhwIn0.khiFzMCbjZLX9freprXaJib6n2axAqT9Y9hdXWTOQRU
DECODED PAYLOAD: {'exp': 1790847326, 'sub': 'user_3Hrwmz08BOOrE5XBraSMqfSQXxp'}
GET_CURRENT_USER: user_3Hrwmz08BOOrE5XBraSMqfSQXxp -> <app.models.core.User object at 0x000001C9FED965B0>
RECEIVED TOKEN: eyJhbGciOiJIUzI1NiIsInR5cCI6IkpXVCJ9.eyJleHAiOjE3OTA4NDczMjYsInN1YiI6InVzZXJfM0hyd216MDhCT09yRTVYQnJhU01xZlNRWHhwIn0.khiFzMCbjZLX9freprXaJib6n2axAqT9Y9hdXWTOQRU
DECODED PAYLOAD: {'exp': 1790847326, 'sub': 'user_3Hrwmz08BOOrE5XBraSMqfSQXxp'}
GET_CURRENT_USER: user_3Hrwmz08BOOrE5XBraSMqfSQXxp -> <app.models.core.User object at 0x000001C9FEA6EA90>
RECEIVED TOKEN: eyJhbGciOiJIUzI1NiIsInR5cCI6IkpXVCJ9.eyJleHAiOjE3OTA4NDczMjYsInN1YiI6InVzZXJfM0hyd216MDhCT09yRTVYQnJhU01xZlNRWHhwIn0.khiFzMCbjZLX9freprXaJib6n2axAqT9Y9hdXWTOQRU
DECODED PAYLOAD: {'exp': 1790847326, 'sub': 'user_3Hrwmz08BOOrE5XBraSMqfSQXxp'}
GET_CURRENT_USER: user_3Hrwmz08BOOrE5XBraSMqfSQXxp -> <app.models.core.User object at 0x000001C9FEA6C460>
RECEIVED TOKEN: eyJhbGciOiJIUzI1NiIsInR5cCI6IkpXVCJ9.eyJleHAiOjE3OTA4NDczMjYsInN1YiI6InVzZXJfM0hyd216MDhCT09yRTVYQnJhU01xZlNRWHhwIn0.khiFzMCbjZLX9freprXaJib6n2axAqT9Y9hdXWTOQRU
DECODED PAYLOAD: {'exp': 1790847326, 'sub': 'user_3Hrwmz08BOOrE5XBraSMqfSQXxp'}
GET_CURRENT_USER: user_3Hrwmz08BOOrE5XBraSMqfSQXxp -> <app.models.core.User object at 0x000001C9FEA6EA90>
RECEIVED TOKEN: eyJhbGciOiJIUzI1NiIsInR5cCI6IkpXVCJ9.eyJleHAiOjE3OTA4NDczMjYsInN1YiI6InVzZXJfM0hyd216MDhCT09yRTVYQnJhU01xZlNRWHhwIn0.khiFzMCbjZLX9freprXaJib6n2axAqT9Y9hdXWTOQRU
DECODED PAYLOAD: {'exp': 1790847326, 'sub': 'user_3Hrwmz08BOOrE5XBraSMqfSQXxp'}
GET_CURRENT_USER: user_3Hrwmz08BOOrE5XBraSMqfSQXxp -> <app.models.core.User object at 0x000001C9FEA6EA90>
RECEIVED TOKEN: eyJhbGciOiJIUzI1NiIsInR5cCI6IkpXVCJ9.eyJleHAiOjE3OTA4NDczMjYsInN1YiI6InVzZXJfM0hyd216MDhCT09yRTVYQnJhU01xZlNRWHhwIn0.khiFzMCbjZLX9freprXaJib6n2axAqT9Y9hdXWTOQRU
DECODED PAYLOAD: {'exp': 1790847326, 'sub': 'user_3Hrwmz08BOOrE5XBraSMqfSQXxp'}
GET_CURRENT_USER: user_3Hrwmz08BOOrE5XBraSMqfSQXxp -> <app.models.core.User object at 0x000001C9FED95710>
RECEIVED TOKEN: eyJhbGciOiJIUzI1NiIsInR5cCI6IkpXVCJ9.eyJleHAiOjE3OTA4NDczMjYsInN1YiI6InVzZXJfM0hyd216MDhCT09yRTVYQnJhU01xZlNRWHhwIn0.khiFzMCbjZLX9freprXaJib6n2axAqT9Y9hdXWTOQRU
DECODED PAYLOAD: {'exp': 1790847326, 'sub': 'user_3Hrwmz08BOOrE5XBraSMqfSQXxp'}
GET_CURRENT_USER: user_3Hrwmz08BOOrE5XBraSMqfSQXxp -> <app.models.core.User object at 0x000001C9FED95D90>
RECEIVED TOKEN: eyJhbGciOiJIUzI1NiIsInR5cCI6IkpXVCJ9.eyJleHAiOjE3OTA4NDczMjYsInN1YiI6InVzZXJfM0hyd216MDhCT09yRTVYQnJhU01xZlNRWHhwIn0.khiFzMCbjZLX9freprXaJib6n2axAqT9Y9hdXWTOQRU
DECODED PAYLOAD: {'exp': 1790847326, 'sub': 'user_3Hrwmz08BOOrE5XBraSMqfSQXxp'}
GET_CURRENT_USER: user_3Hrwmz08BOOrE5XBraSMqfSQXxp -> <app.models.core.User object at 0x000001C9FED94390>
RECEIVED TOKEN: eyJhbGciOiJIUzI1NiIsInR5cCI6IkpXVCJ9.eyJleHAiOjE3OTA4NDczMjYsInN1YiI6InVzZXJfM0hyd216MDhCT09yRTVYQnJhU01xZlNRWHhwIn0.khiFzMCbjZLX9freprXaJib6n2axAqT9Y9hdXWTOQRU
DECODED PAYLOAD: {'exp': 1790847326, 'sub': 'user_3Hrwmz08BOOrE5XBraSMqfSQXxp'}
GET_CURRENT_USER: user_3Hrwmz08BOOrE5XBraSMqfSQXxp -> <app.models.core.User object at 0x000001C9FEA6C460>
RECEIVED TOKEN: eyJhbGciOiJIUzI1NiIsInR5cCI6IkpXVCJ9.eyJleHAiOjE3OTA4NDczMjYsInN1YiI6InVzZXJfM0hyd216MDhCT09yRTVYQnJhU01xZlNRWHhwIn0.khiFzMCbjZLX9freprXaJib6n2axAqT9Y9hdXWTOQRU
DECODED PAYLOAD: {'exp': 1790847326, 'sub': 'user_3Hrwmz08BOOrE5XBraSMqfSQXxp'}
RECEIVED TOKEN: eyJhbGciOiJIUzI1NiIsInR5cCI6IkpXVCJ9.eyJleHAiOjE3OTA4NDczMjYsInN1YiI6InVzZXJfM0hyd216MDhCT09yRTVYQnJhU01xZlNRWHhwIn0.khiFzMCbjZLX9freprXaJib6n2axAqT9Y9hdXWTOQRU
DECODED PAYLOAD: {'exp': 1790847326, 'sub': 'user_3Hrwmz08BOOrE5XBraSMqfSQXxp'}
RECEIVED TOKEN: eyJhbGciOiJIUzI1NiIsInR5cCI6IkpXVCJ9.eyJleHAiOjE3OTA4NDczMjYsInN1YiI6InVzZXJfM0hyd216MDhCT09yRTVYQnJhU01xZlNRWHhwIn0.khiFzMCbjZLX9freprXaJib6n2axAqT9Y9hdXWTOQRU
DECODED PAYLOAD: {'exp': 1790847326, 'sub': 'user_3Hrwmz08BOOrE5XBraSMqfSQXxp'}
GET_CURRENT_USER: user_3Hrwmz08BOOrE5XBraSMqfSQXxp -> <app.models.core.User object at 0x000001C9FED95300>
GET_CURRENT_USER: user_3Hrwmz08BOOrE5XBraSMqfSQXxp -> <app.models.core.User object at 0x000001C9FED957E0>
RECEIVED TOKEN: eyJhbGciOiJIUzI1NiIsInR5cCI6IkpXVCJ9.eyJleHAiOjE3OTA4NDczMjYsInN1YiI6InVzZXJfM0hyd216MDhCT09yRTVYQnJhU01xZlNRWHhwIn0.khiFzMCbjZLX9freprXaJib6n2axAqT9Y9hdXWTOQRU
DECODED PAYLOAD: {'exp': 1790847326, 'sub': 'user_3Hrwmz08BOOrE5XBraSMqfSQXxp'}
GET_CURRENT_USER: user_3Hrwmz08BOOrE5XBraSMqfSQXxp -> <app.models.core.User object at 0x000001C9FEA6F930>
RECEIVED TOKEN: eyJhbGciOiJIUzI1NiIsInR5cCI6IkpXVCJ9.eyJleHAiOjE3OTA4NDczMjYsInN1YiI6InVzZXJfM0hyd216MDhCT09yRTVYQnJhU01xZlNRWHhwIn0.khiFzMCbjZLX9freprXaJib6n2axAqT9Y9hdXWTOQRU
DECODED PAYLOAD: {'exp': 1790847326, 'sub': 'user_3Hrwmz08BOOrE5XBraSMqfSQXxp'}
RECEIVED TOKEN: eyJhbGciOiJIUzI1NiIsInR5cCI6IkpXVCJ9.eyJleHAiOjE3OTA4NDczMjYsInN1YiI6InVzZXJfM0hyd216MDhCT09yRTVYQnJhU01xZlNRWHhwIn0.khiFzMCbjZLX9freprXaJib6n2axAqT9Y9hdXWTOQRU
DECODED PAYLOAD: {'exp': 1790847326, 'sub': 'user_3Hrwmz08BOOrE5XBraSMqfSQXxp'}
GET_CURRENT_USER: user_3Hrwmz08BOOrE5XBraSMqfSQXxp -> <app.models.core.User object at 0x000001C9FED94390>
GET_CURRENT_USER: user_3Hrwmz08BOOrE5XBraSMqfSQXxp -> <app.models.core.User object at 0x000001C9FED94BB0>
RECEIVED TOKEN: eyJhbGciOiJIUzI1NiIsInR5cCI6IkpXVCJ9.eyJleHAiOjE3OTA4NDczMjYsInN1YiI6InVzZXJfM0hyd216MDhCT09yRTVYQnJhU01xZlNRWHhwIn0.khiFzMCbjZLX9freprXaJib6n2axAqT9Y9hdXWTOQRU
DECODED PAYLOAD: {'exp': 1790847326, 'sub': 'user_3Hrwmz08BOOrE5XBraSMqfSQXxp'}
GET_CURRENT_USER: user_3Hrwmz08BOOrE5XBraSMqfSQXxp -> <app.models.core.User object at 0x000001C9FEA6C460>
RECEIVED TOKEN: eyJhbGciOiJIUzI1NiIsInR5cCI6IkpXVCJ9.eyJleHAiOjE3OTA4NDczMjYsInN1YiI6InVzZXJfM0hyd216MDhCT09yRTVYQnJhU01xZlNRWHhwIn0.khiFzMCbjZLX9freprXaJib6n2axAqT9Y9hdXWTOQRU
DECODED PAYLOAD: {'exp': 1790847326, 'sub': 'user_3Hrwmz08BOOrE5XBraSMqfSQXxp'}
GET_CURRENT_USER: user_3Hrwmz08BOOrE5XBraSMqfSQXxp -> <app.models.core.User object at 0x000001C9FEA6F110>
RECEIVED TOKEN: eyJhbGciOiJIUzI1NiIsInR5cCI6IkpXVCJ9.eyJleHAiOjE3OTA4NDczMjYsInN1YiI6InVzZXJfM0hyd216MDhCT09yRTVYQnJhU01xZlNRWHhwIn0.khiFzMCbjZLX9freprXaJib6n2axAqT9Y9hdXWTOQRU
DECODED PAYLOAD: {'exp': 1790847326, 'sub': 'user_3Hrwmz08BOOrE5XBraSMqfSQXxp'}
GET_CURRENT_USER: user_3Hrwmz08BOOrE5XBraSMqfSQXxp -> <app.models.core.User object at 0x000001C9FED94940>
RECEIVED TOKEN: eyJhbGciOiJIUzI1NiIsInR5cCI6IkpXVCJ9.eyJleHAiOjE3OTA4NDczMjYsInN1YiI6InVzZXJfM0hyd216MDhCT09yRTVYQnJhU01xZlNRWHhwIn0.khiFzMCbjZLX9freprXaJib6n2axAqT9Y9hdXWTOQRU
DECODED PAYLOAD: {'exp': 1790847326, 'sub': 'user_3Hrwmz08BOOrE5XBraSMqfSQXxp'}
GET_CURRENT_USER: user_3Hrwmz08BOOrE5XBraSMqfSQXxp -> <app.models.core.User object at 0x000001C9FED96A90>
RECEIVED TOKEN: eyJhbGciOiJIUzI1NiIsInR5cCI6IkpXVCJ9.eyJleHAiOjE3OTA4NDczMjYsInN1YiI6InVzZXJfM0hyd216MDhCT09yRTVYQnJhU01xZlNRWHhwIn0.khiFzMCbjZLX9freprXaJib6n2axAqT9Y9hdXWTOQRU
DECODED PAYLOAD: {'exp': 1790847326, 'sub': 'user_3Hrwmz08BOOrE5XBraSMqfSQXxp'}
RECEIVED TOKEN: eyJhbGciOiJIUzI1NiIsInR5cCI6IkpXVCJ9.eyJleHAiOjE3OTA4NDczMjYsInN1YiI6InVzZXJfM0hyd216MDhCT09yRTVYQnJhU01xZlNRWHhwIn0.khiFzMCbjZLX9freprXaJib6n2axAqT9Y9hdXWTOQRU
DECODED PAYLOAD: {'exp': 1790847326, 'sub': 'user_3Hrwmz08BOOrE5XBraSMqfSQXxp'}
GET_CURRENT_USER: user_3Hrwmz08BOOrE5XBraSMqfSQXxp -> <app.models.core.User object at 0x000001C9FED96F70>
RECEIVED TOKEN: eyJhbGciOiJIUzI1NiIsInR5cCI6IkpXVCJ9.eyJleHAiOjE3OTA4NDczMjYsInN1YiI6InVzZXJfM0hyd216MDhCT09yRTVYQnJhU01xZlNRWHhwIn0.khiFzMCbjZLX9freprXaJib6n2axAqT9Y9hdXWTOQRU
DECODED PAYLOAD: {'exp': 1790847326, 'sub': 'user_3Hrwmz08BOOrE5XBraSMqfSQXxp'}
GET_CURRENT_USER: user_3Hrwmz08BOOrE5XBraSMqfSQXxp -> <app.models.core.User object at 0x000001C9FED96680>
GET_CURRENT_USER: user_3Hrwmz08BOOrE5XBraSMqfSQXxp -> <app.models.core.User object at 0x000001C980FE8940>
RECEIVED TOKEN: eyJhbGciOiJIUzI1NiIsInR5cCI6IkpXVCJ9.eyJleHAiOjE3OTA4NDczMjYsInN1YiI6InVzZXJfM0hyd216MDhCT09yRTVYQnJhU01xZlNRWHhwIn0.khiFzMCbjZLX9freprXaJib6n2axAqT9Y9hdXWTOQRU
DECODED PAYLOAD: {'exp': 1790847326, 'sub': 'user_3Hrwmz08BOOrE5XBraSMqfSQXxp'}
GET_CURRENT_USER: user_3Hrwmz08BOOrE5XBraSMqfSQXxp -> <app.models.core.User object at 0x000001C980FE81F0>
RECEIVED TOKEN: eyJhbGciOiJIUzI1NiIsInR5cCI6IkpXVCJ9.eyJleHAiOjE3OTA4NDczMjYsInN1YiI6InVzZXJfM0hyd216MDhCT09yRTVYQnJhU01xZlNRWHhwIn0.khiFzMCbjZLX9freprXaJib6n2axAqT9Y9hdXWTOQRU
DECODED PAYLOAD: {'exp': 1790847326, 'sub': 'user_3Hrwmz08BOOrE5XBraSMqfSQXxp'}
GET_CURRENT_USER: user_3Hrwmz08BOOrE5XBraSMqfSQXxp -> <app.models.core.User object at 0x000001C9FED94390>
RECEIVED TOKEN: eyJhbGciOiJIUzI1NiIsInR5cCI6IkpXVCJ9.eyJleHAiOjE3OTA4NDczMjYsInN1YiI6InVzZXJfM0hyd216MDhCT09yRTVYQnJhU01xZlNRWHhwIn0.khiFzMCbjZLX9freprXaJib6n2axAqT9Y9hdXWTOQRU
DECODED PAYLOAD: {'exp': 1790847326, 'sub': 'user_3Hrwmz08BOOrE5XBraSMqfSQXxp'}
GET_CURRENT_USER: user_3Hrwmz08BOOrE5XBraSMqfSQXxp -> <app.models.core.User object at 0x000001C980FE8390>
RECEIVED TOKEN: eyJhbGciOiJIUzI1NiIsInR5cCI6IkpXVCJ9.eyJleHAiOjE3OTA4NDczMjYsInN1YiI6InVzZXJfM0hyd216MDhCT09yRTVYQnJhU01xZlNRWHhwIn0.khiFzMCbjZLX9freprXaJib6n2axAqT9Y9hdXWTOQRU
DECODED PAYLOAD: {'exp': 1790847326, 'sub': 'user_3Hrwmz08BOOrE5XBraSMqfSQXxp'}
GET_CURRENT_USER: user_3Hrwmz08BOOrE5XBraSMqfSQXxp -> <app.models.core.User object at 0x000001C9FED969C0>
RECEIVED TOKEN: eyJhbGciOiJIUzI1NiIsInR5cCI6IkpXVCJ9.eyJleHAiOjE3OTA4NDczMjYsInN1YiI6InVzZXJfM0hyd216MDhCT09yRTVYQnJhU01xZlNRWHhwIn0.khiFzMCbjZLX9freprXaJib6n2axAqT9Y9hdXWTOQRU
DECODED PAYLOAD: {'exp': 1790847326, 'sub': 'user_3Hrwmz08BOOrE5XBraSMqfSQXxp'}
GET_CURRENT_USER: user_3Hrwmz08BOOrE5XBraSMqfSQXxp -> <app.models.core.User object at 0x000001C980FE87A0>
RECEIVED TOKEN: eyJhbGciOiJIUzI1NiIsInR5cCI6IkpXVCJ9.eyJleHAiOjE3OTA4NDczMjYsInN1YiI6InVzZXJfM0hyd216MDhCT09yRTVYQnJhU01xZlNRWHhwIn0.khiFzMCbjZLX9freprXaJib6n2axAqT9Y9hdXWTOQRU
DECODED PAYLOAD: {'exp': 1790847326, 'sub': 'user_3Hrwmz08BOOrE5XBraSMqfSQXxp'}
GET_CURRENT_USER: user_3Hrwmz08BOOrE5XBraSMqfSQXxp -> <app.models.core.User object at 0x000001C9FED975F0>
RECEIVED TOKEN: eyJhbGciOiJIUzI1NiIsInR5cCI6IkpXVCJ9.eyJleHAiOjE3OTA4NDczMjYsInN1YiI6InVzZXJfM0hyd216MDhCT09yRTVYQnJhU01xZlNRWHhwIn0.khiFzMCbjZLX9freprXaJib6n2axAqT9Y9hdXWTOQRU
DECODED PAYLOAD: {'exp': 1790847326, 'sub': 'user_3Hrwmz08BOOrE5XBraSMqfSQXxp'}
GET_CURRENT_USER: user_3Hrwmz08BOOrE5XBraSMqfSQXxp -> <app.models.core.User object at 0x000001C980FE9D90>
RECEIVED TOKEN: eyJhbGciOiJIUzI1NiIsInR5cCI6IkpXVCJ9.eyJleHAiOjE3OTA4NDczMjYsInN1YiI6InVzZXJfM0hyd216MDhCT09yRTVYQnJhU01xZlNRWHhwIn0.khiFzMCbjZLX9freprXaJib6n2axAqT9Y9hdXWTOQRU
DECODED PAYLOAD: {'exp': 1790847326, 'sub': 'user_3Hrwmz08BOOrE5XBraSMqfSQXxp'}
GET_CURRENT_USER: user_3Hrwmz08BOOrE5XBraSMqfSQXxp -> <app.models.core.User object at 0x000001C9FED946D0>
RECEIVED TOKEN: eyJhbGciOiJIUzI1NiIsInR5cCI6IkpXVCJ9.eyJleHAiOjE3OTA4NDczMjYsInN1YiI6InVzZXJfM0hyd216MDhCT09yRTVYQnJhU01xZlNRWHhwIn0.khiFzMCbjZLX9freprXaJib6n2axAqT9Y9hdXWTOQRU
DECODED PAYLOAD: {'exp': 1790847326, 'sub': 'user_3Hrwmz08BOOrE5XBraSMqfSQXxp'}
GET_CURRENT_USER: user_3Hrwmz08BOOrE5XBraSMqfSQXxp -> <app.models.core.User object at 0x000001C980FEA000>
RECEIVED TOKEN: eyJhbGciOiJIUzI1NiIsInR5cCI6IkpXVCJ9.eyJleHAiOjE3OTA4NDczMjYsInN1YiI6InVzZXJfM0hyd216MDhCT09yRTVYQnJhU01xZlNRWHhwIn0.khiFzMCbjZLX9freprXaJib6n2axAqT9Y9hdXWTOQRU
DECODED PAYLOAD: {'exp': 1790847326, 'sub': 'user_3Hrwmz08BOOrE5XBraSMqfSQXxp'}
GET_CURRENT_USER: user_3Hrwmz08BOOrE5XBraSMqfSQXxp -> <app.models.core.User object at 0x000001C9FED96F70>
RECEIVED TOKEN: eyJhbGciOiJIUzI1NiIsInR5cCI6IkpXVCJ9.eyJleHAiOjE3OTA4NDczMjYsInN1YiI6InVzZXJfM0hyd216MDhCT09yRTVYQnJhU01xZlNRWHhwIn0.khiFzMCbjZLX9freprXaJib6n2axAqT9Y9hdXWTOQRU
DECODED PAYLOAD: {'exp': 1790847326, 'sub': 'user_3Hrwmz08BOOrE5XBraSMqfSQXxp'}
GET_CURRENT_USER: user_3Hrwmz08BOOrE5XBraSMqfSQXxp -> <app.models.core.User object at 0x000001C980FEA270>
RECEIVED TOKEN: eyJhbGciOiJIUzI1NiIsInR5cCI6IkpXVCJ9.eyJleHAiOjE3OTA4NDczMjYsInN1YiI6InVzZXJfM0hyd216MDhCT09yRTVYQnJhU01xZlNRWHhwIn0.khiFzMCbjZLX9freprXaJib6n2axAqT9Y9hdXWTOQRU
DECODED PAYLOAD: {'exp': 1790847326, 'sub': 'user_3Hrwmz08BOOrE5XBraSMqfSQXxp'}
GET_CURRENT_USER: user_3Hrwmz08BOOrE5XBraSMqfSQXxp -> <app.models.core.User object at 0x000001C9FED96410>
RECEIVED TOKEN: eyJhbGciOiJIUzI1NiIsInR5cCI6IkpXVCJ9.eyJleHAiOjE3OTA4NDczMjYsInN1YiI6InVzZXJfM0hyd216MDhCT09yRTVYQnJhU01xZlNRWHhwIn0.khiFzMCbjZLX9freprXaJib6n2axAqT9Y9hdXWTOQRU
DECODED PAYLOAD: {'exp': 1790847326, 'sub': 'user_3Hrwmz08BOOrE5XBraSMqfSQXxp'}
GET_CURRENT_USER: user_3Hrwmz08BOOrE5XBraSMqfSQXxp -> <app.models.core.User object at 0x000001C980FE8C80>
RECEIVED TOKEN: eyJhbGciOiJIUzI1NiIsInR5cCI6IkpXVCJ9.eyJleHAiOjE3OTA4NDczMjYsInN1YiI6InVzZXJfM0hyd216MDhCT09yRTVYQnJhU01xZlNRWHhwIn0.khiFzMCbjZLX9freprXaJib6n2axAqT9Y9hdXWTOQRU
DECODED PAYLOAD: {'exp': 1790847326, 'sub': 'user_3Hrwmz08BOOrE5XBraSMqfSQXxp'}
GET_CURRENT_USER: user_3Hrwmz08BOOrE5XBraSMqfSQXxp -> <app.models.core.User object at 0x000001C98112E9C0>
RECEIVED TOKEN: eyJhbGciOiJIUzI1NiIsInR5cCI6IkpXVCJ9.eyJleHAiOjE3OTA4NDczMjYsInN1YiI6InVzZXJfM0hyd216MDhCT09yRTVYQnJhU01xZlNRWHhwIn0.khiFzMCbjZLX9freprXaJib6n2axAqT9Y9hdXWTOQRU
DECODED PAYLOAD: {'exp': 1790847326, 'sub': 'user_3Hrwmz08BOOrE5XBraSMqfSQXxp'}
GET_CURRENT_USER: user_3Hrwmz08BOOrE5XBraSMqfSQXxp -> <app.models.core.User object at 0x000001C980FE8940>
RECEIVED TOKEN: eyJhbGciOiJIUzI1NiIsInR5cCI6IkpXVCJ9.eyJleHAiOjE3OTA4NDczMjYsInN1YiI6InVzZXJfM0hyd216MDhCT09yRTVYQnJhU01xZlNRWHhwIn0.khiFzMCbjZLX9freprXaJib6n2axAqT9Y9hdXWTOQRU
DECODED PAYLOAD: {'exp': 1790847326, 'sub': 'user_3Hrwmz08BOOrE5XBraSMqfSQXxp'}
RECEIVED TOKEN: eyJhbGciOiJIUzI1NiIsInR5cCI6IkpXVCJ9.eyJleHAiOjE3OTA4NDczMjYsInN1YiI6InVzZXJfM0hyd216MDhCT09yRTVYQnJhU01xZlNRWHhwIn0.khiFzMCbjZLX9freprXaJib6n2axAqT9Y9hdXWTOQRU
DECODED PAYLOAD: {'exp': 1790847326, 'sub': 'user_3Hrwmz08BOOrE5XBraSMqfSQXxp'}
GET_CURRENT_USER: user_3Hrwmz08BOOrE5XBraSMqfSQXxp -> <app.models.core.User object at 0x000001C980FE87A0>
GET_CURRENT_USER: user_3Hrwmz08BOOrE5XBraSMqfSQXxp -> <app.models.core.User object at 0x000001C98112D980>
RECEIVED TOKEN: eyJhbGciOiJIUzI1NiIsInR5cCI6IkpXVCJ9.eyJleHAiOjE3OTA4NDczMjYsInN1YiI6InVzZXJfM0hyd216MDhCT09yRTVYQnJhU01xZlNRWHhwIn0.khiFzMCbjZLX9freprXaJib6n2axAqT9Y9hdXWTOQRU
DECODED PAYLOAD: {'exp': 1790847326, 'sub': 'user_3Hrwmz08BOOrE5XBraSMqfSQXxp'}
GET_CURRENT_USER: user_3Hrwmz08BOOrE5XBraSMqfSQXxp -> <app.models.core.User object at 0x000001C98112CC80>
RECEIVED TOKEN: eyJhbGciOiJIUzI1NiIsInR5cCI6IkpXVCJ9.eyJleHAiOjE3OTA4NDczMjYsInN1YiI6InVzZXJfM0hyd216MDhCT09yRTVYQnJhU01xZlNRWHhwIn0.khiFzMCbjZLX9freprXaJib6n2axAqT9Y9hdXWTOQRU
DECODED PAYLOAD: {'exp': 1790847326, 'sub': 'user_3Hrwmz08BOOrE5XBraSMqfSQXxp'}
GET_CURRENT_USER: user_3Hrwmz08BOOrE5XBraSMqfSQXxp -> <app.models.core.User object at 0x000001C98112F1E0>
RECEIVED TOKEN: eyJhbGciOiJIUzI1NiIsInR5cCI6IkpXVCJ9.eyJleHAiOjE3OTA4NDczMjYsInN1YiI6InVzZXJfM0hyd216MDhCT09yRTVYQnJhU01xZlNRWHhwIn0.khiFzMCbjZLX9freprXaJib6n2axAqT9Y9hdXWTOQRU
DECODED PAYLOAD: {'exp': 1790847326, 'sub': 'user_3Hrwmz08BOOrE5XBraSMqfSQXxp'}
GET_CURRENT_USER: user_3Hrwmz08BOOrE5XBraSMqfSQXxp -> <app.models.core.User object at 0x000001C98112F1E0>
RECEIVED TOKEN: eyJhbGciOiJIUzI1NiIsInR5cCI6IkpXVCJ9.eyJleHAiOjE3OTA4NDczMjYsInN1YiI6InVzZXJfM0hyd216MDhCT09yRTVYQnJhU01xZlNRWHhwIn0.khiFzMCbjZLX9freprXaJib6n2axAqT9Y9hdXWTOQRU
DECODED PAYLOAD: {'exp': 1790847326, 'sub': 'user_3Hrwmz08BOOrE5XBraSMqfSQXxp'}
GET_CURRENT_USER: user_3Hrwmz08BOOrE5XBraSMqfSQXxp -> <app.models.core.User object at 0x000001C98112C600>
RECEIVED TOKEN: eyJhbGciOiJIUzI1NiIsInR5cCI6IkpXVCJ9.eyJleHAiOjE3OTA4NDczMjYsInN1YiI6InVzZXJfM0hyd216MDhCT09yRTVYQnJhU01xZlNRWHhwIn0.khiFzMCbjZLX9freprXaJib6n2axAqT9Y9hdXWTOQRU
DECODED PAYLOAD: {'exp': 1790847326, 'sub': 'user_3Hrwmz08BOOrE5XBraSMqfSQXxp'}
GET_CURRENT_USER: user_3Hrwmz08BOOrE5XBraSMqfSQXxp -> <app.models.core.User object at 0x000001C980FE94A0>
RECEIVED TOKEN: eyJhbGciOiJIUzI1NiIsInR5cCI6IkpXVCJ9.eyJleHAiOjE3OTA4NDczMjYsInN1YiI6InVzZXJfM0hyd216MDhCT09yRTVYQnJhU01xZlNRWHhwIn0.khiFzMCbjZLX9freprXaJib6n2axAqT9Y9hdXWTOQRU
DECODED PAYLOAD: {'exp': 1790847326, 'sub': 'user_3Hrwmz08BOOrE5XBraSMqfSQXxp'}
GET_CURRENT_USER: user_3Hrwmz08BOOrE5XBraSMqfSQXxp -> <app.models.core.User object at 0x000001C98112EC30>
RECEIVED TOKEN: eyJhbGciOiJIUzI1NiIsInR5cCI6IkpXVCJ9.eyJleHAiOjE3OTA4NDczMjYsInN1YiI6InVzZXJfM0hyd216MDhCT09yRTVYQnJhU01xZlNRWHhwIn0.khiFzMCbjZLX9freprXaJib6n2axAqT9Y9hdXWTOQRU
DECODED PAYLOAD: {'exp': 1790847326, 'sub': 'user_3Hrwmz08BOOrE5XBraSMqfSQXxp'}
GET_CURRENT_USER: user_3Hrwmz08BOOrE5XBraSMqfSQXxp -> <app.models.core.User object at 0x000001C9FED95640>
RECEIVED TOKEN: eyJhbGciOiJIUzI1NiIsInR5cCI6IkpXVCJ9.eyJleHAiOjE3OTA4NDczMjYsInN1YiI6InVzZXJfM0hyd216MDhCT09yRTVYQnJhU01xZlNRWHhwIn0.khiFzMCbjZLX9freprXaJib6n2axAqT9Y9hdXWTOQRU
DECODED PAYLOAD: {'exp': 1790847326, 'sub': 'user_3Hrwmz08BOOrE5XBraSMqfSQXxp'}
RECEIVED TOKEN: eyJhbGciOiJIUzI1NiIsInR5cCI6IkpXVCJ9.eyJleHAiOjE3OTA4NDczMjYsInN1YiI6InVzZXJfM0hyd216MDhCT09yRTVYQnJhU01xZlNRWHhwIn0.khiFzMCbjZLX9freprXaJib6n2axAqT9Y9hdXWTOQRU
DECODED PAYLOAD: {'exp': 1790847326, 'sub': 'user_3Hrwmz08BOOrE5XBraSMqfSQXxp'}
GET_CURRENT_USER: user_3Hrwmz08BOOrE5XBraSMqfSQXxp -> <app.models.core.User object at 0x000001C98112EC30>
RECEIVED TOKEN: eyJhbGciOiJIUzI1NiIsInR5cCI6IkpXVCJ9.eyJleHAiOjE3OTA4NDczMjYsInN1YiI6InVzZXJfM0hyd216MDhCT09yRTVYQnJhU01xZlNRWHhwIn0.khiFzMCbjZLX9freprXaJib6n2axAqT9Y9hdXWTOQRU
DECODED PAYLOAD: {'exp': 1790847326, 'sub': 'user_3Hrwmz08BOOrE5XBraSMqfSQXxp'}
RECEIVED TOKEN: eyJhbGciOiJIUzI1NiIsInR5cCI6IkpXVCJ9.eyJleHAiOjE3OTA4NDczMjYsInN1YiI6InVzZXJfM0hyd216MDhCT09yRTVYQnJhU01xZlNRWHhwIn0.khiFzMCbjZLX9freprXaJib6n2axAqT9Y9hdXWTOQRU
DECODED PAYLOAD: {'exp': 1790847326, 'sub': 'user_3Hrwmz08BOOrE5XBraSMqfSQXxp'}
GET_CURRENT_USER: user_3Hrwmz08BOOrE5XBraSMqfSQXxp -> <app.models.core.User object at 0x000001C980FE8120>
GET_CURRENT_USER: user_3Hrwmz08BOOrE5XBraSMqfSQXxp -> <app.models.core.User object at 0x000001C9FED954A0>
RECEIVED TOKEN: eyJhbGciOiJIUzI1NiIsInR5cCI6IkpXVCJ9.eyJleHAiOjE3OTA4NDczMjYsInN1YiI6InVzZXJfM0hyd216MDhCT09yRTVYQnJhU01xZlNRWHhwIn0.khiFzMCbjZLX9freprXaJib6n2axAqT9Y9hdXWTOQRU
DECODED PAYLOAD: {'exp': 1790847326, 'sub': 'user_3Hrwmz08BOOrE5XBraSMqfSQXxp'}
GET_CURRENT_USER: user_3Hrwmz08BOOrE5XBraSMqfSQXxp -> <app.models.core.User object at 0x000001C980FE8120>
RECEIVED TOKEN: eyJhbGciOiJIUzI1NiIsInR5cCI6IkpXVCJ9.eyJleHAiOjE3OTA4NDczMjYsInN1YiI6InVzZXJfM0hyd216MDhCT09yRTVYQnJhU01xZlNRWHhwIn0.khiFzMCbjZLX9freprXaJib6n2axAqT9Y9hdXWTOQRU
DECODED PAYLOAD: {'exp': 1790847326, 'sub': 'user_3Hrwmz08BOOrE5XBraSMqfSQXxp'}
GET_CURRENT_USER: user_3Hrwmz08BOOrE5XBraSMqfSQXxp -> <app.models.core.User object at 0x000001C980FEBA00>
RECEIVED TOKEN: eyJhbGciOiJIUzI1NiIsInR5cCI6IkpXVCJ9.eyJleHAiOjE3OTA4NDczMjYsInN1YiI6InVzZXJfM0hyd216MDhCT09yRTVYQnJhU01xZlNRWHhwIn0.khiFzMCbjZLX9freprXaJib6n2axAqT9Y9hdXWTOQRU
DECODED PAYLOAD: {'exp': 1790847326, 'sub': 'user_3Hrwmz08BOOrE5XBraSMqfSQXxp'}
GET_CURRENT_USER: user_3Hrwmz08BOOrE5XBraSMqfSQXxp -> <app.models.core.User object at 0x000001C980FE8120>
RECEIVED TOKEN: eyJhbGciOiJIUzI1NiIsInR5cCI6IkpXVCJ9.eyJleHAiOjE3OTA4NDczMjYsInN1YiI6InVzZXJfM0hyd216MDhCT09yRTVYQnJhU01xZlNRWHhwIn0.khiFzMCbjZLX9freprXaJib6n2axAqT9Y9hdXWTOQRU
DECODED PAYLOAD: {'exp': 1790847326, 'sub': 'user_3Hrwmz08BOOrE5XBraSMqfSQXxp'}
GET_CURRENT_USER: user_3Hrwmz08BOOrE5XBraSMqfSQXxp -> <app.models.core.User object at 0x000001C980FEBE10>
RECEIVED TOKEN: eyJhbGciOiJIUzI1NiIsInR5cCI6IkpXVCJ9.eyJleHAiOjE3OTA4NDczMjYsInN1YiI6InVzZXJfM0hyd216MDhCT09yRTVYQnJhU01xZlNRWHhwIn0.khiFzMCbjZLX9freprXaJib6n2axAqT9Y9hdXWTOQRU
DECODED PAYLOAD: {'exp': 1790847326, 'sub': 'user_3Hrwmz08BOOrE5XBraSMqfSQXxp'}
GET_CURRENT_USER: user_3Hrwmz08BOOrE5XBraSMqfSQXxp -> <app.models.core.User object at 0x000001C98112F5F0>
RECEIVED TOKEN: eyJhbGciOiJIUzI1NiIsInR5cCI6IkpXVCJ9.eyJleHAiOjE3OTA4NDczMjYsInN1YiI6InVzZXJfM0hyd216MDhCT09yRTVYQnJhU01xZlNRWHhwIn0.khiFzMCbjZLX9freprXaJib6n2axAqT9Y9hdXWTOQRU
DECODED PAYLOAD: {'exp': 1790847326, 'sub': 'user_3Hrwmz08BOOrE5XBraSMqfSQXxp'}
RECEIVED TOKEN: eyJhbGciOiJIUzI1NiIsInR5cCI6IkpXVCJ9.eyJleHAiOjE3OTA4NDczMjYsInN1YiI6InVzZXJfM0hyd216MDhCT09yRTVYQnJhU01xZlNRWHhwIn0.khiFzMCbjZLX9freprXaJib6n2axAqT9Y9hdXWTOQRU
DECODED PAYLOAD: {'exp': 1790847326, 'sub': 'user_3Hrwmz08BOOrE5XBraSMqfSQXxp'}
RECEIVED TOKEN: eyJhbGciOiJIUzI1NiIsInR5cCI6IkpXVCJ9.eyJleHAiOjE3OTA4NDczMjYsInN1YiI6InVzZXJfM0hyd216MDhCT09yRTVYQnJhU01xZlNRWHhwIn0.khiFzMCbjZLX9freprXaJib6n2axAqT9Y9hdXWTOQRU
DECODED PAYLOAD: {'exp': 1790847326, 'sub': 'user_3Hrwmz08BOOrE5XBraSMqfSQXxp'}
GET_CURRENT_USER: user_3Hrwmz08BOOrE5XBraSMqfSQXxp -> <app.models.core.User object at 0x000001C98112EC30>
GET_CURRENT_USER: user_3Hrwmz08BOOrE5XBraSMqfSQXxp -> <app.models.core.User object at 0x000001C98112E0D0>
RECEIVED TOKEN: eyJhbGciOiJIUzI1NiIsInR5cCI6IkpXVCJ9.eyJleHAiOjE3OTA4NDczMjYsInN1YiI6InVzZXJfM0hyd216MDhCT09yRTVYQnJhU01xZlNRWHhwIn0.khiFzMCbjZLX9freprXaJib6n2axAqT9Y9hdXWTOQRU
DECODED PAYLOAD: {'exp': 1790847326, 'sub': 'user_3Hrwmz08BOOrE5XBraSMqfSQXxp'}
GET_CURRENT_USER: user_3Hrwmz08BOOrE5XBraSMqfSQXxp -> <app.models.core.User object at 0x000001C9FEA6EC30>
RECEIVED TOKEN: eyJhbGciOiJIUzI1NiIsInR5cCI6IkpXVCJ9.eyJleHAiOjE3OTA4NDczMjYsInN1YiI6InVzZXJfM0hyd216MDhCT09yRTVYQnJhU01xZlNRWHhwIn0.khiFzMCbjZLX9freprXaJib6n2axAqT9Y9hdXWTOQRU
DECODED PAYLOAD: {'exp': 1790847326, 'sub': 'user_3Hrwmz08BOOrE5XBraSMqfSQXxp'}
GET_CURRENT_USER: user_3Hrwmz08BOOrE5XBraSMqfSQXxp -> <app.models.core.User object at 0x000001C980FEBA00>
RECEIVED TOKEN: eyJhbGciOiJIUzI1NiIsInR5cCI6IkpXVCJ9.eyJleHAiOjE3OTA4NDczMjYsInN1YiI6InVzZXJfM0hyd216MDhCT09yRTVYQnJhU01xZlNRWHhwIn0.khiFzMCbjZLX9freprXaJib6n2axAqT9Y9hdXWTOQRU
DECODED PAYLOAD: {'exp': 1790847326, 'sub': 'user_3Hrwmz08BOOrE5XBraSMqfSQXxp'}
GET_CURRENT_USER: user_3Hrwmz08BOOrE5XBraSMqfSQXxp -> <app.models.core.User object at 0x000001C9FEA6C050>
RECEIVED TOKEN: eyJhbGciOiJIUzI1NiIsInR5cCI6IkpXVCJ9.eyJleHAiOjE3OTA4NDczMjYsInN1YiI6InVzZXJfM0hyd216MDhCT09yRTVYQnJhU01xZlNRWHhwIn0.khiFzMCbjZLX9freprXaJib6n2axAqT9Y9hdXWTOQRU
DECODED PAYLOAD: {'exp': 1790847326, 'sub': 'user_3Hrwmz08BOOrE5XBraSMqfSQXxp'}
GET_CURRENT_USER: user_3Hrwmz08BOOrE5XBraSMqfSQXxp -> <app.models.core.User object at 0x000001C980FE8600>
RECEIVED TOKEN: eyJhbGciOiJIUzI1NiIsInR5cCI6IkpXVCJ9.eyJleHAiOjE3OTA4NDczMjYsInN1YiI6InVzZXJfM0hyd216MDhCT09yRTVYQnJhU01xZlNRWHhwIn0.khiFzMCbjZLX9freprXaJib6n2axAqT9Y9hdXWTOQRU
DECODED PAYLOAD: {'exp': 1790847326, 'sub': 'user_3Hrwmz08BOOrE5XBraSMqfSQXxp'}
GET_CURRENT_USER: user_3Hrwmz08BOOrE5XBraSMqfSQXxp -> <app.models.core.User object at 0x000001C98112E410>
RECEIVED TOKEN: eyJhbGciOiJIUzI1NiIsInR5cCI6IkpXVCJ9.eyJleHAiOjE3OTA4NDczMjYsInN1YiI6InVzZXJfM0hyd216MDhCT09yRTVYQnJhU01xZlNRWHhwIn0.khiFzMCbjZLX9freprXaJib6n2axAqT9Y9hdXWTOQRU
DECODED PAYLOAD: {'exp': 1790847326, 'sub': 'user_3Hrwmz08BOOrE5XBraSMqfSQXxp'}
RECEIVED TOKEN: eyJhbGciOiJIUzI1NiIsInR5cCI6IkpXVCJ9.eyJleHAiOjE3OTA4NDczMjYsInN1YiI6InVzZXJfM0hyd216MDhCT09yRTVYQnJhU01xZlNRWHhwIn0.khiFzMCbjZLX9freprXaJib6n2axAqT9Y9hdXWTOQRU
DECODED PAYLOAD: {'exp': 1790847326, 'sub': 'user_3Hrwmz08BOOrE5XBraSMqfSQXxp'}
GET_CURRENT_USER: user_3Hrwmz08BOOrE5XBraSMqfSQXxp -> <app.models.core.User object at 0x000001C98112C6D0>
GET_CURRENT_USER: user_3Hrwmz08BOOrE5XBraSMqfSQXxp -> <app.models.core.User object at 0x000001C98112DA50>
RECEIVED TOKEN: eyJhbGciOiJIUzI1NiIsInR5cCI6IkpXVCJ9.eyJleHAiOjE3OTA4NDczMjYsInN1YiI6InVzZXJfM0hyd216MDhCT09yRTVYQnJhU01xZlNRWHhwIn0.khiFzMCbjZLX9freprXaJib6n2axAqT9Y9hdXWTOQRU
DECODED PAYLOAD: {'exp': 1790847326, 'sub': 'user_3Hrwmz08BOOrE5XBraSMqfSQXxp'}
GET_CURRENT_USER: user_3Hrwmz08BOOrE5XBraSMqfSQXxp -> <app.models.core.User object at 0x000001C9FED97450>
RECEIVED TOKEN: eyJhbGciOiJIUzI1NiIsInR5cCI6IkpXVCJ9.eyJleHAiOjE3OTA4NDczMjYsInN1YiI6InVzZXJfM0hyd216MDhCT09yRTVYQnJhU01xZlNRWHhwIn0.khiFzMCbjZLX9freprXaJib6n2axAqT9Y9hdXWTOQRU
DECODED PAYLOAD: {'exp': 1790847326, 'sub': 'user_3Hrwmz08BOOrE5XBraSMqfSQXxp'}
GET_CURRENT_USER: user_3Hrwmz08BOOrE5XBraSMqfSQXxp -> <app.models.core.User object at 0x000001C980FEBD40>
RECEIVED TOKEN: eyJhbGciOiJIUzI1NiIsInR5cCI6IkpXVCJ9.eyJleHAiOjE3OTA4NDczMjYsInN1YiI6InVzZXJfM0hyd216MDhCT09yRTVYQnJhU01xZlNRWHhwIn0.khiFzMCbjZLX9freprXaJib6n2axAqT9Y9hdXWTOQRU
DECODED PAYLOAD: {'exp': 1790847326, 'sub': 'user_3Hrwmz08BOOrE5XBraSMqfSQXxp'}
GET_CURRENT_USER: user_3Hrwmz08BOOrE5XBraSMqfSQXxp -> <app.models.core.User object at 0x000001C98112F6C0>
RECEIVED TOKEN: eyJhbGciOiJIUzI1NiIsInR5cCI6IkpXVCJ9.eyJleHAiOjE3OTA4NDczMjYsInN1YiI6InVzZXJfM0hyd216MDhCT09yRTVYQnJhU01xZlNRWHhwIn0.khiFzMCbjZLX9freprXaJib6n2axAqT9Y9hdXWTOQRU
DECODED PAYLOAD: {'exp': 1790847326, 'sub': 'user_3Hrwmz08BOOrE5XBraSMqfSQXxp'}
GET_CURRENT_USER: user_3Hrwmz08BOOrE5XBraSMqfSQXxp -> <app.models.core.User object at 0x000001C9FED95710>
RECEIVED TOKEN: eyJhbGciOiJIUzI1NiIsInR5cCI6IkpXVCJ9.eyJleHAiOjE3OTA4NDczMjYsInN1YiI6InVzZXJfM0hyd216MDhCT09yRTVYQnJhU01xZlNRWHhwIn0.khiFzMCbjZLX9freprXaJib6n2axAqT9Y9hdXWTOQRU
DECODED PAYLOAD: {'exp': 1790847326, 'sub': 'user_3Hrwmz08BOOrE5XBraSMqfSQXxp'}
GET_CURRENT_USER: user_3Hrwmz08BOOrE5XBraSMqfSQXxp -> <app.models.core.User object at 0x000001C980FEBEE0>
RECEIVED TOKEN: eyJhbGciOiJIUzI1NiIsInR5cCI6IkpXVCJ9.eyJleHAiOjE3OTA4NDczMjYsInN1YiI6InVzZXJfM0hyd216MDhCT09yRTVYQnJhU01xZlNRWHhwIn0.khiFzMCbjZLX9freprXaJib6n2axAqT9Y9hdXWTOQRU
DECODED PAYLOAD: {'exp': 1790847326, 'sub': 'user_3Hrwmz08BOOrE5XBraSMqfSQXxp'}
GET_CURRENT_USER: user_3Hrwmz08BOOrE5XBraSMqfSQXxp -> <app.models.core.User object at 0x000001C98112D640>
RECEIVED TOKEN: eyJhbGciOiJIUzI1NiIsInR5cCI6IkpXVCJ9.eyJleHAiOjE3OTA4NDczMjYsInN1YiI6InVzZXJfM0hyd216MDhCT09yRTVYQnJhU01xZlNRWHhwIn0.khiFzMCbjZLX9freprXaJib6n2axAqT9Y9hdXWTOQRU
DECODED PAYLOAD: {'exp': 1790847326, 'sub': 'user_3Hrwmz08BOOrE5XBraSMqfSQXxp'}
GET_CURRENT_USER: user_3Hrwmz08BOOrE5XBraSMqfSQXxp -> <app.models.core.User object at 0x000001C9813DC390>
RECEIVED TOKEN: eyJhbGciOiJIUzI1NiIsInR5cCI6IkpXVCJ9.eyJleHAiOjE3OTA4NDczMjYsInN1YiI6InVzZXJfM0hyd216MDhCT09yRTVYQnJhU01xZlNRWHhwIn0.khiFzMCbjZLX9freprXaJib6n2axAqT9Y9hdXWTOQRU
DECODED PAYLOAD: {'exp': 1790847326, 'sub': 'user_3Hrwmz08BOOrE5XBraSMqfSQXxp'}
GET_CURRENT_USER: user_3Hrwmz08BOOrE5XBraSMqfSQXxp -> <app.models.core.User object at 0x000001C9FED97450>
RECEIVED TOKEN: eyJhbGciOiJIUzI1NiIsInR5cCI6IkpXVCJ9.eyJleHAiOjE3OTA4NDczMjYsInN1YiI6InVzZXJfM0hyd216MDhCT09yRTVYQnJhU01xZlNRWHhwIn0.khiFzMCbjZLX9freprXaJib6n2axAqT9Y9hdXWTOQRU
DECODED PAYLOAD: {'exp': 1790847326, 'sub': 'user_3Hrwmz08BOOrE5XBraSMqfSQXxp'}
GET_CURRENT_USER: user_3Hrwmz08BOOrE5XBraSMqfSQXxp -> <app.models.core.User object at 0x000001C98112D8B0>
RECEIVED TOKEN: eyJhbGciOiJIUzI1NiIsInR5cCI6IkpXVCJ9.eyJleHAiOjE3OTA4NDczMjYsInN1YiI6InVzZXJfM0hyd216MDhCT09yRTVYQnJhU01xZlNRWHhwIn0.khiFzMCbjZLX9freprXaJib6n2axAqT9Y9hdXWTOQRU
DECODED PAYLOAD: {'exp': 1790847326, 'sub': 'user_3Hrwmz08BOOrE5XBraSMqfSQXxp'}
RECEIVED TOKEN: eyJhbGciOiJIUzI1NiIsInR5cCI6IkpXVCJ9.eyJleHAiOjE3OTA4NDczMjYsInN1YiI6InVzZXJfM0hyd216MDhCT09yRTVYQnJhU01xZlNRWHhwIn0.khiFzMCbjZLX9freprXaJib6n2axAqT9Y9hdXWTOQRU
DECODED PAYLOAD: {'exp': 1790847326, 'sub': 'user_3Hrwmz08BOOrE5XBraSMqfSQXxp'}
GET_CURRENT_USER: user_3Hrwmz08BOOrE5XBraSMqfSQXxp -> <app.models.core.User object at 0x000001C980FE9570>
RECEIVED TOKEN: eyJhbGciOiJIUzI1NiIsInR5cCI6IkpXVCJ9.eyJleHAiOjE3OTA4NDczMjYsInN1YiI6InVzZXJfM0hyd216MDhCT09yRTVYQnJhU01xZlNRWHhwIn0.khiFzMCbjZLX9freprXaJib6n2axAqT9Y9hdXWTOQRU
DECODED PAYLOAD: {'exp': 1790847326, 'sub': 'user_3Hrwmz08BOOrE5XBraSMqfSQXxp'}
GET_CURRENT_USER: user_3Hrwmz08BOOrE5XBraSMqfSQXxp -> <app.models.core.User object at 0x000001C9813DFA00>
RECEIVED TOKEN: eyJhbGciOiJIUzI1NiIsInR5cCI6IkpXVCJ9.eyJleHAiOjE3OTA4NDczMjYsInN1YiI6InVzZXJfM0hyd216MDhCT09yRTVYQnJhU01xZlNRWHhwIn0.khiFzMCbjZLX9freprXaJib6n2axAqT9Y9hdXWTOQRU
DECODED PAYLOAD: {'exp': 1790847326, 'sub': 'user_3Hrwmz08BOOrE5XBraSMqfSQXxp'}
GET_CURRENT_USER: user_3Hrwmz08BOOrE5XBraSMqfSQXxp -> <app.models.core.User object at 0x000001C9813DC050>
RECEIVED TOKEN: eyJhbGciOiJIUzI1NiIsInR5cCI6IkpXVCJ9.eyJleHAiOjE3OTA4NDczMjYsInN1YiI6InVzZXJfM0hyd216MDhCT09yRTVYQnJhU01xZlNRWHhwIn0.khiFzMCbjZLX9freprXaJib6n2axAqT9Y9hdXWTOQRU
DECODED PAYLOAD: {'exp': 1790847326, 'sub': 'user_3Hrwmz08BOOrE5XBraSMqfSQXxp'}
GET_CURRENT_USER: user_3Hrwmz08BOOrE5XBraSMqfSQXxp -> <app.models.core.User object at 0x000001C9FEA6E270>
RECEIVED TOKEN: eyJhbGciOiJIUzI1NiIsInR5cCI6IkpXVCJ9.eyJleHAiOjE3OTA4NDczMjYsInN1YiI6InVzZXJfM0hyd216MDhCT09yRTVYQnJhU01xZlNRWHhwIn0.khiFzMCbjZLX9freprXaJib6n2axAqT9Y9hdXWTOQRU
DECODED PAYLOAD: {'exp': 1790847326, 'sub': 'user_3Hrwmz08BOOrE5XBraSMqfSQXxp'}
GET_CURRENT_USER: user_3Hrwmz08BOOrE5XBraSMqfSQXxp -> <app.models.core.User object at 0x000001C980FE8460>
RECEIVED TOKEN: eyJhbGciOiJIUzI1NiIsInR5cCI6IkpXVCJ9.eyJleHAiOjE3OTA4NDczMjYsInN1YiI6InVzZXJfM0hyd216MDhCT09yRTVYQnJhU01xZlNRWHhwIn0.khiFzMCbjZLX9freprXaJib6n2axAqT9Y9hdXWTOQRU
DECODED PAYLOAD: {'exp': 1790847326, 'sub': 'user_3Hrwmz08BOOrE5XBraSMqfSQXxp'}
GET_CURRENT_USER: user_3Hrwmz08BOOrE5XBraSMqfSQXxp -> <app.models.core.User object at 0x000001C9813DED00>
RECEIVED TOKEN: eyJhbGciOiJIUzI1NiIsInR5cCI6IkpXVCJ9.eyJleHAiOjE3OTA4NDczMjYsInN1YiI6InVzZXJfM0hyd216MDhCT09yRTVYQnJhU01xZlNRWHhwIn0.khiFzMCbjZLX9freprXaJib6n2axAqT9Y9hdXWTOQRU
DECODED PAYLOAD: {'exp': 1790847326, 'sub': 'user_3Hrwmz08BOOrE5XBraSMqfSQXxp'}
GET_CURRENT_USER: user_3Hrwmz08BOOrE5XBraSMqfSQXxp -> <app.models.core.User object at 0x000001C9FEA6C050>
RECEIVED TOKEN: eyJhbGciOiJIUzI1NiIsInR5cCI6IkpXVCJ9.eyJleHAiOjE3OTA4NDczMjYsInN1YiI6InVzZXJfM0hyd216MDhCT09yRTVYQnJhU01xZlNRWHhwIn0.khiFzMCbjZLX9freprXaJib6n2axAqT9Y9hdXWTOQRU
DECODED PAYLOAD: {'exp': 1790847326, 'sub': 'user_3Hrwmz08BOOrE5XBraSMqfSQXxp'}
GET_CURRENT_USER: user_3Hrwmz08BOOrE5XBraSMqfSQXxp -> <app.models.core.User object at 0x000001C980FEBC70>
RECEIVED TOKEN: eyJhbGciOiJIUzI1NiIsInR5cCI6IkpXVCJ9.eyJleHAiOjE3OTA4NDczMjYsInN1YiI6InVzZXJfM0hyd216MDhCT09yRTVYQnJhU01xZlNRWHhwIn0.khiFzMCbjZLX9freprXaJib6n2axAqT9Y9hdXWTOQRU
DECODED PAYLOAD: {'exp': 1790847326, 'sub': 'user_3Hrwmz08BOOrE5XBraSMqfSQXxp'}
GET_CURRENT_USER: user_3Hrwmz08BOOrE5XBraSMqfSQXxp -> <app.models.core.User object at 0x000001C9FED95640>
RECEIVED TOKEN: eyJhbGciOiJIUzI1NiIsInR5cCI6IkpXVCJ9.eyJleHAiOjE3OTA4NDczMjYsInN1YiI6InVzZXJfM0hyd216MDhCT09yRTVYQnJhU01xZlNRWHhwIn0.khiFzMCbjZLX9freprXaJib6n2axAqT9Y9hdXWTOQRU
DECODED PAYLOAD: {'exp': 1790847326, 'sub': 'user_3Hrwmz08BOOrE5XBraSMqfSQXxp'}
GET_CURRENT_USER: user_3Hrwmz08BOOrE5XBraSMqfSQXxp -> <app.models.core.User object at 0x000001C9FEA6C050>
RECEIVED TOKEN: eyJhbGciOiJIUzI1NiIsInR5cCI6IkpXVCJ9.eyJleHAiOjE3OTA4NDczMjYsInN1YiI6InVzZXJfM0hyd216MDhCT09yRTVYQnJhU01xZlNRWHhwIn0.khiFzMCbjZLX9freprXaJib6n2axAqT9Y9hdXWTOQRU
DECODED PAYLOAD: {'exp': 1790847326, 'sub': 'user_3Hrwmz08BOOrE5XBraSMqfSQXxp'}
GET_CURRENT_USER: user_3Hrwmz08BOOrE5XBraSMqfSQXxp -> <app.models.core.User object at 0x000001C980FE9710>
RECEIVED TOKEN: eyJhbGciOiJIUzI1NiIsInR5cCI6IkpXVCJ9.eyJleHAiOjE3OTA4NDczMjYsInN1YiI6InVzZXJfM0hyd216MDhCT09yRTVYQnJhU01xZlNRWHhwIn0.khiFzMCbjZLX9freprXaJib6n2axAqT9Y9hdXWTOQRU
DECODED PAYLOAD: {'exp': 1790847326, 'sub': 'user_3Hrwmz08BOOrE5XBraSMqfSQXxp'}
GET_CURRENT_USER: user_3Hrwmz08BOOrE5XBraSMqfSQXxp -> <app.models.core.User object at 0x000001C9813DCC80>
RECEIVED TOKEN: eyJhbGciOiJIUzI1NiIsInR5cCI6IkpXVCJ9.eyJleHAiOjE3OTA4NDczMjYsInN1YiI6InVzZXJfM0hyd216MDhCT09yRTVYQnJhU01xZlNRWHhwIn0.khiFzMCbjZLX9freprXaJib6n2axAqT9Y9hdXWTOQRU
DECODED PAYLOAD: {'exp': 1790847326, 'sub': 'user_3Hrwmz08BOOrE5XBraSMqfSQXxp'}
GET_CURRENT_USER: user_3Hrwmz08BOOrE5XBraSMqfSQXxp -> <app.models.core.User object at 0x000001C980FE8940>
RECEIVED TOKEN: eyJhbGciOiJIUzI1NiIsInR5cCI6IkpXVCJ9.eyJleHAiOjE3OTA4NDczMjYsInN1YiI6InVzZXJfM0hyd216MDhCT09yRTVYQnJhU01xZlNRWHhwIn0.khiFzMCbjZLX9freprXaJib6n2axAqT9Y9hdXWTOQRU
DECODED PAYLOAD: {'exp': 1790847326, 'sub': 'user_3Hrwmz08BOOrE5XBraSMqfSQXxp'}
GET_CURRENT_USER: user_3Hrwmz08BOOrE5XBraSMqfSQXxp -> <app.models.core.User object at 0x000001C98112CE20>
RECEIVED TOKEN: eyJhbGciOiJIUzI1NiIsInR5cCI6IkpXVCJ9.eyJleHAiOjE3OTA4NDczMjYsInN1YiI6InVzZXJfM0hyd216MDhCT09yRTVYQnJhU01xZlNRWHhwIn0.khiFzMCbjZLX9freprXaJib6n2axAqT9Y9hdXWTOQRU
DECODED PAYLOAD: {'exp': 1790847326, 'sub': 'user_3Hrwmz08BOOrE5XBraSMqfSQXxp'}
GET_CURRENT_USER: user_3Hrwmz08BOOrE5XBraSMqfSQXxp -> <app.models.core.User object at 0x000001C980FE8A10>
RECEIVED TOKEN: eyJhbGciOiJIUzI1NiIsInR5cCI6IkpXVCJ9.eyJleHAiOjE3OTA4NDczMjYsInN1YiI6InVzZXJfM0hyd216MDhCT09yRTVYQnJhU01xZlNRWHhwIn0.khiFzMCbjZLX9freprXaJib6n2axAqT9Y9hdXWTOQRU
DECODED PAYLOAD: {'exp': 1790847326, 'sub': 'user_3Hrwmz08BOOrE5XBraSMqfSQXxp'}
GET_CURRENT_USER: user_3Hrwmz08BOOrE5XBraSMqfSQXxp -> <app.models.core.User object at 0x000001C9813DEDD0>
RECEIVED TOKEN: eyJhbGciOiJIUzI1NiIsInR5cCI6IkpXVCJ9.eyJleHAiOjE3OTA4NDczMjYsInN1YiI6InVzZXJfM0hyd216MDhCT09yRTVYQnJhU01xZlNRWHhwIn0.khiFzMCbjZLX9freprXaJib6n2axAqT9Y9hdXWTOQRU
DECODED PAYLOAD: {'exp': 1790847326, 'sub': 'user_3Hrwmz08BOOrE5XBraSMqfSQXxp'}
GET_CURRENT_USER: user_3Hrwmz08BOOrE5XBraSMqfSQXxp -> <app.models.core.User object at 0x000001C98112FE10>
RECEIVED TOKEN: eyJhbGciOiJIUzI1NiIsInR5cCI6IkpXVCJ9.eyJleHAiOjE3OTA4NDczMjYsInN1YiI6InVzZXJfM0hyd216MDhCT09yRTVYQnJhU01xZlNRWHhwIn0.khiFzMCbjZLX9freprXaJib6n2axAqT9Y9hdXWTOQRU
DECODED PAYLOAD: {'exp': 1790847326, 'sub': 'user_3Hrwmz08BOOrE5XBraSMqfSQXxp'}
GET_CURRENT_USER: user_3Hrwmz08BOOrE5XBraSMqfSQXxp -> <app.models.core.User object at 0x000001C9FEA6E270>
RECEIVED TOKEN: eyJhbGciOiJIUzI1NiIsInR5cCI6IkpXVCJ9.eyJleHAiOjE3OTA4NDczMjYsInN1YiI6InVzZXJfM0hyd216MDhCT09yRTVYQnJhU01xZlNRWHhwIn0.khiFzMCbjZLX9freprXaJib6n2axAqT9Y9hdXWTOQRU
DECODED PAYLOAD: {'exp': 1790847326, 'sub': 'user_3Hrwmz08BOOrE5XBraSMqfSQXxp'}
GET_CURRENT_USER: user_3Hrwmz08BOOrE5XBraSMqfSQXxp -> <app.models.core.User object at 0x000001C980FE9160>
RECEIVED TOKEN: eyJhbGciOiJIUzI1NiIsInR5cCI6IkpXVCJ9.eyJleHAiOjE3OTA4NDczMjYsInN1YiI6InVzZXJfM0hyd216MDhCT09yRTVYQnJhU01xZlNRWHhwIn0.khiFzMCbjZLX9freprXaJib6n2axAqT9Y9hdXWTOQRU
DECODED PAYLOAD: {'exp': 1790847326, 'sub': 'user_3Hrwmz08BOOrE5XBraSMqfSQXxp'}
GET_CURRENT_USER: user_3Hrwmz08BOOrE5XBraSMqfSQXxp -> <app.models.core.User object at 0x000001C9FEA6C050>
RECEIVED TOKEN: eyJhbGciOiJIUzI1NiIsInR5cCI6IkpXVCJ9.eyJleHAiOjE3OTA4NDczMjYsInN1YiI6InVzZXJfM0hyd216MDhCT09yRTVYQnJhU01xZlNRWHhwIn0.khiFzMCbjZLX9freprXaJib6n2axAqT9Y9hdXWTOQRU
DECODED PAYLOAD: {'exp': 1790847326, 'sub': 'user_3Hrwmz08BOOrE5XBraSMqfSQXxp'}
GET_CURRENT_USER: user_3Hrwmz08BOOrE5XBraSMqfSQXxp -> <app.models.core.User object at 0x000001C980FE8EF0>
RECEIVED TOKEN: eyJhbGciOiJIUzI1NiIsInR5cCI6IkpXVCJ9.eyJleHAiOjE3OTA4NDczMjYsInN1YiI6InVzZXJfM0hyd216MDhCT09yRTVYQnJhU01xZlNRWHhwIn0.khiFzMCbjZLX9freprXaJib6n2axAqT9Y9hdXWTOQRU
DECODED PAYLOAD: {'exp': 1790847326, 'sub': 'user_3Hrwmz08BOOrE5XBraSMqfSQXxp'}
GET_CURRENT_USER: user_3Hrwmz08BOOrE5XBraSMqfSQXxp -> <app.models.core.User object at 0x000001C9813DCAE0>
RECEIVED TOKEN: eyJhbGciOiJIUzI1NiIsInR5cCI6IkpXVCJ9.eyJleHAiOjE3OTA4NDczMjYsInN1YiI6InVzZXJfM0hyd216MDhCT09yRTVYQnJhU01xZlNRWHhwIn0.khiFzMCbjZLX9freprXaJib6n2axAqT9Y9hdXWTOQRU
DECODED PAYLOAD: {'exp': 1790847326, 'sub': 'user_3Hrwmz08BOOrE5XBraSMqfSQXxp'}
GET_CURRENT_USER: user_3Hrwmz08BOOrE5XBraSMqfSQXxp -> <app.models.core.User object at 0x000001C98112E5B0>
RECEIVED TOKEN: eyJhbGciOiJIUzI1NiIsInR5cCI6IkpXVCJ9.eyJleHAiOjE3OTA4NDczMjYsInN1YiI6InVzZXJfM0hyd216MDhCT09yRTVYQnJhU01xZlNRWHhwIn0.khiFzMCbjZLX9freprXaJib6n2axAqT9Y9hdXWTOQRU
DECODED PAYLOAD: {'exp': 1790847326, 'sub': 'user_3Hrwmz08BOOrE5XBraSMqfSQXxp'}
GET_CURRENT_USER: user_3Hrwmz08BOOrE5XBraSMqfSQXxp -> <app.models.core.User object at 0x000001C9FEA6E270>
RECEIVED TOKEN: eyJhbGciOiJIUzI1NiIsInR5cCI6IkpXVCJ9.eyJleHAiOjE3OTA4NDczMjYsInN1YiI6InVzZXJfM0hyd216MDhCT09yRTVYQnJhU01xZlNRWHhwIn0.khiFzMCbjZLX9freprXaJib6n2axAqT9Y9hdXWTOQRU
DECODED PAYLOAD: {'exp': 1790847326, 'sub': 'user_3Hrwmz08BOOrE5XBraSMqfSQXxp'}
GET_CURRENT_USER: user_3Hrwmz08BOOrE5XBraSMqfSQXxp -> <app.models.core.User object at 0x000001C980FE9090>
RECEIVED TOKEN: eyJhbGciOiJIUzI1NiIsInR5cCI6IkpXVCJ9.eyJleHAiOjE3OTA4NDczMjYsInN1YiI6InVzZXJfM0hyd216MDhCT09yRTVYQnJhU01xZlNRWHhwIn0.khiFzMCbjZLX9freprXaJib6n2axAqT9Y9hdXWTOQRU
DECODED PAYLOAD: {'exp': 1790847326, 'sub': 'user_3Hrwmz08BOOrE5XBraSMqfSQXxp'}
GET_CURRENT_USER: user_3Hrwmz08BOOrE5XBraSMqfSQXxp -> <app.models.core.User object at 0x000001C9813DED00>
RECEIVED TOKEN: eyJhbGciOiJIUzI1NiIsInR5cCI6IkpXVCJ9.eyJleHAiOjE3OTA4NDczMjYsInN1YiI6InVzZXJfM0hyd216MDhCT09yRTVYQnJhU01xZlNRWHhwIn0.khiFzMCbjZLX9freprXaJib6n2axAqT9Y9hdXWTOQRU
DECODED PAYLOAD: {'exp': 1790847326, 'sub': 'user_3Hrwmz08BOOrE5XBraSMqfSQXxp'}
GET_CURRENT_USER: user_3Hrwmz08BOOrE5XBraSMqfSQXxp -> <app.models.core.User object at 0x000001C98112EEA0>
RECEIVED TOKEN: eyJhbGciOiJIUzI1NiIsInR5cCI6IkpXVCJ9.eyJleHAiOjE3OTA4NDczMjYsInN1YiI6InVzZXJfM0hyd216MDhCT09yRTVYQnJhU01xZlNRWHhwIn0.khiFzMCbjZLX9freprXaJib6n2axAqT9Y9hdXWTOQRU
DECODED PAYLOAD: {'exp': 1790847326, 'sub': 'user_3Hrwmz08BOOrE5XBraSMqfSQXxp'}
GET_CURRENT_USER: user_3Hrwmz08BOOrE5XBraSMqfSQXxp -> <app.models.core.User object at 0x000001C980FE8FC0>
RECEIVED TOKEN: eyJhbGciOiJIUzI1NiIsInR5cCI6IkpXVCJ9.eyJleHAiOjE3OTA4NDczMjYsInN1YiI6InVzZXJfM0hyd216MDhCT09yRTVYQnJhU01xZlNRWHhwIn0.khiFzMCbjZLX9freprXaJib6n2axAqT9Y9hdXWTOQRU
DECODED PAYLOAD: {'exp': 1790847326, 'sub': 'user_3Hrwmz08BOOrE5XBraSMqfSQXxp'}
GET_CURRENT_USER: user_3Hrwmz08BOOrE5XBraSMqfSQXxp -> <app.models.core.User object at 0x000001C9813DC050>
RECEIVED TOKEN: eyJhbGciOiJIUzI1NiIsInR5cCI6IkpXVCJ9.eyJleHAiOjE3OTA4NDczMjYsInN1YiI6InVzZXJfM0hyd216MDhCT09yRTVYQnJhU01xZlNRWHhwIn0.khiFzMCbjZLX9freprXaJib6n2axAqT9Y9hdXWTOQRU
DECODED PAYLOAD: {'exp': 1790847326, 'sub': 'user_3Hrwmz08BOOrE5XBraSMqfSQXxp'}
GET_CURRENT_USER: user_3Hrwmz08BOOrE5XBraSMqfSQXxp -> <app.models.core.User object at 0x000001C98112D570>
RECEIVED TOKEN: eyJhbGciOiJIUzI1NiIsInR5cCI6IkpXVCJ9.eyJleHAiOjE3OTA4NDczMjYsInN1YiI6InVzZXJfM0hyd216MDhCT09yRTVYQnJhU01xZlNRWHhwIn0.khiFzMCbjZLX9freprXaJib6n2axAqT9Y9hdXWTOQRU
DECODED PAYLOAD: {'exp': 1790847326, 'sub': 'user_3Hrwmz08BOOrE5XBraSMqfSQXxp'}
GET_CURRENT_USER: user_3Hrwmz08BOOrE5XBraSMqfSQXxp -> <app.models.core.User object at 0x000001C980FE8EF0>
RECEIVED TOKEN: eyJhbGciOiJIUzI1NiIsInR5cCI6IkpXVCJ9.eyJleHAiOjE3OTA4NDczMjYsInN1YiI6InVzZXJfM0hyd216MDhCT09yRTVYQnJhU01xZlNRWHhwIn0.khiFzMCbjZLX9freprXaJib6n2axAqT9Y9hdXWTOQRU
DECODED PAYLOAD: {'exp': 1790847326, 'sub': 'user_3Hrwmz08BOOrE5XBraSMqfSQXxp'}
GET_CURRENT_USER: user_3Hrwmz08BOOrE5XBraSMqfSQXxp -> <app.models.core.User object at 0x000001C9813DF930>
RECEIVED TOKEN: eyJhbGciOiJIUzI1NiIsInR5cCI6IkpXVCJ9.eyJleHAiOjE3OTA4NDczMjYsInN1YiI6InVzZXJfM0hyd216MDhCT09yRTVYQnJhU01xZlNRWHhwIn0.khiFzMCbjZLX9freprXaJib6n2axAqT9Y9hdXWTOQRU
DECODED PAYLOAD: {'exp': 1790847326, 'sub': 'user_3Hrwmz08BOOrE5XBraSMqfSQXxp'}
GET_CURRENT_USER: user_3Hrwmz08BOOrE5XBraSMqfSQXxp -> <app.models.core.User object at 0x000001C98112E9C0>
RECEIVED TOKEN: eyJhbGciOiJIUzI1NiIsInR5cCI6IkpXVCJ9.eyJleHAiOjE3OTA4NDczMjYsInN1YiI6InVzZXJfM0hyd216MDhCT09yRTVYQnJhU01xZlNRWHhwIn0.khiFzMCbjZLX9freprXaJib6n2axAqT9Y9hdXWTOQRU
DECODED PAYLOAD: {'exp': 1790847326, 'sub': 'user_3Hrwmz08BOOrE5XBraSMqfSQXxp'}
GET_CURRENT_USER: user_3Hrwmz08BOOrE5XBraSMqfSQXxp -> <app.models.core.User object at 0x000001C980FE87A0>
RECEIVED TOKEN: eyJhbGciOiJIUzI1NiIsInR5cCI6IkpXVCJ9.eyJleHAiOjE3OTA4NDczMjYsInN1YiI6InVzZXJfM0hyd216MDhCT09yRTVYQnJhU01xZlNRWHhwIn0.khiFzMCbjZLX9freprXaJib6n2axAqT9Y9hdXWTOQRU
DECODED PAYLOAD: {'exp': 1790847326, 'sub': 'user_3Hrwmz08BOOrE5XBraSMqfSQXxp'}
GET_CURRENT_USER: user_3Hrwmz08BOOrE5XBraSMqfSQXxp -> <app.models.core.User object at 0x000001C9813DE000>
RECEIVED TOKEN: eyJhbGciOiJIUzI1NiIsInR5cCI6IkpXVCJ9.eyJleHAiOjE3OTA4NDczMjYsInN1YiI6InVzZXJfM0hyd216MDhCT09yRTVYQnJhU01xZlNRWHhwIn0.khiFzMCbjZLX9freprXaJib6n2axAqT9Y9hdXWTOQRU
DECODED PAYLOAD: {'exp': 1790847326, 'sub': 'user_3Hrwmz08BOOrE5XBraSMqfSQXxp'}
GET_CURRENT_USER: user_3Hrwmz08BOOrE5XBraSMqfSQXxp -> <app.models.core.User object at 0x000001C980FE8050>
RECEIVED TOKEN: eyJhbGciOiJIUzI1NiIsInR5cCI6IkpXVCJ9.eyJleHAiOjE3OTA4NDczMjYsInN1YiI6InVzZXJfM0hyd216MDhCT09yRTVYQnJhU01xZlNRWHhwIn0.khiFzMCbjZLX9freprXaJib6n2axAqT9Y9hdXWTOQRU
DECODED PAYLOAD: {'exp': 1790847326, 'sub': 'user_3Hrwmz08BOOrE5XBraSMqfSQXxp'}
GET_CURRENT_USER: user_3Hrwmz08BOOrE5XBraSMqfSQXxp -> <app.models.core.User object at 0x000001C9FED95640>
RECEIVED TOKEN: eyJhbGciOiJIUzI1NiIsInR5cCI6IkpXVCJ9.eyJleHAiOjE3OTA4NDczMjYsInN1YiI6InVzZXJfM0hyd216MDhCT09yRTVYQnJhU01xZlNRWHhwIn0.khiFzMCbjZLX9freprXaJib6n2axAqT9Y9hdXWTOQRU
DECODED PAYLOAD: {'exp': 1790847326, 'sub': 'user_3Hrwmz08BOOrE5XBraSMqfSQXxp'}
GET_CURRENT_USER: user_3Hrwmz08BOOrE5XBraSMqfSQXxp -> <app.models.core.User object at 0x000001C9FEA6EC30>
RECEIVED TOKEN: eyJhbGciOiJIUzI1NiIsInR5cCI6IkpXVCJ9.eyJleHAiOjE3OTA4NDczMjYsInN1YiI6InVzZXJfM0hyd216MDhCT09yRTVYQnJhU01xZlNRWHhwIn0.khiFzMCbjZLX9freprXaJib6n2axAqT9Y9hdXWTOQRU
DECODED PAYLOAD: {'exp': 1790847326, 'sub': 'user_3Hrwmz08BOOrE5XBraSMqfSQXxp'}
GET_CURRENT_USER: user_3Hrwmz08BOOrE5XBraSMqfSQXxp -> <app.models.core.User object at 0x000001C980FE94A0>
RECEIVED TOKEN: eyJhbGciOiJIUzI1NiIsInR5cCI6IkpXVCJ9.eyJleHAiOjE3OTA4NDczMjYsInN1YiI6InVzZXJfM0hyd216MDhCT09yRTVYQnJhU01xZlNRWHhwIn0.khiFzMCbjZLX9freprXaJib6n2axAqT9Y9hdXWTOQRU
DECODED PAYLOAD: {'exp': 1790847326, 'sub': 'user_3Hrwmz08BOOrE5XBraSMqfSQXxp'}
GET_CURRENT_USER: user_3Hrwmz08BOOrE5XBraSMqfSQXxp -> <app.models.core.User object at 0x000001C9FED95640>
RECEIVED TOKEN: eyJhbGciOiJIUzI1NiIsInR5cCI6IkpXVCJ9.eyJleHAiOjE3OTA4NDczMjYsInN1YiI6InVzZXJfM0hyd216MDhCT09yRTVYQnJhU01xZlNRWHhwIn0.khiFzMCbjZLX9freprXaJib6n2axAqT9Y9hdXWTOQRU
DECODED PAYLOAD: {'exp': 1790847326, 'sub': 'user_3Hrwmz08BOOrE5XBraSMqfSQXxp'}
GET_CURRENT_USER: user_3Hrwmz08BOOrE5XBraSMqfSQXxp -> <app.models.core.User object at 0x000001C9FEA6EC30>
RECEIVED TOKEN: eyJhbGciOiJIUzI1NiIsInR5cCI6IkpXVCJ9.eyJleHAiOjE3OTA4NDczMjYsInN1YiI6InVzZXJfM0hyd216MDhCT09yRTVYQnJhU01xZlNRWHhwIn0.khiFzMCbjZLX9freprXaJib6n2axAqT9Y9hdXWTOQRU
DECODED PAYLOAD: {'exp': 1790847326, 'sub': 'user_3Hrwmz08BOOrE5XBraSMqfSQXxp'}
GET_CURRENT_USER: user_3Hrwmz08BOOrE5XBraSMqfSQXxp -> <app.models.core.User object at 0x000001C980FE81F0>
RECEIVED TOKEN: eyJhbGciOiJIUzI1NiIsInR5cCI6IkpXVCJ9.eyJleHAiOjE3OTA4NDczMjYsInN1YiI6InVzZXJfM0hyd216MDhCT09yRTVYQnJhU01xZlNRWHhwIn0.khiFzMCbjZLX9freprXaJib6n2axAqT9Y9hdXWTOQRU
DECODED PAYLOAD: {'exp': 1790847326, 'sub': 'user_3Hrwmz08BOOrE5XBraSMqfSQXxp'}
GET_CURRENT_USER: user_3Hrwmz08BOOrE5XBraSMqfSQXxp -> <app.models.core.User object at 0x000001C98112FAD0>
RECEIVED TOKEN: eyJhbGciOiJIUzI1NiIsInR5cCI6IkpXVCJ9.eyJleHAiOjE3OTA4NDczMjYsInN1YiI6InVzZXJfM0hyd216MDhCT09yRTVYQnJhU01xZlNRWHhwIn0.khiFzMCbjZLX9freprXaJib6n2axAqT9Y9hdXWTOQRU
DECODED PAYLOAD: {'exp': 1790847326, 'sub': 'user_3Hrwmz08BOOrE5XBraSMqfSQXxp'}
GET_CURRENT_USER: user_3Hrwmz08BOOrE5XBraSMqfSQXxp -> <app.models.core.User object at 0x000001C9FEA6EC30>
RECEIVED TOKEN: eyJhbGciOiJIUzI1NiIsInR5cCI6IkpXVCJ9.eyJleHAiOjE3OTA4NDczMjYsInN1YiI6InVzZXJfM0hyd216MDhCT09yRTVYQnJhU01xZlNRWHhwIn0.khiFzMCbjZLX9freprXaJib6n2axAqT9Y9hdXWTOQRU
DECODED PAYLOAD: {'exp': 1790847326, 'sub': 'user_3Hrwmz08BOOrE5XBraSMqfSQXxp'}
GET_CURRENT_USER: user_3Hrwmz08BOOrE5XBraSMqfSQXxp -> <app.models.core.User object at 0x000001C98112C940>
RECEIVED TOKEN: eyJhbGciOiJIUzI1NiIsInR5cCI6IkpXVCJ9.eyJleHAiOjE3OTA4NDczMjYsInN1YiI6InVzZXJfM0hyd216MDhCT09yRTVYQnJhU01xZlNRWHhwIn0.khiFzMCbjZLX9freprXaJib6n2axAqT9Y9hdXWTOQRU
DECODED PAYLOAD: {'exp': 1790847326, 'sub': 'user_3Hrwmz08BOOrE5XBraSMqfSQXxp'}
GET_CURRENT_USER: user_3Hrwmz08BOOrE5XBraSMqfSQXxp -> <app.models.core.User object at 0x000001C9FEA6DBF0>
RECEIVED TOKEN: eyJhbGciOiJIUzI1NiIsInR5cCI6IkpXVCJ9.eyJleHAiOjE3OTA4NDczMjYsInN1YiI6InVzZXJfM0hyd216MDhCT09yRTVYQnJhU01xZlNRWHhwIn0.khiFzMCbjZLX9freprXaJib6n2axAqT9Y9hdXWTOQRU
DECODED PAYLOAD: {'exp': 1790847326, 'sub': 'user_3Hrwmz08BOOrE5XBraSMqfSQXxp'}
GET_CURRENT_USER: user_3Hrwmz08BOOrE5XBraSMqfSQXxp -> <app.models.core.User object at 0x000001C980FEBBA0>
RECEIVED TOKEN: eyJhbGciOiJIUzI1NiIsInR5cCI6IkpXVCJ9.eyJleHAiOjE3OTA4NDczMjYsInN1YiI6InVzZXJfM0hyd216MDhCT09yRTVYQnJhU01xZlNRWHhwIn0.khiFzMCbjZLX9freprXaJib6n2axAqT9Y9hdXWTOQRU
DECODED PAYLOAD: {'exp': 1790847326, 'sub': 'user_3Hrwmz08BOOrE5XBraSMqfSQXxp'}
GET_CURRENT_USER: user_3Hrwmz08BOOrE5XBraSMqfSQXxp -> <app.models.core.User object at 0x000001C9FED97450>
RECEIVED TOKEN: eyJhbGciOiJIUzI1NiIsInR5cCI6IkpXVCJ9.eyJleHAiOjE3OTA4NDczMjYsInN1YiI6InVzZXJfM0hyd216MDhCT09yRTVYQnJhU01xZlNRWHhwIn0.khiFzMCbjZLX9freprXaJib6n2axAqT9Y9hdXWTOQRU
DECODED PAYLOAD: {'exp': 1790847326, 'sub': 'user_3Hrwmz08BOOrE5XBraSMqfSQXxp'}
GET_CURRENT_USER: user_3Hrwmz08BOOrE5XBraSMqfSQXxp -> <app.models.core.User object at 0x000001C9FEA6DBF0>
RECEIVED TOKEN: eyJhbGciOiJIUzI1NiIsInR5cCI6IkpXVCJ9.eyJleHAiOjE3OTA4NDczMjYsInN1YiI6InVzZXJfM0hyd216MDhCT09yRTVYQnJhU01xZlNRWHhwIn0.khiFzMCbjZLX9freprXaJib6n2axAqT9Y9hdXWTOQRU
DECODED PAYLOAD: {'exp': 1790847326, 'sub': 'user_3Hrwmz08BOOrE5XBraSMqfSQXxp'}
GET_CURRENT_USER: user_3Hrwmz08BOOrE5XBraSMqfSQXxp -> <app.models.core.User object at 0x000001C980FE9230>
RECEIVED TOKEN: eyJhbGciOiJIUzI1NiIsInR5cCI6IkpXVCJ9.eyJleHAiOjE3OTA4NDczMjYsInN1YiI6InVzZXJfM0hyd216MDhCT09yRTVYQnJhU01xZlNRWHhwIn0.khiFzMCbjZLX9freprXaJib6n2axAqT9Y9hdXWTOQRU
DECODED PAYLOAD: {'exp': 1790847326, 'sub': 'user_3Hrwmz08BOOrE5XBraSMqfSQXxp'}
GET_CURRENT_USER: user_3Hrwmz08BOOrE5XBraSMqfSQXxp -> <app.models.core.User object at 0x000001C9FED97450>
RECEIVED TOKEN: eyJhbGciOiJIUzI1NiIsInR5cCI6IkpXVCJ9.eyJleHAiOjE3OTA4NDczMjYsInN1YiI6InVzZXJfM0hyd216MDhCT09yRTVYQnJhU01xZlNRWHhwIn0.khiFzMCbjZLX9freprXaJib6n2axAqT9Y9hdXWTOQRU
DECODED PAYLOAD: {'exp': 1790847326, 'sub': 'user_3Hrwmz08BOOrE5XBraSMqfSQXxp'}
GET_CURRENT_USER: user_3Hrwmz08BOOrE5XBraSMqfSQXxp -> <app.models.core.User object at 0x000001C9813DD570>
RECEIVED TOKEN: eyJhbGciOiJIUzI1NiIsInR5cCI6IkpXVCJ9.eyJleHAiOjE3OTA4NDczMjYsInN1YiI6InVzZXJfM0hyd216MDhCT09yRTVYQnJhU01xZlNRWHhwIn0.khiFzMCbjZLX9freprXaJib6n2axAqT9Y9hdXWTOQRU
DECODED PAYLOAD: {'exp': 1790847326, 'sub': 'user_3Hrwmz08BOOrE5XBraSMqfSQXxp'}
GET_CURRENT_USER: user_3Hrwmz08BOOrE5XBraSMqfSQXxp -> <app.models.core.User object at 0x000001C980FE82C0>
RECEIVED TOKEN: eyJhbGciOiJIUzI1NiIsInR5cCI6IkpXVCJ9.eyJleHAiOjE3OTA4NDczMjYsInN1YiI6InVzZXJfM0hyd216MDhCT09yRTVYQnJhU01xZlNRWHhwIn0.khiFzMCbjZLX9freprXaJib6n2axAqT9Y9hdXWTOQRU
DECODED PAYLOAD: {'exp': 1790847326, 'sub': 'user_3Hrwmz08BOOrE5XBraSMqfSQXxp'}
GET_CURRENT_USER: user_3Hrwmz08BOOrE5XBraSMqfSQXxp -> <app.models.core.User object at 0x000001C98112D980>
RECEIVED TOKEN: eyJhbGciOiJIUzI1NiIsInR5cCI6IkpXVCJ9.eyJleHAiOjE3OTA4NDczMjYsInN1YiI6InVzZXJfM0hyd216MDhCT09yRTVYQnJhU01xZlNRWHhwIn0.khiFzMCbjZLX9freprXaJib6n2axAqT9Y9hdXWTOQRU
DECODED PAYLOAD: {'exp': 1790847326, 'sub': 'user_3Hrwmz08BOOrE5XBraSMqfSQXxp'}
RECEIVED TOKEN: eyJhbGciOiJIUzI1NiIsInR5cCI6IkpXVCJ9.eyJleHAiOjE3OTA4NDczMjYsInN1YiI6InVzZXJfM0hyd216MDhCT09yRTVYQnJhU01xZlNRWHhwIn0.khiFzMCbjZLX9freprXaJib6n2axAqT9Y9hdXWTOQRU
DECODED PAYLOAD: {'exp': 1790847326, 'sub': 'user_3Hrwmz08BOOrE5XBraSMqfSQXxp'}
GET_CURRENT_USER: user_3Hrwmz08BOOrE5XBraSMqfSQXxp -> <app.models.core.User object at 0x000001C9813DE340>
GET_CURRENT_USER: user_3Hrwmz08BOOrE5XBraSMqfSQXxp -> <app.models.core.User object at 0x000001C980FE8120>
RECEIVED TOKEN: eyJhbGciOiJIUzI1NiIsInR5cCI6IkpXVCJ9.eyJleHAiOjE3OTA4NDczMjYsInN1YiI6InVzZXJfM0hyd216MDhCT09yRTVYQnJhU01xZlNRWHhwIn0.khiFzMCbjZLX9freprXaJib6n2axAqT9Y9hdXWTOQRU
DECODED PAYLOAD: {'exp': 1790847326, 'sub': 'user_3Hrwmz08BOOrE5XBraSMqfSQXxp'}
GET_CURRENT_USER: user_3Hrwmz08BOOrE5XBraSMqfSQXxp -> <app.models.core.User object at 0x000001C98112C7A0>
RECEIVED TOKEN: eyJhbGciOiJIUzI1NiIsInR5cCI6IkpXVCJ9.eyJleHAiOjE3OTA4NDczMjYsInN1YiI6InVzZXJfM0hyd216MDhCT09yRTVYQnJhU01xZlNRWHhwIn0.khiFzMCbjZLX9freprXaJib6n2axAqT9Y9hdXWTOQRU
DECODED PAYLOAD: {'exp': 1790847326, 'sub': 'user_3Hrwmz08BOOrE5XBraSMqfSQXxp'}
GET_CURRENT_USER: user_3Hrwmz08BOOrE5XBraSMqfSQXxp -> <app.models.core.User object at 0x000001C9FEA6EC30>
RECEIVED TOKEN: eyJhbGciOiJIUzI1NiIsInR5cCI6IkpXVCJ9.eyJleHAiOjE3OTA4NDczMjYsInN1YiI6InVzZXJfM0hyd216MDhCT09yRTVYQnJhU01xZlNRWHhwIn0.khiFzMCbjZLX9freprXaJib6n2axAqT9Y9hdXWTOQRU
DECODED PAYLOAD: {'exp': 1790847326, 'sub': 'user_3Hrwmz08BOOrE5XBraSMqfSQXxp'}
GET_CURRENT_USER: user_3Hrwmz08BOOrE5XBraSMqfSQXxp -> <app.models.core.User object at 0x000001C9813DCAE0>
RECEIVED TOKEN: eyJhbGciOiJIUzI1NiIsInR5cCI6IkpXVCJ9.eyJleHAiOjE3OTA4NDczMjYsInN1YiI6InVzZXJfM0hyd216MDhCT09yRTVYQnJhU01xZlNRWHhwIn0.khiFzMCbjZLX9freprXaJib6n2axAqT9Y9hdXWTOQRU
DECODED PAYLOAD: {'exp': 1790847326, 'sub': 'user_3Hrwmz08BOOrE5XBraSMqfSQXxp'}
GET_CURRENT_USER: user_3Hrwmz08BOOrE5XBraSMqfSQXxp -> <app.models.core.User object at 0x000001C9FED97450>
RECEIVED TOKEN: eyJhbGciOiJIUzI1NiIsInR5cCI6IkpXVCJ9.eyJleHAiOjE3OTA4NDczMjYsInN1YiI6InVzZXJfM0hyd216MDhCT09yRTVYQnJhU01xZlNRWHhwIn0.khiFzMCbjZLX9freprXaJib6n2axAqT9Y9hdXWTOQRU
DECODED PAYLOAD: {'exp': 1790847326, 'sub': 'user_3Hrwmz08BOOrE5XBraSMqfSQXxp'}
GET_CURRENT_USER: user_3Hrwmz08BOOrE5XBraSMqfSQXxp -> <app.models.core.User object at 0x000001C9FEA6C050>
RECEIVED TOKEN: eyJhbGciOiJIUzI1NiIsInR5cCI6IkpXVCJ9.eyJleHAiOjE3OTA4NDczMjYsInN1YiI6InVzZXJfM0hyd216MDhCT09yRTVYQnJhU01xZlNRWHhwIn0.khiFzMCbjZLX9freprXaJib6n2axAqT9Y9hdXWTOQRU
DECODED PAYLOAD: {'exp': 1790847326, 'sub': 'user_3Hrwmz08BOOrE5XBraSMqfSQXxp'}
GET_CURRENT_USER: user_3Hrwmz08BOOrE5XBraSMqfSQXxp -> <app.models.core.User object at 0x000001C9813DDBF0>
RECEIVED TOKEN: eyJhbGciOiJIUzI1NiIsInR5cCI6IkpXVCJ9.eyJleHAiOjE3OTA4NDczMjYsInN1YiI6InVzZXJfM0hyd216MDhCT09yRTVYQnJhU01xZlNRWHhwIn0.khiFzMCbjZLX9freprXaJib6n2axAqT9Y9hdXWTOQRU
DECODED PAYLOAD: {'exp': 1790847326, 'sub': 'user_3Hrwmz08BOOrE5XBraSMqfSQXxp'}
GET_CURRENT_USER: user_3Hrwmz08BOOrE5XBraSMqfSQXxp -> <app.models.core.User object at 0x000001C98112D570>
RECEIVED TOKEN: eyJhbGciOiJIUzI1NiIsInR5cCI6IkpXVCJ9.eyJleHAiOjE3OTA4NDczMjYsInN1YiI6InVzZXJfM0hyd216MDhCT09yRTVYQnJhU01xZlNRWHhwIn0.khiFzMCbjZLX9freprXaJib6n2axAqT9Y9hdXWTOQRU
DECODED PAYLOAD: {'exp': 1790847326, 'sub': 'user_3Hrwmz08BOOrE5XBraSMqfSQXxp'}
GET_CURRENT_USER: user_3Hrwmz08BOOrE5XBraSMqfSQXxp -> <app.models.core.User object at 0x000001C980FE9160>
RECEIVED TOKEN: eyJhbGciOiJIUzI1NiIsInR5cCI6IkpXVCJ9.eyJleHAiOjE3OTA4NDczMjYsInN1YiI6InVzZXJfM0hyd216MDhCT09yRTVYQnJhU01xZlNRWHhwIn0.khiFzMCbjZLX9freprXaJib6n2axAqT9Y9hdXWTOQRU
DECODED PAYLOAD: {'exp': 1790847326, 'sub': 'user_3Hrwmz08BOOrE5XBraSMqfSQXxp'}
GET_CURRENT_USER: user_3Hrwmz08BOOrE5XBraSMqfSQXxp -> <app.models.core.User object at 0x000001C9813DFE10>
RECEIVED TOKEN: eyJhbGciOiJIUzI1NiIsInR5cCI6IkpXVCJ9.eyJleHAiOjE3OTA4NDczMjYsInN1YiI6InVzZXJfM0hyd216MDhCT09yRTVYQnJhU01xZlNRWHhwIn0.khiFzMCbjZLX9freprXaJib6n2axAqT9Y9hdXWTOQRU
DECODED PAYLOAD: {'exp': 1790847326, 'sub': 'user_3Hrwmz08BOOrE5XBraSMqfSQXxp'}
GET_CURRENT_USER: user_3Hrwmz08BOOrE5XBraSMqfSQXxp -> <app.models.core.User object at 0x000001C980FE93D0>
RECEIVED TOKEN: eyJhbGciOiJIUzI1NiIsInR5cCI6IkpXVCJ9.eyJleHAiOjE3OTA4NDczMjYsInN1YiI6InVzZXJfM0hyd216MDhCT09yRTVYQnJhU01xZlNRWHhwIn0.khiFzMCbjZLX9freprXaJib6n2axAqT9Y9hdXWTOQRU
DECODED PAYLOAD: {'exp': 1790847326, 'sub': 'user_3Hrwmz08BOOrE5XBraSMqfSQXxp'}
GET_CURRENT_USER: user_3Hrwmz08BOOrE5XBraSMqfSQXxp -> <app.models.core.User object at 0x000001C9FEA6DBF0>
RECEIVED TOKEN: eyJhbGciOiJIUzI1NiIsInR5cCI6IkpXVCJ9.eyJleHAiOjE3OTA4NDczMjYsInN1YiI6InVzZXJfM0hyd216MDhCT09yRTVYQnJhU01xZlNRWHhwIn0.khiFzMCbjZLX9freprXaJib6n2axAqT9Y9hdXWTOQRU
DECODED PAYLOAD: {'exp': 1790847326, 'sub': 'user_3Hrwmz08BOOrE5XBraSMqfSQXxp'}
GET_CURRENT_USER: user_3Hrwmz08BOOrE5XBraSMqfSQXxp -> <app.models.core.User object at 0x000001C980FEBBA0>
RECEIVED TOKEN: eyJhbGciOiJIUzI1NiIsInR5cCI6IkpXVCJ9.eyJleHAiOjE3OTA4NDczMjYsInN1YiI6InVzZXJfM0hyd216MDhCT09yRTVYQnJhU01xZlNRWHhwIn0.khiFzMCbjZLX9freprXaJib6n2axAqT9Y9hdXWTOQRU
DECODED PAYLOAD: {'exp': 1790847326, 'sub': 'user_3Hrwmz08BOOrE5XBraSMqfSQXxp'}
GET_CURRENT_USER: user_3Hrwmz08BOOrE5XBraSMqfSQXxp -> <app.models.core.User object at 0x000001C9FEA6EC30>
RECEIVED TOKEN: eyJhbGciOiJIUzI1NiIsInR5cCI6IkpXVCJ9.eyJleHAiOjE3OTA4NDczMjYsInN1YiI6InVzZXJfM0hyd216MDhCT09yRTVYQnJhU01xZlNRWHhwIn0.khiFzMCbjZLX9freprXaJib6n2axAqT9Y9hdXWTOQRU
DECODED PAYLOAD: {'exp': 1790847326, 'sub': 'user_3Hrwmz08BOOrE5XBraSMqfSQXxp'}
GET_CURRENT_USER: user_3Hrwmz08BOOrE5XBraSMqfSQXxp -> <app.models.core.User object at 0x000001C980FEBC70>
RECEIVED TOKEN: eyJhbGciOiJIUzI1NiIsInR5cCI6IkpXVCJ9.eyJleHAiOjE3OTA4NDczMjYsInN1YiI6InVzZXJfM0hyd216MDhCT09yRTVYQnJhU01xZlNRWHhwIn0.khiFzMCbjZLX9freprXaJib6n2axAqT9Y9hdXWTOQRU
DECODED PAYLOAD: {'exp': 1790847326, 'sub': 'user_3Hrwmz08BOOrE5XBraSMqfSQXxp'}
GET_CURRENT_USER: user_3Hrwmz08BOOrE5XBraSMqfSQXxp -> <app.models.core.User object at 0x000001C9FED95640>
RECEIVED TOKEN: eyJhbGciOiJIUzI1NiIsInR5cCI6IkpXVCJ9.eyJleHAiOjE3OTA4NDczMjYsInN1YiI6InVzZXJfM0hyd216MDhCT09yRTVYQnJhU01xZlNRWHhwIn0.khiFzMCbjZLX9freprXaJib6n2axAqT9Y9hdXWTOQRU
DECODED PAYLOAD: {'exp': 1790847326, 'sub': 'user_3Hrwmz08BOOrE5XBraSMqfSQXxp'}
GET_CURRENT_USER: user_3Hrwmz08BOOrE5XBraSMqfSQXxp -> <app.models.core.User object at 0x000001C980FEBA00>
RECEIVED TOKEN: eyJhbGciOiJIUzI1NiIsInR5cCI6IkpXVCJ9.eyJleHAiOjE3OTA4NDczMjYsInN1YiI6InVzZXJfM0hyd216MDhCT09yRTVYQnJhU01xZlNRWHhwIn0.khiFzMCbjZLX9freprXaJib6n2axAqT9Y9hdXWTOQRU
DECODED PAYLOAD: {'exp': 1790847326, 'sub': 'user_3Hrwmz08BOOrE5XBraSMqfSQXxp'}
GET_CURRENT_USER: user_3Hrwmz08BOOrE5XBraSMqfSQXxp -> <app.models.core.User object at 0x000001C9FED97450>
RECEIVED TOKEN: eyJhbGciOiJIUzI1NiIsInR5cCI6IkpXVCJ9.eyJleHAiOjE3OTA4NDczMjYsInN1YiI6InVzZXJfM0hyd216MDhCT09yRTVYQnJhU01xZlNRWHhwIn0.khiFzMCbjZLX9freprXaJib6n2axAqT9Y9hdXWTOQRU
DECODED PAYLOAD: {'exp': 1790847326, 'sub': 'user_3Hrwmz08BOOrE5XBraSMqfSQXxp'}
GET_CURRENT_USER: user_3Hrwmz08BOOrE5XBraSMqfSQXxp -> <app.models.core.User object at 0x000001C980FE98B0>
RECEIVED TOKEN: eyJhbGciOiJIUzI1NiIsInR5cCI6IkpXVCJ9.eyJleHAiOjE3OTA4NDczMjYsInN1YiI6InVzZXJfM0hyd216MDhCT09yRTVYQnJhU01xZlNRWHhwIn0.khiFzMCbjZLX9freprXaJib6n2axAqT9Y9hdXWTOQRU
DECODED PAYLOAD: {'exp': 1790847326, 'sub': 'user_3Hrwmz08BOOrE5XBraSMqfSQXxp'}
GET_CURRENT_USER: user_3Hrwmz08BOOrE5XBraSMqfSQXxp -> <app.models.core.User object at 0x000001C9FEA6EC30>
RECEIVED TOKEN: eyJhbGciOiJIUzI1NiIsInR5cCI6IkpXVCJ9.eyJleHAiOjE3OTA4NDczMjYsInN1YiI6InVzZXJfM0hyd216MDhCT09yRTVYQnJhU01xZlNRWHhwIn0.khiFzMCbjZLX9freprXaJib6n2axAqT9Y9hdXWTOQRU
DECODED PAYLOAD: {'exp': 1790847326, 'sub': 'user_3Hrwmz08BOOrE5XBraSMqfSQXxp'}
GET_CURRENT_USER: user_3Hrwmz08BOOrE5XBraSMqfSQXxp -> <app.models.core.User object at 0x000001C980FE9710>
RECEIVED TOKEN: eyJhbGciOiJIUzI1NiIsInR5cCI6IkpXVCJ9.eyJleHAiOjE3OTA4NDczMjYsInN1YiI6InVzZXJfM0hyd216MDhCT09yRTVYQnJhU01xZlNRWHhwIn0.khiFzMCbjZLX9freprXaJib6n2axAqT9Y9hdXWTOQRU
DECODED PAYLOAD: {'exp': 1790847326, 'sub': 'user_3Hrwmz08BOOrE5XBraSMqfSQXxp'}
GET_CURRENT_USER: user_3Hrwmz08BOOrE5XBraSMqfSQXxp -> <app.models.core.User object at 0x000001C9FED97450>
RECEIVED TOKEN: eyJhbGciOiJIUzI1NiIsInR5cCI6IkpXVCJ9.eyJleHAiOjE3OTA4NDczMjYsInN1YiI6InVzZXJfM0hyd216MDhCT09yRTVYQnJhU01xZlNRWHhwIn0.khiFzMCbjZLX9freprXaJib6n2axAqT9Y9hdXWTOQRU
DECODED PAYLOAD: {'exp': 1790847326, 'sub': 'user_3Hrwmz08BOOrE5XBraSMqfSQXxp'}
GET_CURRENT_USER: user_3Hrwmz08BOOrE5XBraSMqfSQXxp -> <app.models.core.User object at 0x000001C980FE8870>
RECEIVED TOKEN: eyJhbGciOiJIUzI1NiIsInR5cCI6IkpXVCJ9.eyJleHAiOjE3OTA4NDczMjYsInN1YiI6InVzZXJfM0hyd216MDhCT09yRTVYQnJhU01xZlNRWHhwIn0.khiFzMCbjZLX9freprXaJib6n2axAqT9Y9hdXWTOQRU
DECODED PAYLOAD: {'exp': 1790847326, 'sub': 'user_3Hrwmz08BOOrE5XBraSMqfSQXxp'}
GET_CURRENT_USER: user_3Hrwmz08BOOrE5XBraSMqfSQXxp -> <app.models.core.User object at 0x000001C9813DEF70>
RECEIVED TOKEN: eyJhbGciOiJIUzI1NiIsInR5cCI6IkpXVCJ9.eyJleHAiOjE3OTA4NDczMjYsInN1YiI6InVzZXJfM0hyd216MDhCT09yRTVYQnJhU01xZlNRWHhwIn0.khiFzMCbjZLX9freprXaJib6n2axAqT9Y9hdXWTOQRU
DECODED PAYLOAD: {'exp': 1790847326, 'sub': 'user_3Hrwmz08BOOrE5XBraSMqfSQXxp'}
GET_CURRENT_USER: user_3Hrwmz08BOOrE5XBraSMqfSQXxp -> <app.models.core.User object at 0x000001C980FE81F0>
RECEIVED TOKEN: eyJhbGciOiJIUzI1NiIsInR5cCI6IkpXVCJ9.eyJleHAiOjE3OTA4NDczMjYsInN1YiI6InVzZXJfM0hyd216MDhCT09yRTVYQnJhU01xZlNRWHhwIn0.khiFzMCbjZLX9freprXaJib6n2axAqT9Y9hdXWTOQRU
DECODED PAYLOAD: {'exp': 1790847326, 'sub': 'user_3Hrwmz08BOOrE5XBraSMqfSQXxp'}
GET_CURRENT_USER: user_3Hrwmz08BOOrE5XBraSMqfSQXxp -> <app.models.core.User object at 0x000001C9FED97450>
RECEIVED TOKEN: eyJhbGciOiJIUzI1NiIsInR5cCI6IkpXVCJ9.eyJleHAiOjE3OTA4NDczMjYsInN1YiI6InVzZXJfM0hyd216MDhCT09yRTVYQnJhU01xZlNRWHhwIn0.khiFzMCbjZLX9freprXaJib6n2axAqT9Y9hdXWTOQRU
DECODED PAYLOAD: {'exp': 1790847326, 'sub': 'user_3Hrwmz08BOOrE5XBraSMqfSQXxp'}
GET_CURRENT_USER: user_3Hrwmz08BOOrE5XBraSMqfSQXxp -> <app.models.core.User object at 0x000001C9813DCBB0>
RECEIVED TOKEN: eyJhbGciOiJIUzI1NiIsInR5cCI6IkpXVCJ9.eyJleHAiOjE3OTA4NDczMjYsInN1YiI6InVzZXJfM0hyd216MDhCT09yRTVYQnJhU01xZlNRWHhwIn0.khiFzMCbjZLX9freprXaJib6n2axAqT9Y9hdXWTOQRU
DECODED PAYLOAD: {'exp': 1790847326, 'sub': 'user_3Hrwmz08BOOrE5XBraSMqfSQXxp'}
GET_CURRENT_USER: user_3Hrwmz08BOOrE5XBraSMqfSQXxp -> <app.models.core.User object at 0x000001C980FE8940>
RECEIVED TOKEN: eyJhbGciOiJIUzI1NiIsInR5cCI6IkpXVCJ9.eyJleHAiOjE3OTA4NDczMjYsInN1YiI6InVzZXJfM0hyd216MDhCT09yRTVYQnJhU01xZlNRWHhwIn0.khiFzMCbjZLX9freprXaJib6n2axAqT9Y9hdXWTOQRU
DECODED PAYLOAD: {'exp': 1790847326, 'sub': 'user_3Hrwmz08BOOrE5XBraSMqfSQXxp'}
GET_CURRENT_USER: user_3Hrwmz08BOOrE5XBraSMqfSQXxp -> <app.models.core.User object at 0x000001C9FED96680>
RECEIVED TOKEN: eyJhbGciOiJIUzI1NiIsInR5cCI6IkpXVCJ9.eyJleHAiOjE3OTA4NDczMjYsInN1YiI6InVzZXJfM0hyd216MDhCT09yRTVYQnJhU01xZlNRWHhwIn0.khiFzMCbjZLX9freprXaJib6n2axAqT9Y9hdXWTOQRU
DECODED PAYLOAD: {'exp': 1790847326, 'sub': 'user_3Hrwmz08BOOrE5XBraSMqfSQXxp'}
GET_CURRENT_USER: user_3Hrwmz08BOOrE5XBraSMqfSQXxp -> <app.models.core.User object at 0x000001C980FE93D0>
RECEIVED TOKEN: eyJhbGciOiJIUzI1NiIsInR5cCI6IkpXVCJ9.eyJleHAiOjE3OTA4NDczMjYsInN1YiI6InVzZXJfM0hyd216MDhCT09yRTVYQnJhU01xZlNRWHhwIn0.khiFzMCbjZLX9freprXaJib6n2axAqT9Y9hdXWTOQRU
DECODED PAYLOAD: {'exp': 1790847326, 'sub': 'user_3Hrwmz08BOOrE5XBraSMqfSQXxp'}
GET_CURRENT_USER: user_3Hrwmz08BOOrE5XBraSMqfSQXxp -> <app.models.core.User object at 0x000001C9FEA6C050>
RECEIVED TOKEN: eyJhbGciOiJIUzI1NiIsInR5cCI6IkpXVCJ9.eyJleHAiOjE3OTA4NDczMjYsInN1YiI6InVzZXJfM0hyd216MDhCT09yRTVYQnJhU01xZlNRWHhwIn0.khiFzMCbjZLX9freprXaJib6n2axAqT9Y9hdXWTOQRU
DECODED PAYLOAD: {'exp': 1790847326, 'sub': 'user_3Hrwmz08BOOrE5XBraSMqfSQXxp'}
GET_CURRENT_USER: user_3Hrwmz08BOOrE5XBraSMqfSQXxp -> <app.models.core.User object at 0x000001C980FEBBA0>
RECEIVED TOKEN: eyJhbGciOiJIUzI1NiIsInR5cCI6IkpXVCJ9.eyJleHAiOjE3OTA4NDczMjYsInN1YiI6InVzZXJfM0hyd216MDhCT09yRTVYQnJhU01xZlNRWHhwIn0.khiFzMCbjZLX9freprXaJib6n2axAqT9Y9hdXWTOQRU
DECODED PAYLOAD: {'exp': 1790847326, 'sub': 'user_3Hrwmz08BOOrE5XBraSMqfSQXxp'}
GET_CURRENT_USER: user_3Hrwmz08BOOrE5XBraSMqfSQXxp -> <app.models.core.User object at 0x000001C98112D640>
RECEIVED TOKEN: eyJhbGciOiJIUzI1NiIsInR5cCI6IkpXVCJ9.eyJleHAiOjE3OTA4NDczMjYsInN1YiI6InVzZXJfM0hyd216MDhCT09yRTVYQnJhU01xZlNRWHhwIn0.khiFzMCbjZLX9freprXaJib6n2axAqT9Y9hdXWTOQRU
DECODED PAYLOAD: {'exp': 1790847326, 'sub': 'user_3Hrwmz08BOOrE5XBraSMqfSQXxp'}
GET_CURRENT_USER: user_3Hrwmz08BOOrE5XBraSMqfSQXxp -> <app.models.core.User object at 0x000001C980FE8A10>
RECEIVED TOKEN: eyJhbGciOiJIUzI1NiIsInR5cCI6IkpXVCJ9.eyJleHAiOjE3OTA4NDczMjYsInN1YiI6InVzZXJfM0hyd216MDhCT09yRTVYQnJhU01xZlNRWHhwIn0.khiFzMCbjZLX9freprXaJib6n2axAqT9Y9hdXWTOQRU
DECODED PAYLOAD: {'exp': 1790847326, 'sub': 'user_3Hrwmz08BOOrE5XBraSMqfSQXxp'}
GET_CURRENT_USER: user_3Hrwmz08BOOrE5XBraSMqfSQXxp -> <app.models.core.User object at 0x000001C9813DF450>
RECEIVED TOKEN: eyJhbGciOiJIUzI1NiIsInR5cCI6IkpXVCJ9.eyJleHAiOjE3OTA4NDczMjYsInN1YiI6InVzZXJfM0hyd216MDhCT09yRTVYQnJhU01xZlNRWHhwIn0.khiFzMCbjZLX9freprXaJib6n2axAqT9Y9hdXWTOQRU
DECODED PAYLOAD: {'exp': 1790847326, 'sub': 'user_3Hrwmz08BOOrE5XBraSMqfSQXxp'}
GET_CURRENT_USER: user_3Hrwmz08BOOrE5XBraSMqfSQXxp -> <app.models.core.User object at 0x000001C98112D8B0>
RECEIVED TOKEN: eyJhbGciOiJIUzI1NiIsInR5cCI6IkpXVCJ9.eyJleHAiOjE3OTA4NDczMjYsInN1YiI6InVzZXJfM0hyd216MDhCT09yRTVYQnJhU01xZlNRWHhwIn0.khiFzMCbjZLX9freprXaJib6n2axAqT9Y9hdXWTOQRU
DECODED PAYLOAD: {'exp': 1790847326, 'sub': 'user_3Hrwmz08BOOrE5XBraSMqfSQXxp'}
GET_CURRENT_USER: user_3Hrwmz08BOOrE5XBraSMqfSQXxp -> <app.models.core.User object at 0x000001C980FEBEE0>
RECEIVED TOKEN: eyJhbGciOiJIUzI1NiIsInR5cCI6IkpXVCJ9.eyJleHAiOjE3OTA4NDczMjYsInN1YiI6InVzZXJfM0hyd216MDhCT09yRTVYQnJhU01xZlNRWHhwIn0.khiFzMCbjZLX9freprXaJib6n2axAqT9Y9hdXWTOQRU
DECODED PAYLOAD: {'exp': 1790847326, 'sub': 'user_3Hrwmz08BOOrE5XBraSMqfSQXxp'}
GET_CURRENT_USER: user_3Hrwmz08BOOrE5XBraSMqfSQXxp -> <app.models.core.User object at 0x000001C9FEA6EC30>
RECEIVED TOKEN: eyJhbGciOiJIUzI1NiIsInR5cCI6IkpXVCJ9.eyJleHAiOjE3OTA4NDczMjYsInN1YiI6InVzZXJfM0hyd216MDhCT09yRTVYQnJhU01xZlNRWHhwIn0.khiFzMCbjZLX9freprXaJib6n2axAqT9Y9hdXWTOQRU
DECODED PAYLOAD: {'exp': 1790847326, 'sub': 'user_3Hrwmz08BOOrE5XBraSMqfSQXxp'}
GET_CURRENT_USER: user_3Hrwmz08BOOrE5XBraSMqfSQXxp -> <app.models.core.User object at 0x000001C980FE81F0>
RECEIVED TOKEN: eyJhbGciOiJIUzI1NiIsInR5cCI6IkpXVCJ9.eyJleHAiOjE3OTA4NDczMjYsInN1YiI6InVzZXJfM0hyd216MDhCT09yRTVYQnJhU01xZlNRWHhwIn0.khiFzMCbjZLX9freprXaJib6n2axAqT9Y9hdXWTOQRU
DECODED PAYLOAD: {'exp': 1790847326, 'sub': 'user_3Hrwmz08BOOrE5XBraSMqfSQXxp'}
GET_CURRENT_USER: user_3Hrwmz08BOOrE5XBraSMqfSQXxp -> <app.models.core.User object at 0x000001C9FED96680>
RECEIVED TOKEN: eyJhbGciOiJIUzI1NiIsInR5cCI6IkpXVCJ9.eyJleHAiOjE3OTA4NDczMjYsInN1YiI6InVzZXJfM0hyd216MDhCT09yRTVYQnJhU01xZlNRWHhwIn0.khiFzMCbjZLX9freprXaJib6n2axAqT9Y9hdXWTOQRU
DECODED PAYLOAD: {'exp': 1790847326, 'sub': 'user_3Hrwmz08BOOrE5XBraSMqfSQXxp'}
GET_CURRENT_USER: user_3Hrwmz08BOOrE5XBraSMqfSQXxp -> <app.models.core.User object at 0x000001C980FE8120>
RECEIVED TOKEN: eyJhbGciOiJIUzI1NiIsInR5cCI6IkpXVCJ9.eyJleHAiOjE3OTA4NDczMjYsInN1YiI6InVzZXJfM0hyd216MDhCT09yRTVYQnJhU01xZlNRWHhwIn0.khiFzMCbjZLX9freprXaJib6n2axAqT9Y9hdXWTOQRU
DECODED PAYLOAD: {'exp': 1790847326, 'sub': 'user_3Hrwmz08BOOrE5XBraSMqfSQXxp'}
GET_CURRENT_USER: user_3Hrwmz08BOOrE5XBraSMqfSQXxp -> <app.models.core.User object at 0x000001C9FEA6EC30>
RECEIVED TOKEN: eyJhbGciOiJIUzI1NiIsInR5cCI6IkpXVCJ9.eyJleHAiOjE3OTA4NDczMjYsInN1YiI6InVzZXJfM0hyd216MDhCT09yRTVYQnJhU01xZlNRWHhwIn0.khiFzMCbjZLX9freprXaJib6n2axAqT9Y9hdXWTOQRU
DECODED PAYLOAD: {'exp': 1790847326, 'sub': 'user_3Hrwmz08BOOrE5XBraSMqfSQXxp'}
GET_CURRENT_USER: user_3Hrwmz08BOOrE5XBraSMqfSQXxp -> <app.models.core.User object at 0x000001C980FE8EF0>
RECEIVED TOKEN: eyJhbGciOiJIUzI1NiIsInR5cCI6IkpXVCJ9.eyJleHAiOjE3OTA4NDczMjYsInN1YiI6InVzZXJfM0hyd216MDhCT09yRTVYQnJhU01xZlNRWHhwIn0.khiFzMCbjZLX9freprXaJib6n2axAqT9Y9hdXWTOQRU
DECODED PAYLOAD: {'exp': 1790847326, 'sub': 'user_3Hrwmz08BOOrE5XBraSMqfSQXxp'}
GET_CURRENT_USER: user_3Hrwmz08BOOrE5XBraSMqfSQXxp -> <app.models.core.User object at 0x000001C9FEA6DBF0>
RECEIVED TOKEN: eyJhbGciOiJIUzI1NiIsInR5cCI6IkpXVCJ9.eyJleHAiOjE3OTA4NDczMjYsInN1YiI6InVzZXJfM0hyd216MDhCT09yRTVYQnJhU01xZlNRWHhwIn0.khiFzMCbjZLX9freprXaJib6n2axAqT9Y9hdXWTOQRU
DECODED PAYLOAD: {'exp': 1790847326, 'sub': 'user_3Hrwmz08BOOrE5XBraSMqfSQXxp'}
GET_CURRENT_USER: user_3Hrwmz08BOOrE5XBraSMqfSQXxp -> <app.models.core.User object at 0x000001C980FE8A10>
RECEIVED TOKEN: eyJhbGciOiJIUzI1NiIsInR5cCI6IkpXVCJ9.eyJleHAiOjE3OTA4NDczMjYsInN1YiI6InVzZXJfM0hyd216MDhCT09yRTVYQnJhU01xZlNRWHhwIn0.khiFzMCbjZLX9freprXaJib6n2axAqT9Y9hdXWTOQRU
DECODED PAYLOAD: {'exp': 1790847326, 'sub': 'user_3Hrwmz08BOOrE5XBraSMqfSQXxp'}
GET_CURRENT_USER: user_3Hrwmz08BOOrE5XBraSMqfSQXxp -> <app.models.core.User object at 0x000001C9FEA6DBF0>
RECEIVED TOKEN: eyJhbGciOiJIUzI1NiIsInR5cCI6IkpXVCJ9.eyJleHAiOjE3OTA4NDczMjYsInN1YiI6InVzZXJfM0hyd216MDhCT09yRTVYQnJhU01xZlNRWHhwIn0.khiFzMCbjZLX9freprXaJib6n2axAqT9Y9hdXWTOQRU
DECODED PAYLOAD: {'exp': 1790847326, 'sub': 'user_3Hrwmz08BOOrE5XBraSMqfSQXxp'}
GET_CURRENT_USER: user_3Hrwmz08BOOrE5XBraSMqfSQXxp -> <app.models.core.User object at 0x000001C980FEBA00>
RECEIVED TOKEN: eyJhbGciOiJIUzI1NiIsInR5cCI6IkpXVCJ9.eyJleHAiOjE3OTA4NDczMjYsInN1YiI6InVzZXJfM0hyd216MDhCT09yRTVYQnJhU01xZlNRWHhwIn0.khiFzMCbjZLX9freprXaJib6n2axAqT9Y9hdXWTOQRU
DECODED PAYLOAD: {'exp': 1790847326, 'sub': 'user_3Hrwmz08BOOrE5XBraSMqfSQXxp'}
GET_CURRENT_USER: user_3Hrwmz08BOOrE5XBraSMqfSQXxp -> <app.models.core.User object at 0x000001C9FED95710>
RECEIVED TOKEN: eyJhbGciOiJIUzI1NiIsInR5cCI6IkpXVCJ9.eyJleHAiOjE3OTA4NDczMjYsInN1YiI6InVzZXJfM0hyd216MDhCT09yRTVYQnJhU01xZlNRWHhwIn0.khiFzMCbjZLX9freprXaJib6n2axAqT9Y9hdXWTOQRU
DECODED PAYLOAD: {'exp': 1790847326, 'sub': 'user_3Hrwmz08BOOrE5XBraSMqfSQXxp'}
GET_CURRENT_USER: user_3Hrwmz08BOOrE5XBraSMqfSQXxp -> <app.models.core.User object at 0x000001C980FE97E0>
RECEIVED TOKEN: eyJhbGciOiJIUzI1NiIsInR5cCI6IkpXVCJ9.eyJleHAiOjE3OTA4NDczMjYsInN1YiI6InVzZXJfM0hyd216MDhCT09yRTVYQnJhU01xZlNRWHhwIn0.khiFzMCbjZLX9freprXaJib6n2axAqT9Y9hdXWTOQRU
DECODED PAYLOAD: {'exp': 1790847326, 'sub': 'user_3Hrwmz08BOOrE5XBraSMqfSQXxp'}
GET_CURRENT_USER: user_3Hrwmz08BOOrE5XBraSMqfSQXxp -> <app.models.core.User object at 0x000001C9813DD640>
RECEIVED TOKEN: eyJhbGciOiJIUzI1NiIsInR5cCI6IkpXVCJ9.eyJleHAiOjE3OTA4NDczMjYsInN1YiI6InVzZXJfM0hyd216MDhCT09yRTVYQnJhU01xZlNRWHhwIn0.khiFzMCbjZLX9freprXaJib6n2axAqT9Y9hdXWTOQRU
DECODED PAYLOAD: {'exp': 1790847326, 'sub': 'user_3Hrwmz08BOOrE5XBraSMqfSQXxp'}
GET_CURRENT_USER: user_3Hrwmz08BOOrE5XBraSMqfSQXxp -> <app.models.core.User object at 0x000001C980FE9710>
RECEIVED TOKEN: eyJhbGciOiJIUzI1NiIsInR5cCI6IkpXVCJ9.eyJleHAiOjE3OTA4NDczMjYsInN1YiI6InVzZXJfM0hyd216MDhCT09yRTVYQnJhU01xZlNRWHhwIn0.khiFzMCbjZLX9freprXaJib6n2axAqT9Y9hdXWTOQRU
DECODED PAYLOAD: {'exp': 1790847326, 'sub': 'user_3Hrwmz08BOOrE5XBraSMqfSQXxp'}
GET_CURRENT_USER: user_3Hrwmz08BOOrE5XBraSMqfSQXxp -> <app.models.core.User object at 0x000001C9FEA6C050>
RECEIVED TOKEN: eyJhbGciOiJIUzI1NiIsInR5cCI6IkpXVCJ9.eyJleHAiOjE3OTA4NDczMjYsInN1YiI6InVzZXJfM0hyd216MDhCT09yRTVYQnJhU01xZlNRWHhwIn0.khiFzMCbjZLX9freprXaJib6n2axAqT9Y9hdXWTOQRU
DECODED PAYLOAD: {'exp': 1790847326, 'sub': 'user_3Hrwmz08BOOrE5XBraSMqfSQXxp'}
GET_CURRENT_USER: user_3Hrwmz08BOOrE5XBraSMqfSQXxp -> <app.models.core.User object at 0x000001C980FE9300>
RECEIVED TOKEN: eyJhbGciOiJIUzI1NiIsInR5cCI6IkpXVCJ9.eyJleHAiOjE3OTA4NDczMjYsInN1YiI6InVzZXJfM0hyd216MDhCT09yRTVYQnJhU01xZlNRWHhwIn0.khiFzMCbjZLX9freprXaJib6n2axAqT9Y9hdXWTOQRU
DECODED PAYLOAD: {'exp': 1790847326, 'sub': 'user_3Hrwmz08BOOrE5XBraSMqfSQXxp'}
GET_CURRENT_USER: user_3Hrwmz08BOOrE5XBraSMqfSQXxp -> <app.models.core.User object at 0x000001C9FEA6C050>
RECEIVED TOKEN: eyJhbGciOiJIUzI1NiIsInR5cCI6IkpXVCJ9.eyJleHAiOjE3OTA4NDczMjYsInN1YiI6InVzZXJfM0hyd216MDhCT09yRTVYQnJhU01xZlNRWHhwIn0.khiFzMCbjZLX9freprXaJib6n2axAqT9Y9hdXWTOQRU
DECODED PAYLOAD: {'exp': 1790847326, 'sub': 'user_3Hrwmz08BOOrE5XBraSMqfSQXxp'}
GET_CURRENT_USER: user_3Hrwmz08BOOrE5XBraSMqfSQXxp -> <app.models.core.User object at 0x000001C980FE9640>
RECEIVED TOKEN: eyJhbGciOiJIUzI1NiIsInR5cCI6IkpXVCJ9.eyJleHAiOjE3OTA4NDczMjYsInN1YiI6InVzZXJfM0hyd216MDhCT09yRTVYQnJhU01xZlNRWHhwIn0.khiFzMCbjZLX9freprXaJib6n2axAqT9Y9hdXWTOQRU
DECODED PAYLOAD: {'exp': 1790847326, 'sub': 'user_3Hrwmz08BOOrE5XBraSMqfSQXxp'}
GET_CURRENT_USER: user_3Hrwmz08BOOrE5XBraSMqfSQXxp -> <app.models.core.User object at 0x000001C9813DF450>
RECEIVED TOKEN: eyJhbGciOiJIUzI1NiIsInR5cCI6IkpXVCJ9.eyJleHAiOjE3OTA4NDczMjYsInN1YiI6InVzZXJfM0hyd216MDhCT09yRTVYQnJhU01xZlNRWHhwIn0.khiFzMCbjZLX9freprXaJib6n2axAqT9Y9hdXWTOQRU
DECODED PAYLOAD: {'exp': 1790847326, 'sub': 'user_3Hrwmz08BOOrE5XBraSMqfSQXxp'}
GET_CURRENT_USER: user_3Hrwmz08BOOrE5XBraSMqfSQXxp -> <app.models.core.User object at 0x000001C980FE8460>
RECEIVED TOKEN: eyJhbGciOiJIUzI1NiIsInR5cCI6IkpXVCJ9.eyJleHAiOjE3OTA4NDczMjYsInN1YiI6InVzZXJfM0hyd216MDhCT09yRTVYQnJhU01xZlNRWHhwIn0.khiFzMCbjZLX9freprXaJib6n2axAqT9Y9hdXWTOQRU
DECODED PAYLOAD: {'exp': 1790847326, 'sub': 'user_3Hrwmz08BOOrE5XBraSMqfSQXxp'}
GET_CURRENT_USER: user_3Hrwmz08BOOrE5XBraSMqfSQXxp -> <app.models.core.User object at 0x000001C98112E4E0>
RECEIVED TOKEN: eyJhbGciOiJIUzI1NiIsInR5cCI6IkpXVCJ9.eyJleHAiOjE3OTA4NDczMjYsInN1YiI6InVzZXJfM0hyd216MDhCT09yRTVYQnJhU01xZlNRWHhwIn0.khiFzMCbjZLX9freprXaJib6n2axAqT9Y9hdXWTOQRU
DECODED PAYLOAD: {'exp': 1790847326, 'sub': 'user_3Hrwmz08BOOrE5XBraSMqfSQXxp'}
GET_CURRENT_USER: user_3Hrwmz08BOOrE5XBraSMqfSQXxp -> <app.models.core.User object at 0x000001C9FEA6EC30>
RECEIVED TOKEN: eyJhbGciOiJIUzI1NiIsInR5cCI6IkpXVCJ9.eyJleHAiOjE3OTA4NDczMjYsInN1YiI6InVzZXJfM0hyd216MDhCT09yRTVYQnJhU01xZlNRWHhwIn0.khiFzMCbjZLX9freprXaJib6n2axAqT9Y9hdXWTOQRU
DECODED PAYLOAD: {'exp': 1790847326, 'sub': 'user_3Hrwmz08BOOrE5XBraSMqfSQXxp'}
GET_CURRENT_USER: user_3Hrwmz08BOOrE5XBraSMqfSQXxp -> <app.models.core.User object at 0x000001C9813DC390>
RECEIVED TOKEN: eyJhbGciOiJIUzI1NiIsInR5cCI6IkpXVCJ9.eyJleHAiOjE3OTA4NDczMjYsInN1YiI6InVzZXJfM0hyd216MDhCT09yRTVYQnJhU01xZlNRWHhwIn0.khiFzMCbjZLX9freprXaJib6n2axAqT9Y9hdXWTOQRU
DECODED PAYLOAD: {'exp': 1790847326, 'sub': 'user_3Hrwmz08BOOrE5XBraSMqfSQXxp'}
GET_CURRENT_USER: user_3Hrwmz08BOOrE5XBraSMqfSQXxp -> <app.models.core.User object at 0x000001C980FE8EF0>
RECEIVED TOKEN: eyJhbGciOiJIUzI1NiIsInR5cCI6IkpXVCJ9.eyJleHAiOjE3OTA4NDczMjYsInN1YiI6InVzZXJfM0hyd216MDhCT09yRTVYQnJhU01xZlNRWHhwIn0.khiFzMCbjZLX9freprXaJib6n2axAqT9Y9hdXWTOQRU
DECODED PAYLOAD: {'exp': 1790847326, 'sub': 'user_3Hrwmz08BOOrE5XBraSMqfSQXxp'}
GET_CURRENT_USER: user_3Hrwmz08BOOrE5XBraSMqfSQXxp -> <app.models.core.User object at 0x000001C98112DBF0>
RECEIVED TOKEN: eyJhbGciOiJIUzI1NiIsInR5cCI6IkpXVCJ9.eyJleHAiOjE3OTA4NDczMjYsInN1YiI6InVzZXJfM0hyd216MDhCT09yRTVYQnJhU01xZlNRWHhwIn0.khiFzMCbjZLX9freprXaJib6n2axAqT9Y9hdXWTOQRU
DECODED PAYLOAD: {'exp': 1790847326, 'sub': 'user_3Hrwmz08BOOrE5XBraSMqfSQXxp'}
GET_CURRENT_USER: user_3Hrwmz08BOOrE5XBraSMqfSQXxp -> <app.models.core.User object at 0x000001C980FE97E0>
RECEIVED TOKEN: eyJhbGciOiJIUzI1NiIsInR5cCI6IkpXVCJ9.eyJleHAiOjE3OTA4NDczMjYsInN1YiI6InVzZXJfM0hyd216MDhCT09yRTVYQnJhU01xZlNRWHhwIn0.khiFzMCbjZLX9freprXaJib6n2axAqT9Y9hdXWTOQRU
DECODED PAYLOAD: {'exp': 1790847326, 'sub': 'user_3Hrwmz08BOOrE5XBraSMqfSQXxp'}
GET_CURRENT_USER: user_3Hrwmz08BOOrE5XBraSMqfSQXxp -> <app.models.core.User object at 0x000001C9813DE680>
RECEIVED TOKEN: eyJhbGciOiJIUzI1NiIsInR5cCI6IkpXVCJ9.eyJleHAiOjE3OTA4NDczMjYsInN1YiI6InVzZXJfM0hyd216MDhCT09yRTVYQnJhU01xZlNRWHhwIn0.khiFzMCbjZLX9freprXaJib6n2axAqT9Y9hdXWTOQRU
DECODED PAYLOAD: {'exp': 1790847326, 'sub': 'user_3Hrwmz08BOOrE5XBraSMqfSQXxp'}
GET_CURRENT_USER: user_3Hrwmz08BOOrE5XBraSMqfSQXxp -> <app.models.core.User object at 0x000001C980FE9570>
RECEIVED TOKEN: eyJhbGciOiJIUzI1NiIsInR5cCI6IkpXVCJ9.eyJleHAiOjE3OTA4NDczMjYsInN1YiI6InVzZXJfM0hyd216MDhCT09yRTVYQnJhU01xZlNRWHhwIn0.khiFzMCbjZLX9freprXaJib6n2axAqT9Y9hdXWTOQRU
DECODED PAYLOAD: {'exp': 1790847326, 'sub': 'user_3Hrwmz08BOOrE5XBraSMqfSQXxp'}
GET_CURRENT_USER: user_3Hrwmz08BOOrE5XBraSMqfSQXxp -> <app.models.core.User object at 0x000001C9FED96680>
RECEIVED TOKEN: eyJhbGciOiJIUzI1NiIsInR5cCI6IkpXVCJ9.eyJleHAiOjE3OTA4NDczMjYsInN1YiI6InVzZXJfM0hyd216MDhCT09yRTVYQnJhU01xZlNRWHhwIn0.khiFzMCbjZLX9freprXaJib6n2axAqT9Y9hdXWTOQRU
DECODED PAYLOAD: {'exp': 1790847326, 'sub': 'user_3Hrwmz08BOOrE5XBraSMqfSQXxp'}
GET_CURRENT_USER: user_3Hrwmz08BOOrE5XBraSMqfSQXxp -> <app.models.core.User object at 0x000001C980FE9300>
RECEIVED TOKEN: eyJhbGciOiJIUzI1NiIsInR5cCI6IkpXVCJ9.eyJleHAiOjE3OTA4NDczMjYsInN1YiI6InVzZXJfM0hyd216MDhCT09yRTVYQnJhU01xZlNRWHhwIn0.khiFzMCbjZLX9freprXaJib6n2axAqT9Y9hdXWTOQRU
DECODED PAYLOAD: {'exp': 1790847326, 'sub': 'user_3Hrwmz08BOOrE5XBraSMqfSQXxp'}
GET_CURRENT_USER: user_3Hrwmz08BOOrE5XBraSMqfSQXxp -> <app.models.core.User object at 0x000001C9813DE8F0>
RECEIVED TOKEN: eyJhbGciOiJIUzI1NiIsInR5cCI6IkpXVCJ9.eyJleHAiOjE3OTA4NDczMjYsInN1YiI6InVzZXJfM0hyd216MDhCT09yRTVYQnJhU01xZlNRWHhwIn0.khiFzMCbjZLX9freprXaJib6n2axAqT9Y9hdXWTOQRU
DECODED PAYLOAD: {'exp': 1790847326, 'sub': 'user_3Hrwmz08BOOrE5XBraSMqfSQXxp'}
GET_CURRENT_USER: user_3Hrwmz08BOOrE5XBraSMqfSQXxp -> <app.models.core.User object at 0x000001C980FE9640>
RECEIVED TOKEN: eyJhbGciOiJIUzI1NiIsInR5cCI6IkpXVCJ9.eyJleHAiOjE3OTA4NDczMjYsInN1YiI6InVzZXJfM0hyd216MDhCT09yRTVYQnJhU01xZlNRWHhwIn0.khiFzMCbjZLX9freprXaJib6n2axAqT9Y9hdXWTOQRU
DECODED PAYLOAD: {'exp': 1790847326, 'sub': 'user_3Hrwmz08BOOrE5XBraSMqfSQXxp'}
GET_CURRENT_USER: user_3Hrwmz08BOOrE5XBraSMqfSQXxp -> <app.models.core.User object at 0x000001C9FEA6DBF0>
RECEIVED TOKEN: eyJhbGciOiJIUzI1NiIsInR5cCI6IkpXVCJ9.eyJleHAiOjE3OTA4NDczMjYsInN1YiI6InVzZXJfM0hyd216MDhCT09yRTVYQnJhU01xZlNRWHhwIn0.khiFzMCbjZLX9freprXaJib6n2axAqT9Y9hdXWTOQRU
DECODED PAYLOAD: {'exp': 1790847326, 'sub': 'user_3Hrwmz08BOOrE5XBraSMqfSQXxp'}
GET_CURRENT_USER: user_3Hrwmz08BOOrE5XBraSMqfSQXxp -> <app.models.core.User object at 0x000001C980FE9980>
RECEIVED TOKEN: eyJhbGciOiJIUzI1NiIsInR5cCI6IkpXVCJ9.eyJleHAiOjE3OTA4NDczMjYsInN1YiI6InVzZXJfM0hyd216MDhCT09yRTVYQnJhU01xZlNRWHhwIn0.khiFzMCbjZLX9freprXaJib6n2axAqT9Y9hdXWTOQRU
DECODED PAYLOAD: {'exp': 1790847326, 'sub': 'user_3Hrwmz08BOOrE5XBraSMqfSQXxp'}
GET_CURRENT_USER: user_3Hrwmz08BOOrE5XBraSMqfSQXxp -> <app.models.core.User object at 0x000001C9813DF5F0>
RECEIVED TOKEN: eyJhbGciOiJIUzI1NiIsInR5cCI6IkpXVCJ9.eyJleHAiOjE3OTA4NDczMjYsInN1YiI6InVzZXJfM0hyd216MDhCT09yRTVYQnJhU01xZlNRWHhwIn0.khiFzMCbjZLX9freprXaJib6n2axAqT9Y9hdXWTOQRU
DECODED PAYLOAD: {'exp': 1790847326, 'sub': 'user_3Hrwmz08BOOrE5XBraSMqfSQXxp'}
GET_CURRENT_USER: user_3Hrwmz08BOOrE5XBraSMqfSQXxp -> <app.models.core.User object at 0x000001C9813DE340>
RECEIVED TOKEN: eyJhbGciOiJIUzI1NiIsInR5cCI6IkpXVCJ9.eyJleHAiOjE3OTA4NDczMjYsInN1YiI6InVzZXJfM0hyd216MDhCT09yRTVYQnJhU01xZlNRWHhwIn0.khiFzMCbjZLX9freprXaJib6n2axAqT9Y9hdXWTOQRU
DECODED PAYLOAD: {'exp': 1790847326, 'sub': 'user_3Hrwmz08BOOrE5XBraSMqfSQXxp'}
GET_CURRENT_USER: user_3Hrwmz08BOOrE5XBraSMqfSQXxp -> <app.models.core.User object at 0x000001C9813DDCC0>
RECEIVED TOKEN: eyJhbGciOiJIUzI1NiIsInR5cCI6IkpXVCJ9.eyJleHAiOjE3OTA4NDczMjYsInN1YiI6InVzZXJfM0hyd216MDhCT09yRTVYQnJhU01xZlNRWHhwIn0.khiFzMCbjZLX9freprXaJib6n2axAqT9Y9hdXWTOQRU
DECODED PAYLOAD: {'exp': 1790847326, 'sub': 'user_3Hrwmz08BOOrE5XBraSMqfSQXxp'}
GET_CURRENT_USER: user_3Hrwmz08BOOrE5XBraSMqfSQXxp -> <app.models.core.User object at 0x000001C9813DD570>
RECEIVED TOKEN: eyJhbGciOiJIUzI1NiIsInR5cCI6IkpXVCJ9.eyJleHAiOjE3OTA4NDczMjYsInN1YiI6InVzZXJfM0hyd216MDhCT09yRTVYQnJhU01xZlNRWHhwIn0.khiFzMCbjZLX9freprXaJib6n2axAqT9Y9hdXWTOQRU
DECODED PAYLOAD: {'exp': 1790847326, 'sub': 'user_3Hrwmz08BOOrE5XBraSMqfSQXxp'}
GET_CURRENT_USER: user_3Hrwmz08BOOrE5XBraSMqfSQXxp -> <app.models.core.User object at 0x000001C9813DFD40>
RECEIVED TOKEN: eyJhbGciOiJIUzI1NiIsInR5cCI6IkpXVCJ9.eyJleHAiOjE3OTA4NDczMjYsInN1YiI6InVzZXJfM0hyd216MDhCT09yRTVYQnJhU01xZlNRWHhwIn0.khiFzMCbjZLX9freprXaJib6n2axAqT9Y9hdXWTOQRU
DECODED PAYLOAD: {'exp': 1790847326, 'sub': 'user_3Hrwmz08BOOrE5XBraSMqfSQXxp'}
GET_CURRENT_USER: user_3Hrwmz08BOOrE5XBraSMqfSQXxp -> <app.models.core.User object at 0x000001C9813DC390>
RECEIVED TOKEN: eyJhbGciOiJIUzI1NiIsInR5cCI6IkpXVCJ9.eyJleHAiOjE3OTA4NDczMjYsInN1YiI6InVzZXJfM0hyd216MDhCT09yRTVYQnJhU01xZlNRWHhwIn0.khiFzMCbjZLX9freprXaJib6n2axAqT9Y9hdXWTOQRU
DECODED PAYLOAD: {'exp': 1790847326, 'sub': 'user_3Hrwmz08BOOrE5XBraSMqfSQXxp'}
GET_CURRENT_USER: user_3Hrwmz08BOOrE5XBraSMqfSQXxp -> <app.models.core.User object at 0x000001C9813DEEA0>
RECEIVED TOKEN: eyJhbGciOiJIUzI1NiIsInR5cCI6IkpXVCJ9.eyJleHAiOjE3OTA4NDczMjYsInN1YiI6InVzZXJfM0hyd216MDhCT09yRTVYQnJhU01xZlNRWHhwIn0.khiFzMCbjZLX9freprXaJib6n2axAqT9Y9hdXWTOQRU
DECODED PAYLOAD: {'exp': 1790847326, 'sub': 'user_3Hrwmz08BOOrE5XBraSMqfSQXxp'}
GET_CURRENT_USER: user_3Hrwmz08BOOrE5XBraSMqfSQXxp -> <app.models.core.User object at 0x000001C9813DDD90>
RECEIVED TOKEN: eyJhbGciOiJIUzI1NiIsInR5cCI6IkpXVCJ9.eyJleHAiOjE3OTA4NDczMjYsInN1YiI6InVzZXJfM0hyd216MDhCT09yRTVYQnJhU01xZlNRWHhwIn0.khiFzMCbjZLX9freprXaJib6n2axAqT9Y9hdXWTOQRU
DECODED PAYLOAD: {'exp': 1790847326, 'sub': 'user_3Hrwmz08BOOrE5XBraSMqfSQXxp'}
GET_CURRENT_USER: user_3Hrwmz08BOOrE5XBraSMqfSQXxp -> <app.models.core.User object at 0x000001C9813DF2B0>
RECEIVED TOKEN: eyJhbGciOiJIUzI1NiIsInR5cCI6IkpXVCJ9.eyJleHAiOjE3OTA4NDczMjYsInN1YiI6InVzZXJfM0hyd216MDhCT09yRTVYQnJhU01xZlNRWHhwIn0.khiFzMCbjZLX9freprXaJib6n2axAqT9Y9hdXWTOQRU
DECODED PAYLOAD: {'exp': 1790847326, 'sub': 'user_3Hrwmz08BOOrE5XBraSMqfSQXxp'}
GET_CURRENT_USER: user_3Hrwmz08BOOrE5XBraSMqfSQXxp -> <app.models.core.User object at 0x000001C9813DF040>
RECEIVED TOKEN: eyJhbGciOiJIUzI1NiIsInR5cCI6IkpXVCJ9.eyJleHAiOjE3OTA4NDczMjYsInN1YiI6InVzZXJfM0hyd216MDhCT09yRTVYQnJhU01xZlNRWHhwIn0.khiFzMCbjZLX9freprXaJib6n2axAqT9Y9hdXWTOQRU
DECODED PAYLOAD: {'exp': 1790847326, 'sub': 'user_3Hrwmz08BOOrE5XBraSMqfSQXxp'}
GET_CURRENT_USER: user_3Hrwmz08BOOrE5XBraSMqfSQXxp -> <app.models.core.User object at 0x000001C9813DE820>
RECEIVED TOKEN: eyJhbGciOiJIUzI1NiIsInR5cCI6IkpXVCJ9.eyJleHAiOjE3OTA4NDczMjYsInN1YiI6InVzZXJfM0hyd216MDhCT09yRTVYQnJhU01xZlNRWHhwIn0.khiFzMCbjZLX9freprXaJib6n2axAqT9Y9hdXWTOQRU
DECODED PAYLOAD: {'exp': 1790847326, 'sub': 'user_3Hrwmz08BOOrE5XBraSMqfSQXxp'}
GET_CURRENT_USER: user_3Hrwmz08BOOrE5XBraSMqfSQXxp -> <app.models.core.User object at 0x000001C9813DCBB0>
RECEIVED TOKEN: eyJhbGciOiJIUzI1NiIsInR5cCI6IkpXVCJ9.eyJleHAiOjE3OTA4NDczMjYsInN1YiI6InVzZXJfM0hyd216MDhCT09yRTVYQnJhU01xZlNRWHhwIn0.khiFzMCbjZLX9freprXaJib6n2axAqT9Y9hdXWTOQRU
DECODED PAYLOAD: {'exp': 1790847326, 'sub': 'user_3Hrwmz08BOOrE5XBraSMqfSQXxp'}
GET_CURRENT_USER: user_3Hrwmz08BOOrE5XBraSMqfSQXxp -> <app.models.core.User object at 0x000001C9813DE820>
RECEIVED TOKEN: eyJhbGciOiJIUzI1NiIsInR5cCI6IkpXVCJ9.eyJleHAiOjE3OTA4NDczMjYsInN1YiI6InVzZXJfM0hyd216MDhCT09yRTVYQnJhU01xZlNRWHhwIn0.khiFzMCbjZLX9freprXaJib6n2axAqT9Y9hdXWTOQRU
DECODED PAYLOAD: {'exp': 1790847326, 'sub': 'user_3Hrwmz08BOOrE5XBraSMqfSQXxp'}
GET_CURRENT_USER: user_3Hrwmz08BOOrE5XBraSMqfSQXxp -> <app.models.core.User object at 0x000001C9FED97450>
RECEIVED TOKEN: eyJhbGciOiJIUzI1NiIsInR5cCI6IkpXVCJ9.eyJleHAiOjE3OTA4NDczMjYsInN1YiI6InVzZXJfM0hyd216MDhCT09yRTVYQnJhU01xZlNRWHhwIn0.khiFzMCbjZLX9freprXaJib6n2axAqT9Y9hdXWTOQRU
DECODED PAYLOAD: {'exp': 1790847326, 'sub': 'user_3Hrwmz08BOOrE5XBraSMqfSQXxp'}
GET_CURRENT_USER: user_3Hrwmz08BOOrE5XBraSMqfSQXxp -> <app.models.core.User object at 0x000001C9FED95710>
RECEIVED TOKEN: eyJhbGciOiJIUzI1NiIsInR5cCI6IkpXVCJ9.eyJleHAiOjE3OTA4NDczMjYsInN1YiI6InVzZXJfM0hyd216MDhCT09yRTVYQnJhU01xZlNRWHhwIn0.khiFzMCbjZLX9freprXaJib6n2axAqT9Y9hdXWTOQRU
DECODED PAYLOAD: {'exp': 1790847326, 'sub': 'user_3Hrwmz08BOOrE5XBraSMqfSQXxp'}
GET_CURRENT_USER: user_3Hrwmz08BOOrE5XBraSMqfSQXxp -> <app.models.core.User object at 0x000001C9FED95640>
RECEIVED TOKEN: eyJhbGciOiJIUzI1NiIsInR5cCI6IkpXVCJ9.eyJleHAiOjE3OTA4NDczMjYsInN1YiI6InVzZXJfM0hyd216MDhCT09yRTVYQnJhU01xZlNRWHhwIn0.khiFzMCbjZLX9freprXaJib6n2axAqT9Y9hdXWTOQRU
DECODED PAYLOAD: {'exp': 1790847326, 'sub': 'user_3Hrwmz08BOOrE5XBraSMqfSQXxp'}
GET_CURRENT_USER: user_3Hrwmz08BOOrE5XBraSMqfSQXxp -> <app.models.core.User object at 0x000001C9FED97450>
RECEIVED TOKEN: eyJhbGciOiJIUzI1NiIsInR5cCI6IkpXVCJ9.eyJleHAiOjE3OTA4NDczMjYsInN1YiI6InVzZXJfM0hyd216MDhCT09yRTVYQnJhU01xZlNRWHhwIn0.khiFzMCbjZLX9freprXaJib6n2axAqT9Y9hdXWTOQRU
DECODED PAYLOAD: {'exp': 1790847326, 'sub': 'user_3Hrwmz08BOOrE5XBraSMqfSQXxp'}
GET_CURRENT_USER: user_3Hrwmz08BOOrE5XBraSMqfSQXxp -> <app.models.core.User object at 0x000001C9FED95710>
RECEIVED TOKEN: eyJhbGciOiJIUzI1NiIsInR5cCI6IkpXVCJ9.eyJleHAiOjE3OTA4NDczMjYsInN1YiI6InVzZXJfM0hyd216MDhCT09yRTVYQnJhU01xZlNRWHhwIn0.khiFzMCbjZLX9freprXaJib6n2axAqT9Y9hdXWTOQRU
DECODED PAYLOAD: {'exp': 1790847326, 'sub': 'user_3Hrwmz08BOOrE5XBraSMqfSQXxp'}
GET_CURRENT_USER: user_3Hrwmz08BOOrE5XBraSMqfSQXxp -> <app.models.core.User object at 0x000001C9FED95640>
RECEIVED TOKEN: eyJhbGciOiJIUzI1NiIsInR5cCI6IkpXVCJ9.eyJleHAiOjE3OTA4NDczMjYsInN1YiI6InVzZXJfM0hyd216MDhCT09yRTVYQnJhU01xZlNRWHhwIn0.khiFzMCbjZLX9freprXaJib6n2axAqT9Y9hdXWTOQRU
DECODED PAYLOAD: {'exp': 1790847326, 'sub': 'user_3Hrwmz08BOOrE5XBraSMqfSQXxp'}
GET_CURRENT_USER: user_3Hrwmz08BOOrE5XBraSMqfSQXxp -> <app.models.core.User object at 0x000001C9813DEF70>
RECEIVED TOKEN: eyJhbGciOiJIUzI1NiIsInR5cCI6IkpXVCJ9.eyJleHAiOjE3OTA4NDczMjYsInN1YiI6InVzZXJfM0hyd216MDhCT09yRTVYQnJhU01xZlNRWHhwIn0.khiFzMCbjZLX9freprXaJib6n2axAqT9Y9hdXWTOQRU
DECODED PAYLOAD: {'exp': 1790847326, 'sub': 'user_3Hrwmz08BOOrE5XBraSMqfSQXxp'}
GET_CURRENT_USER: user_3Hrwmz08BOOrE5XBraSMqfSQXxp -> <app.models.core.User object at 0x000001C9813DEB60>
RECEIVED TOKEN: eyJhbGciOiJIUzI1NiIsInR5cCI6IkpXVCJ9.eyJleHAiOjE3OTA4NDczMjYsInN1YiI6InVzZXJfM0hyd216MDhCT09yRTVYQnJhU01xZlNRWHhwIn0.khiFzMCbjZLX9freprXaJib6n2axAqT9Y9hdXWTOQRU
DECODED PAYLOAD: {'exp': 1790847326, 'sub': 'user_3Hrwmz08BOOrE5XBraSMqfSQXxp'}
GET_CURRENT_USER: user_3Hrwmz08BOOrE5XBraSMqfSQXxp -> <app.models.core.User object at 0x000001C9813DF040>
RECEIVED TOKEN: eyJhbGciOiJIUzI1NiIsInR5cCI6IkpXVCJ9.eyJleHAiOjE3OTA4NDczMjYsInN1YiI6InVzZXJfM0hyd216MDhCT09yRTVYQnJhU01xZlNRWHhwIn0.khiFzMCbjZLX9freprXaJib6n2axAqT9Y9hdXWTOQRU
DECODED PAYLOAD: {'exp': 1790847326, 'sub': 'user_3Hrwmz08BOOrE5XBraSMqfSQXxp'}
GET_CURRENT_USER: user_3Hrwmz08BOOrE5XBraSMqfSQXxp -> <app.models.core.User object at 0x000001C9FED954A0>
RECEIVED TOKEN: eyJhbGciOiJIUzI1NiIsInR5cCI6IkpXVCJ9.eyJleHAiOjE3OTA4NDczMjYsInN1YiI6InVzZXJfM0hyd216MDhCT09yRTVYQnJhU01xZlNRWHhwIn0.khiFzMCbjZLX9freprXaJib6n2axAqT9Y9hdXWTOQRU
DECODED PAYLOAD: {'exp': 1790847326, 'sub': 'user_3Hrwmz08BOOrE5XBraSMqfSQXxp'}
RECEIVED TOKEN: eyJhbGciOiJIUzI1NiIsInR5cCI6IkpXVCJ9.eyJleHAiOjE3OTA4NDczMjYsInN1YiI6InVzZXJfM0hyd216MDhCT09yRTVYQnJhU01xZlNRWHhwIn0.khiFzMCbjZLX9freprXaJib6n2axAqT9Y9hdXWTOQRU
DECODED PAYLOAD: {'exp': 1790847326, 'sub': 'user_3Hrwmz08BOOrE5XBraSMqfSQXxp'}
GET_CURRENT_USER: user_3Hrwmz08BOOrE5XBraSMqfSQXxp -> <app.models.core.User object at 0x000001C98112D980>
RECEIVED TOKEN: eyJhbGciOiJIUzI1NiIsInR5cCI6IkpXVCJ9.eyJleHAiOjE3OTA4NDczMjYsInN1YiI6InVzZXJfM0hyd216MDhCT09yRTVYQnJhU01xZlNRWHhwIn0.khiFzMCbjZLX9freprXaJib6n2axAqT9Y9hdXWTOQRU
DECODED PAYLOAD: {'exp': 1790847326, 'sub': 'user_3Hrwmz08BOOrE5XBraSMqfSQXxp'}
RECEIVED TOKEN: eyJhbGciOiJIUzI1NiIsInR5cCI6IkpXVCJ9.eyJleHAiOjE3OTA4NDczMjYsInN1YiI6InVzZXJfM0hyd216MDhCT09yRTVYQnJhU01xZlNRWHhwIn0.khiFzMCbjZLX9freprXaJib6n2axAqT9Y9hdXWTOQRU
DECODED PAYLOAD: {'exp': 1790847326, 'sub': 'user_3Hrwmz08BOOrE5XBraSMqfSQXxp'}
GET_CURRENT_USER: user_3Hrwmz08BOOrE5XBraSMqfSQXxp -> <app.models.core.User object at 0x000001C9FED97450>
GET_CURRENT_USER: user_3Hrwmz08BOOrE5XBraSMqfSQXxp -> <app.models.core.User object at 0x000001C9813DF1E0>
RECEIVED TOKEN: eyJhbGciOiJIUzI1NiIsInR5cCI6IkpXVCJ9.eyJleHAiOjE3OTA4NDczMjYsInN1YiI6InVzZXJfM0hyd216MDhCT09yRTVYQnJhU01xZlNRWHhwIn0.khiFzMCbjZLX9freprXaJib6n2axAqT9Y9hdXWTOQRU
DECODED PAYLOAD: {'exp': 1790847326, 'sub': 'user_3Hrwmz08BOOrE5XBraSMqfSQXxp'}
GET_CURRENT_USER: user_3Hrwmz08BOOrE5XBraSMqfSQXxp -> <app.models.core.User object at 0x000001C9FED95640>
RECEIVED TOKEN: eyJhbGciOiJIUzI1NiIsInR5cCI6IkpXVCJ9.eyJleHAiOjE3OTA4NDczMjYsInN1YiI6InVzZXJfM0hyd216MDhCT09yRTVYQnJhU01xZlNRWHhwIn0.khiFzMCbjZLX9freprXaJib6n2axAqT9Y9hdXWTOQRU
DECODED PAYLOAD: {'exp': 1790847326, 'sub': 'user_3Hrwmz08BOOrE5XBraSMqfSQXxp'}
GET_CURRENT_USER: user_3Hrwmz08BOOrE5XBraSMqfSQXxp -> <app.models.core.User object at 0x000001C9813DF930>
RECEIVED TOKEN: eyJhbGciOiJIUzI1NiIsInR5cCI6IkpXVCJ9.eyJleHAiOjE3OTA4NDczMjYsInN1YiI6InVzZXJfM0hyd216MDhCT09yRTVYQnJhU01xZlNRWHhwIn0.khiFzMCbjZLX9freprXaJib6n2axAqT9Y9hdXWTOQRU
DECODED PAYLOAD: {'exp': 1790847326, 'sub': 'user_3Hrwmz08BOOrE5XBraSMqfSQXxp'}
GET_CURRENT_USER: user_3Hrwmz08BOOrE5XBraSMqfSQXxp -> <app.models.core.User object at 0x000001C9813DD300>
REQUIRE_ADMIN: user_3Hrwmz08BOOrE5XBraSMqfSQXxp -> admin
RECEIVED TOKEN: eyJhbGciOiJIUzI1NiIsInR5cCI6IkpXVCJ9.eyJleHAiOjE3OTA4NDczMjYsInN1YiI6InVzZXJfM0hyd216MDhCT09yRTVYQnJhU01xZlNRWHhwIn0.khiFzMCbjZLX9freprXaJib6n2axAqT9Y9hdXWTOQRU
DECODED PAYLOAD: {'exp': 1790847326, 'sub': 'user_3Hrwmz08BOOrE5XBraSMqfSQXxp'}
RECEIVED TOKEN: eyJhbGciOiJIUzI1NiIsInR5cCI6IkpXVCJ9.eyJleHAiOjE3OTA4NDczMjYsInN1YiI6InVzZXJfM0hyd216MDhCT09yRTVYQnJhU01xZlNRWHhwIn0.khiFzMCbjZLX9freprXaJib6n2axAqT9Y9hdXWTOQRU
DECODED PAYLOAD: {'exp': 1790847326, 'sub': 'user_3Hrwmz08BOOrE5XBraSMqfSQXxp'}
GET_CURRENT_USER: user_3Hrwmz08BOOrE5XBraSMqfSQXxp -> <app.models.core.User object at 0x000001C9813DF2B0>
RECEIVED TOKEN: eyJhbGciOiJIUzI1NiIsInR5cCI6IkpXVCJ9.eyJleHAiOjE3OTA4NDczMjYsInN1YiI6InVzZXJfM0hyd216MDhCT09yRTVYQnJhU01xZlNRWHhwIn0.khiFzMCbjZLX9freprXaJib6n2axAqT9Y9hdXWTOQRU
DECODED PAYLOAD: {'exp': 1790847326, 'sub': 'user_3Hrwmz08BOOrE5XBraSMqfSQXxp'}
GET_CURRENT_USER: user_3Hrwmz08BOOrE5XBraSMqfSQXxp -> <app.models.core.User object at 0x000001C9813DF5F0>
GET_CURRENT_USER: user_3Hrwmz08BOOrE5XBraSMqfSQXxp -> <app.models.core.User object at 0x000001C9813DD570>
RECEIVED TOKEN: eyJhbGciOiJIUzI1NiIsInR5cCI6IkpXVCJ9.eyJleHAiOjE3OTA4NDczMjYsInN1YiI6InVzZXJfM0hyd216MDhCT09yRTVYQnJhU01xZlNRWHhwIn0.khiFzMCbjZLX9freprXaJib6n2axAqT9Y9hdXWTOQRU
DECODED PAYLOAD: {'exp': 1790847326, 'sub': 'user_3Hrwmz08BOOrE5XBraSMqfSQXxp'}
GET_CURRENT_USER: user_3Hrwmz08BOOrE5XBraSMqfSQXxp -> <app.models.core.User object at 0x000001C98112F790>
RECEIVED TOKEN: eyJhbGciOiJIUzI1NiIsInR5cCI6IkpXVCJ9.eyJleHAiOjE3OTA4NDczMjYsInN1YiI6InVzZXJfM0hyd216MDhCT09yRTVYQnJhU01xZlNRWHhwIn0.khiFzMCbjZLX9freprXaJib6n2axAqT9Y9hdXWTOQRU
DECODED PAYLOAD: {'exp': 1790847326, 'sub': 'user_3Hrwmz08BOOrE5XBraSMqfSQXxp'}
GET_CURRENT_USER: user_3Hrwmz08BOOrE5XBraSMqfSQXxp -> <app.models.core.User object at 0x000001C9FEA6DBF0>
RECEIVED TOKEN: eyJhbGciOiJIUzI1NiIsInR5cCI6IkpXVCJ9.eyJleHAiOjE3OTA4NDczMjYsInN1YiI6InVzZXJfM0hyd216MDhCT09yRTVYQnJhU01xZlNRWHhwIn0.khiFzMCbjZLX9freprXaJib6n2axAqT9Y9hdXWTOQRU
DECODED PAYLOAD: {'exp': 1790847326, 'sub': 'user_3Hrwmz08BOOrE5XBraSMqfSQXxp'}
GET_CURRENT_USER: user_3Hrwmz08BOOrE5XBraSMqfSQXxp -> <app.models.core.User object at 0x000001C9FED97450>
RECEIVED TOKEN: eyJhbGciOiJIUzI1NiIsInR5cCI6IkpXVCJ9.eyJleHAiOjE3OTA4NDczMjYsInN1YiI6InVzZXJfM0hyd216MDhCT09yRTVYQnJhU01xZlNRWHhwIn0.khiFzMCbjZLX9freprXaJib6n2axAqT9Y9hdXWTOQRU
DECODED PAYLOAD: {'exp': 1790847326, 'sub': 'user_3Hrwmz08BOOrE5XBraSMqfSQXxp'}
RECEIVED TOKEN: eyJhbGciOiJIUzI1NiIsInR5cCI6IkpXVCJ9.eyJleHAiOjE3OTA4NDczMjYsInN1YiI6InVzZXJfM0hyd216MDhCT09yRTVYQnJhU01xZlNRWHhwIn0.khiFzMCbjZLX9freprXaJib6n2axAqT9Y9hdXWTOQRU
DECODED PAYLOAD: {'exp': 1790847326, 'sub': 'user_3Hrwmz08BOOrE5XBraSMqfSQXxp'}
GET_CURRENT_USER: user_3Hrwmz08BOOrE5XBraSMqfSQXxp -> <app.models.core.User object at 0x000001C98112D300>
RECEIVED TOKEN: eyJhbGciOiJIUzI1NiIsInR5cCI6IkpXVCJ9.eyJleHAiOjE3OTA4NDczMjYsInN1YiI6InVzZXJfM0hyd216MDhCT09yRTVYQnJhU01xZlNRWHhwIn0.khiFzMCbjZLX9freprXaJib6n2axAqT9Y9hdXWTOQRU
DECODED PAYLOAD: {'exp': 1790847326, 'sub': 'user_3Hrwmz08BOOrE5XBraSMqfSQXxp'}
RECEIVED TOKEN: eyJhbGciOiJIUzI1NiIsInR5cCI6IkpXVCJ9.eyJleHAiOjE3OTA4NDczMjYsInN1YiI6InVzZXJfM0hyd216MDhCT09yRTVYQnJhU01xZlNRWHhwIn0.khiFzMCbjZLX9freprXaJib6n2axAqT9Y9hdXWTOQRU
DECODED PAYLOAD: {'exp': 1790847326, 'sub': 'user_3Hrwmz08BOOrE5XBraSMqfSQXxp'}
GET_CURRENT_USER: user_3Hrwmz08BOOrE5XBraSMqfSQXxp -> <app.models.core.User object at 0x000001C98112E5B0>
GET_CURRENT_USER: user_3Hrwmz08BOOrE5XBraSMqfSQXxp -> <app.models.core.User object at 0x000001C980FE8600>
RECEIVED TOKEN: eyJhbGciOiJIUzI1NiIsInR5cCI6IkpXVCJ9.eyJleHAiOjE3OTA4NDczMjYsInN1YiI6InVzZXJfM0hyd216MDhCT09yRTVYQnJhU01xZlNRWHhwIn0.khiFzMCbjZLX9freprXaJib6n2axAqT9Y9hdXWTOQRU
DECODED PAYLOAD: {'exp': 1790847326, 'sub': 'user_3Hrwmz08BOOrE5XBraSMqfSQXxp'}
GET_CURRENT_USER: user_3Hrwmz08BOOrE5XBraSMqfSQXxp -> <app.models.core.User object at 0x000001C98112E5B0>
RECEIVED TOKEN: eyJhbGciOiJIUzI1NiIsInR5cCI6IkpXVCJ9.eyJleHAiOjE3OTA4NDczMjYsInN1YiI6InVzZXJfM0hyd216MDhCT09yRTVYQnJhU01xZlNRWHhwIn0.khiFzMCbjZLX9freprXaJib6n2axAqT9Y9hdXWTOQRU
DECODED PAYLOAD: {'exp': 1790847326, 'sub': 'user_3Hrwmz08BOOrE5XBraSMqfSQXxp'}
GET_CURRENT_USER: user_3Hrwmz08BOOrE5XBraSMqfSQXxp -> <app.models.core.User object at 0x000001C98112E5B0>
RECEIVED TOKEN: eyJhbGciOiJIUzI1NiIsInR5cCI6IkpXVCJ9.eyJleHAiOjE3OTA4NDczMjYsInN1YiI6InVzZXJfM0hyd216MDhCT09yRTVYQnJhU01xZlNRWHhwIn0.khiFzMCbjZLX9freprXaJib6n2axAqT9Y9hdXWTOQRU
DECODED PAYLOAD: {'exp': 1790847326, 'sub': 'user_3Hrwmz08BOOrE5XBraSMqfSQXxp'}
GET_CURRENT_USER: user_3Hrwmz08BOOrE5XBraSMqfSQXxp -> <app.models.core.User object at 0x000001C9FED954A0>
REQUIRE_ADMIN: user_3Hrwmz08BOOrE5XBraSMqfSQXxp -> admin
RECEIVED TOKEN: eyJhbGciOiJIUzI1NiIsInR5cCI6IkpXVCJ9.eyJleHAiOjE3OTA4NDczMjYsInN1YiI6InVzZXJfM0hyd216MDhCT09yRTVYQnJhU01xZlNRWHhwIn0.khiFzMCbjZLX9freprXaJib6n2axAqT9Y9hdXWTOQRU
DECODED PAYLOAD: {'exp': 1790847326, 'sub': 'user_3Hrwmz08BOOrE5XBraSMqfSQXxp'}
GET_CURRENT_USER: user_3Hrwmz08BOOrE5XBraSMqfSQXxp -> <app.models.core.User object at 0x000001C98112DB20>
REQUIRE_ADMIN: user_3Hrwmz08BOOrE5XBraSMqfSQXxp -> admin
RECEIVED TOKEN: eyJhbGciOiJIUzI1NiIsInR5cCI6IkpXVCJ9.eyJleHAiOjE3OTA4NDczMjYsInN1YiI6InVzZXJfM0hyd216MDhCT09yRTVYQnJhU01xZlNRWHhwIn0.khiFzMCbjZLX9freprXaJib6n2axAqT9Y9hdXWTOQRU
DECODED PAYLOAD: {'exp': 1790847326, 'sub': 'user_3Hrwmz08BOOrE5XBraSMqfSQXxp'}
GET_CURRENT_USER: user_3Hrwmz08BOOrE5XBraSMqfSQXxp -> <app.models.core.User object at 0x000001C9813DE410>
REQUIRE_ADMIN: user_3Hrwmz08BOOrE5XBraSMqfSQXxp -> admin
RECEIVED TOKEN: eyJhbGciOiJIUzI1NiIsInR5cCI6IkpXVCJ9.eyJleHAiOjE3OTA4NDczMjYsInN1YiI6InVzZXJfM0hyd216MDhCT09yRTVYQnJhU01xZlNRWHhwIn0.khiFzMCbjZLX9freprXaJib6n2axAqT9Y9hdXWTOQRU
DECODED PAYLOAD: {'exp': 1790847326, 'sub': 'user_3Hrwmz08BOOrE5XBraSMqfSQXxp'}
GET_CURRENT_USER: user_3Hrwmz08BOOrE5XBraSMqfSQXxp -> <app.models.core.User object at 0x000001C9813DF040>
REQUIRE_ADMIN: user_3Hrwmz08BOOrE5XBraSMqfSQXxp -> admin
RECEIVED TOKEN: eyJhbGciOiJIUzI1NiIsInR5cCI6IkpXVCJ9.eyJleHAiOjE3OTA4NDczMjYsInN1YiI6InVzZXJfM0hyd216MDhCT09yRTVYQnJhU01xZlNRWHhwIn0.khiFzMCbjZLX9freprXaJib6n2axAqT9Y9hdXWTOQRU
DECODED PAYLOAD: {'exp': 1790847326, 'sub': 'user_3Hrwmz08BOOrE5XBraSMqfSQXxp'}
GET_CURRENT_USER: user_3Hrwmz08BOOrE5XBraSMqfSQXxp -> <app.models.core.User object at 0x000001C9813DD710>
RECEIVED TOKEN: eyJhbGciOiJIUzI1NiIsInR5cCI6IkpXVCJ9.eyJleHAiOjE3OTA4NDczMjYsInN1YiI6InVzZXJfM0hyd216MDhCT09yRTVYQnJhU01xZlNRWHhwIn0.khiFzMCbjZLX9freprXaJib6n2axAqT9Y9hdXWTOQRU
DECODED PAYLOAD: {'exp': 1790847326, 'sub': 'user_3Hrwmz08BOOrE5XBraSMqfSQXxp'}
RECEIVED TOKEN: eyJhbGciOiJIUzI1NiIsInR5cCI6IkpXVCJ9.eyJleHAiOjE3OTA4NDczMjYsInN1YiI6InVzZXJfM0hyd216MDhCT09yRTVYQnJhU01xZlNRWHhwIn0.khiFzMCbjZLX9freprXaJib6n2axAqT9Y9hdXWTOQRU
DECODED PAYLOAD: {'exp': 1790847326, 'sub': 'user_3Hrwmz08BOOrE5XBraSMqfSQXxp'}
GET_CURRENT_USER: user_3Hrwmz08BOOrE5XBraSMqfSQXxp -> <app.models.core.User object at 0x000001C9813DFEE0>
GET_CURRENT_USER: user_3Hrwmz08BOOrE5XBraSMqfSQXxp -> <app.models.core.User object at 0x000001C98112D160>
RECEIVED TOKEN: eyJhbGciOiJIUzI1NiIsInR5cCI6IkpXVCJ9.eyJleHAiOjE3OTA4NDczMjYsInN1YiI6InVzZXJfM0hyd216MDhCT09yRTVYQnJhU01xZlNRWHhwIn0.khiFzMCbjZLX9freprXaJib6n2axAqT9Y9hdXWTOQRU
DECODED PAYLOAD: {'exp': 1790847326, 'sub': 'user_3Hrwmz08BOOrE5XBraSMqfSQXxp'}
GET_CURRENT_USER: user_3Hrwmz08BOOrE5XBraSMqfSQXxp -> <app.models.core.User object at 0x000001C9FED97450>
RECEIVED TOKEN: eyJhbGciOiJIUzI1NiIsInR5cCI6IkpXVCJ9.eyJleHAiOjE3OTA4NDczMjYsInN1YiI6InVzZXJfM0hyd216MDhCT09yRTVYQnJhU01xZlNRWHhwIn0.khiFzMCbjZLX9freprXaJib6n2axAqT9Y9hdXWTOQRU
DECODED PAYLOAD: {'exp': 1790847326, 'sub': 'user_3Hrwmz08BOOrE5XBraSMqfSQXxp'}
GET_CURRENT_USER: user_3Hrwmz08BOOrE5XBraSMqfSQXxp -> <app.models.core.User object at 0x000001C9FED97450>
RECEIVED TOKEN: eyJhbGciOiJIUzI1NiIsInR5cCI6IkpXVCJ9.eyJleHAiOjE3OTA4NDczMjYsInN1YiI6InVzZXJfM0hyd216MDhCT09yRTVYQnJhU01xZlNRWHhwIn0.khiFzMCbjZLX9freprXaJib6n2axAqT9Y9hdXWTOQRU
DECODED PAYLOAD: {'exp': 1790847326, 'sub': 'user_3Hrwmz08BOOrE5XBraSMqfSQXxp'}
GET_CURRENT_USER: user_3Hrwmz08BOOrE5XBraSMqfSQXxp -> <app.models.core.User object at 0x000001C9813DF520>
RECEIVED TOKEN: eyJhbGciOiJIUzI1NiIsInR5cCI6IkpXVCJ9.eyJleHAiOjE3OTA4NDczMjYsInN1YiI6InVzZXJfM0hyd216MDhCT09yRTVYQnJhU01xZlNRWHhwIn0.khiFzMCbjZLX9freprXaJib6n2axAqT9Y9hdXWTOQRU
DECODED PAYLOAD: {'exp': 1790847326, 'sub': 'user_3Hrwmz08BOOrE5XBraSMqfSQXxp'}
GET_CURRENT_USER: user_3Hrwmz08BOOrE5XBraSMqfSQXxp -> <app.models.core.User object at 0x000001C9813DFE10>
RECEIVED TOKEN: eyJhbGciOiJIUzI1NiIsInR5cCI6IkpXVCJ9.eyJleHAiOjE3OTA4NDczMjYsInN1YiI6InVzZXJfM0hyd216MDhCT09yRTVYQnJhU01xZlNRWHhwIn0.khiFzMCbjZLX9freprXaJib6n2axAqT9Y9hdXWTOQRU
DECODED PAYLOAD: {'exp': 1790847326, 'sub': 'user_3Hrwmz08BOOrE5XBraSMqfSQXxp'}
GET_CURRENT_USER: user_3Hrwmz08BOOrE5XBraSMqfSQXxp -> <app.models.core.User object at 0x000001C9813DFE10>
RECEIVED TOKEN: eyJhbGciOiJIUzI1NiIsInR5cCI6IkpXVCJ9.eyJleHAiOjE3OTA4NDczMjYsInN1YiI6InVzZXJfM0hyd216MDhCT09yRTVYQnJhU01xZlNRWHhwIn0.khiFzMCbjZLX9freprXaJib6n2axAqT9Y9hdXWTOQRU
DECODED PAYLOAD: {'exp': 1790847326, 'sub': 'user_3Hrwmz08BOOrE5XBraSMqfSQXxp'}
GET_CURRENT_USER: user_3Hrwmz08BOOrE5XBraSMqfSQXxp -> <app.models.core.User object at 0x000001C9813DFE10>
RECEIVED TOKEN: eyJhbGciOiJIUzI1NiIsInR5cCI6IkpXVCJ9.eyJleHAiOjE3OTA4NDczMjYsInN1YiI6InVzZXJfM0hyd216MDhCT09yRTVYQnJhU01xZlNRWHhwIn0.khiFzMCbjZLX9freprXaJib6n2axAqT9Y9hdXWTOQRU
DECODED PAYLOAD: {'exp': 1790847326, 'sub': 'user_3Hrwmz08BOOrE5XBraSMqfSQXxp'}
GET_CURRENT_USER: user_3Hrwmz08BOOrE5XBraSMqfSQXxp -> <app.models.core.User object at 0x000001C98112FE10>
RECEIVED TOKEN: eyJhbGciOiJIUzI1NiIsInR5cCI6IkpXVCJ9.eyJleHAiOjE3OTA4NDczMjYsInN1YiI6InVzZXJfM0hyd216MDhCT09yRTVYQnJhU01xZlNRWHhwIn0.khiFzMCbjZLX9freprXaJib6n2axAqT9Y9hdXWTOQRU
DECODED PAYLOAD: {'exp': 1790847326, 'sub': 'user_3Hrwmz08BOOrE5XBraSMqfSQXxp'}
GET_CURRENT_USER: user_3Hrwmz08BOOrE5XBraSMqfSQXxp -> <app.models.core.User object at 0x000001C98112F5F0>
RECEIVED TOKEN: eyJhbGciOiJIUzI1NiIsInR5cCI6IkpXVCJ9.eyJleHAiOjE3OTA4NDczMjYsInN1YiI6InVzZXJfM0hyd216MDhCT09yRTVYQnJhU01xZlNRWHhwIn0.khiFzMCbjZLX9freprXaJib6n2axAqT9Y9hdXWTOQRU
DECODED PAYLOAD: {'exp': 1790847326, 'sub': 'user_3Hrwmz08BOOrE5XBraSMqfSQXxp'}
GET_CURRENT_USER: user_3Hrwmz08BOOrE5XBraSMqfSQXxp -> <app.models.core.User object at 0x000001C98112EA90>
RECEIVED TOKEN: eyJhbGciOiJIUzI1NiIsInR5cCI6IkpXVCJ9.eyJleHAiOjE3OTA4NDczMjYsInN1YiI6InVzZXJfM0hyd216MDhCT09yRTVYQnJhU01xZlNRWHhwIn0.khiFzMCbjZLX9freprXaJib6n2axAqT9Y9hdXWTOQRU
DECODED PAYLOAD: {'exp': 1790847326, 'sub': 'user_3Hrwmz08BOOrE5XBraSMqfSQXxp'}
GET_CURRENT_USER: user_3Hrwmz08BOOrE5XBraSMqfSQXxp -> <app.models.core.User object at 0x000001C98112EEA0>
RECEIVED TOKEN: eyJhbGciOiJIUzI1NiIsInR5cCI6IkpXVCJ9.eyJleHAiOjE3OTA4NDczMjYsInN1YiI6InVzZXJfM0hyd216MDhCT09yRTVYQnJhU01xZlNRWHhwIn0.khiFzMCbjZLX9freprXaJib6n2axAqT9Y9hdXWTOQRU
DECODED PAYLOAD: {'exp': 1790847326, 'sub': 'user_3Hrwmz08BOOrE5XBraSMqfSQXxp'}
GET_CURRENT_USER: user_3Hrwmz08BOOrE5XBraSMqfSQXxp -> <app.models.core.User object at 0x000001C98112DCC0>
RECEIVED TOKEN: eyJhbGciOiJIUzI1NiIsInR5cCI6IkpXVCJ9.eyJleHAiOjE3OTA4NDczMjYsInN1YiI6InVzZXJfM0hyd216MDhCT09yRTVYQnJhU01xZlNRWHhwIn0.khiFzMCbjZLX9freprXaJib6n2axAqT9Y9hdXWTOQRU
DECODED PAYLOAD: {'exp': 1790847326, 'sub': 'user_3Hrwmz08BOOrE5XBraSMqfSQXxp'}
GET_CURRENT_USER: user_3Hrwmz08BOOrE5XBraSMqfSQXxp -> <app.models.core.User object at 0x000001C98112DCC0>
RECEIVED TOKEN: eyJhbGciOiJIUzI1NiIsInR5cCI6IkpXVCJ9.eyJleHAiOjE3OTA4NDczMjYsInN1YiI6InVzZXJfM0hyd216MDhCT09yRTVYQnJhU01xZlNRWHhwIn0.khiFzMCbjZLX9freprXaJib6n2axAqT9Y9hdXWTOQRU
DECODED PAYLOAD: {'exp': 1790847326, 'sub': 'user_3Hrwmz08BOOrE5XBraSMqfSQXxp'}
GET_CURRENT_USER: user_3Hrwmz08BOOrE5XBraSMqfSQXxp -> <app.models.core.User object at 0x000001C98112EEA0>
RECEIVED TOKEN: eyJhbGciOiJIUzI1NiIsInR5cCI6IkpXVCJ9.eyJleHAiOjE3OTA4NDczMjYsInN1YiI6InVzZXJfM0hyd216MDhCT09yRTVYQnJhU01xZlNRWHhwIn0.khiFzMCbjZLX9freprXaJib6n2axAqT9Y9hdXWTOQRU
DECODED PAYLOAD: {'exp': 1790847326, 'sub': 'user_3Hrwmz08BOOrE5XBraSMqfSQXxp'}
GET_CURRENT_USER: user_3Hrwmz08BOOrE5XBraSMqfSQXxp -> <app.models.core.User object at 0x000001C98112D980>
RECEIVED TOKEN: eyJhbGciOiJIUzI1NiIsInR5cCI6IkpXVCJ9.eyJleHAiOjE3OTA4NDczMjYsInN1YiI6InVzZXJfM0hyd216MDhCT09yRTVYQnJhU01xZlNRWHhwIn0.khiFzMCbjZLX9freprXaJib6n2axAqT9Y9hdXWTOQRU
DECODED PAYLOAD: {'exp': 1790847326, 'sub': 'user_3Hrwmz08BOOrE5XBraSMqfSQXxp'}
GET_CURRENT_USER: user_3Hrwmz08BOOrE5XBraSMqfSQXxp -> <app.models.core.User object at 0x000001C980FE81F0>
RECEIVED TOKEN: eyJhbGciOiJIUzI1NiIsInR5cCI6IkpXVCJ9.eyJleHAiOjE3OTA4NDczMjYsInN1YiI6InVzZXJfM0hyd216MDhCT09yRTVYQnJhU01xZlNRWHhwIn0.khiFzMCbjZLX9freprXaJib6n2axAqT9Y9hdXWTOQRU
DECODED PAYLOAD: {'exp': 1790847326, 'sub': 'user_3Hrwmz08BOOrE5XBraSMqfSQXxp'}
GET_CURRENT_USER: user_3Hrwmz08BOOrE5XBraSMqfSQXxp -> <app.models.core.User object at 0x000001E5E5D45940>
RECEIVED TOKEN: eyJhbGciOiJIUzI1NiIsInR5cCI6IkpXVCJ9.eyJleHAiOjE3OTA4NDczMjYsInN1YiI6InVzZXJfM0hyd216MDhCT09yRTVYQnJhU01xZlNRWHhwIn0.khiFzMCbjZLX9freprXaJib6n2axAqT9Y9hdXWTOQRU
DECODED PAYLOAD: {'exp': 1790847326, 'sub': 'user_3Hrwmz08BOOrE5XBraSMqfSQXxp'}
GET_CURRENT_USER: user_3Hrwmz08BOOrE5XBraSMqfSQXxp -> <app.models.core.User object at 0x000001E5E5FC0690>
RECEIVED TOKEN: eyJhbGciOiJIUzI1NiIsInR5cCI6IkpXVCJ9.eyJleHAiOjE3OTA4NDczMjYsInN1YiI6InVzZXJfM0hyd216MDhCT09yRTVYQnJhU01xZlNRWHhwIn0.khiFzMCbjZLX9freprXaJib6n2axAqT9Y9hdXWTOQRU
DECODED PAYLOAD: {'exp': 1790847326, 'sub': 'user_3Hrwmz08BOOrE5XBraSMqfSQXxp'}
GET_CURRENT_USER: user_3Hrwmz08BOOrE5XBraSMqfSQXxp -> <app.models.core.User object at 0x000001E5E5CD9BD0>
RECEIVED TOKEN: eyJhbGciOiJIUzI1NiIsInR5cCI6IkpXVCJ9.eyJleHAiOjE3OTA4NDczMjYsInN1YiI6InVzZXJfM0hyd216MDhCT09yRTVYQnJhU01xZlNRWHhwIn0.khiFzMCbjZLX9freprXaJib6n2axAqT9Y9hdXWTOQRU
DECODED PAYLOAD: {'exp': 1790847326, 'sub': 'user_3Hrwmz08BOOrE5XBraSMqfSQXxp'}
GET_CURRENT_USER: user_3Hrwmz08BOOrE5XBraSMqfSQXxp -> <app.models.core.User object at 0x000001E5E5FCDA70>
RECEIVED TOKEN: eyJhbGciOiJIUzI1NiIsInR5cCI6IkpXVCJ9.eyJleHAiOjE3OTA4NDczMjYsInN1YiI6InVzZXJfM0hyd216MDhCT09yRTVYQnJhU01xZlNRWHhwIn0.khiFzMCbjZLX9freprXaJib6n2axAqT9Y9hdXWTOQRU
DECODED PAYLOAD: {'exp': 1790847326, 'sub': 'user_3Hrwmz08BOOrE5XBraSMqfSQXxp'}
GET_CURRENT_USER: user_3Hrwmz08BOOrE5XBraSMqfSQXxp -> <app.models.core.User object at 0x000001E5E5FCF490>
RECEIVED TOKEN: eyJhbGciOiJIUzI1NiIsInR5cCI6IkpXVCJ9.eyJleHAiOjE3OTA4NDczMjYsInN1YiI6InVzZXJfM0hyd216MDhCT09yRTVYQnJhU01xZlNRWHhwIn0.khiFzMCbjZLX9freprXaJib6n2axAqT9Y9hdXWTOQRU
DECODED PAYLOAD: {'exp': 1790847326, 'sub': 'user_3Hrwmz08BOOrE5XBraSMqfSQXxp'}
RECEIVED TOKEN: eyJhbGciOiJIUzI1NiIsInR5cCI6IkpXVCJ9.eyJleHAiOjE3OTA4NDczMjYsInN1YiI6InVzZXJfM0hyd216MDhCT09yRTVYQnJhU01xZlNRWHhwIn0.khiFzMCbjZLX9freprXaJib6n2axAqT9Y9hdXWTOQRU
DECODED PAYLOAD: {'exp': 1790847326, 'sub': 'user_3Hrwmz08BOOrE5XBraSMqfSQXxp'}
GET_CURRENT_USER: user_3Hrwmz08BOOrE5XBraSMqfSQXxp -> <app.models.core.User object at 0x000001E5E5FCBAC0>
RECEIVED TOKEN: eyJhbGciOiJIUzI1NiIsInR5cCI6IkpXVCJ9.eyJleHAiOjE3OTA4NDczMjYsInN1YiI6InVzZXJfM0hyd216MDhCT09yRTVYQnJhU01xZlNRWHhwIn0.khiFzMCbjZLX9freprXaJib6n2axAqT9Y9hdXWTOQRU
DECODED PAYLOAD: {'exp': 1790847326, 'sub': 'user_3Hrwmz08BOOrE5XBraSMqfSQXxp'}
RECEIVED TOKEN: eyJhbGciOiJIUzI1NiIsInR5cCI6IkpXVCJ9.eyJleHAiOjE3OTA4NDczMjYsInN1YiI6InVzZXJfM0hyd216MDhCT09yRTVYQnJhU01xZlNRWHhwIn0.khiFzMCbjZLX9freprXaJib6n2axAqT9Y9hdXWTOQRU
DECODED PAYLOAD: {'exp': 1790847326, 'sub': 'user_3Hrwmz08BOOrE5XBraSMqfSQXxp'}
GET_CURRENT_USER: user_3Hrwmz08BOOrE5XBraSMqfSQXxp -> <app.models.core.User object at 0x000001E5E70533E0>
GET_CURRENT_USER: user_3Hrwmz08BOOrE5XBraSMqfSQXxp -> <app.models.core.User object at 0x000001E5E600BAD0>
RECEIVED TOKEN: eyJhbGciOiJIUzI1NiIsInR5cCI6IkpXVCJ9.eyJleHAiOjE3OTA4NDczMjYsInN1YiI6InVzZXJfM0hyd216MDhCT09yRTVYQnJhU01xZlNRWHhwIn0.khiFzMCbjZLX9freprXaJib6n2axAqT9Y9hdXWTOQRU
DECODED PAYLOAD: {'exp': 1790847326, 'sub': 'user_3Hrwmz08BOOrE5XBraSMqfSQXxp'}
GET_CURRENT_USER: user_3Hrwmz08BOOrE5XBraSMqfSQXxp -> <app.models.core.User object at 0x000001E5E6009CC0>
RECEIVED TOKEN: eyJhbGciOiJIUzI1NiIsInR5cCI6IkpXVCJ9.eyJleHAiOjE3OTA4NDczMjYsInN1YiI6InVzZXJfM0hyd216MDhCT09yRTVYQnJhU01xZlNRWHhwIn0.khiFzMCbjZLX9freprXaJib6n2axAqT9Y9hdXWTOQRU
DECODED PAYLOAD: {'exp': 1790847326, 'sub': 'user_3Hrwmz08BOOrE5XBraSMqfSQXxp'}
GET_CURRENT_USER: user_3Hrwmz08BOOrE5XBraSMqfSQXxp -> <app.models.core.User object at 0x000001E5E6009CC0>
RECEIVED TOKEN: eyJhbGciOiJIUzI1NiIsInR5cCI6IkpXVCJ9.eyJleHAiOjE3OTA4NDczMjYsInN1YiI6InVzZXJfM0hyd216MDhCT09yRTVYQnJhU01xZlNRWHhwIn0.khiFzMCbjZLX9freprXaJib6n2axAqT9Y9hdXWTOQRU
DECODED PAYLOAD: {'exp': 1790847326, 'sub': 'user_3Hrwmz08BOOrE5XBraSMqfSQXxp'}
RECEIVED TOKEN: eyJhbGciOiJIUzI1NiIsInR5cCI6IkpXVCJ9.eyJleHAiOjE3OTA4NDczMjYsInN1YiI6InVzZXJfM0hyd216MDhCT09yRTVYQnJhU01xZlNRWHhwIn0.khiFzMCbjZLX9freprXaJib6n2axAqT9Y9hdXWTOQRU
DECODED PAYLOAD: {'exp': 1790847326, 'sub': 'user_3Hrwmz08BOOrE5XBraSMqfSQXxp'}
GET_CURRENT_USER: user_3Hrwmz08BOOrE5XBraSMqfSQXxp -> <app.models.core.User object at 0x000001E5E71A6D00>
GET_CURRENT_USER: user_3Hrwmz08BOOrE5XBraSMqfSQXxp -> <app.models.core.User object at 0x000001E5E71A6F70>
RECEIVED TOKEN: eyJhbGciOiJIUzI1NiIsInR5cCI6IkpXVCJ9.eyJleHAiOjE3OTA4NDczMjYsInN1YiI6InVzZXJfM0hyd216MDhCT09yRTVYQnJhU01xZlNRWHhwIn0.khiFzMCbjZLX9freprXaJib6n2axAqT9Y9hdXWTOQRU
DECODED PAYLOAD: {'exp': 1790847326, 'sub': 'user_3Hrwmz08BOOrE5XBraSMqfSQXxp'}
GET_CURRENT_USER: user_3Hrwmz08BOOrE5XBraSMqfSQXxp -> <app.models.core.User object at 0x000001E5E71A6000>
RECEIVED TOKEN: eyJhbGciOiJIUzI1NiIsInR5cCI6IkpXVCJ9.eyJleHAiOjE3OTA4NDczMjYsInN1YiI6InVzZXJfM0hyd216MDhCT09yRTVYQnJhU01xZlNRWHhwIn0.khiFzMCbjZLX9freprXaJib6n2axAqT9Y9hdXWTOQRU
DECODED PAYLOAD: {'exp': 1790847326, 'sub': 'user_3Hrwmz08BOOrE5XBraSMqfSQXxp'}
GET_CURRENT_USER: user_3Hrwmz08BOOrE5XBraSMqfSQXxp -> <app.models.core.User object at 0x000001E5E71A5F30>
RECEIVED TOKEN: eyJhbGciOiJIUzI1NiIsInR5cCI6IkpXVCJ9.eyJleHAiOjE3OTA4NDczMjYsInN1YiI6InVzZXJfM0hyd216MDhCT09yRTVYQnJhU01xZlNRWHhwIn0.khiFzMCbjZLX9freprXaJib6n2axAqT9Y9hdXWTOQRU
DECODED PAYLOAD: {'exp': 1790847326, 'sub': 'user_3Hrwmz08BOOrE5XBraSMqfSQXxp'}
GET_CURRENT_USER: user_3Hrwmz08BOOrE5XBraSMqfSQXxp -> <app.models.core.User object at 0x000001E5E600B450>
RECEIVED TOKEN: eyJhbGciOiJIUzI1NiIsInR5cCI6IkpXVCJ9.eyJleHAiOjE3OTA4NDczMjYsInN1YiI6InVzZXJfM0hyd216MDhCT09yRTVYQnJhU01xZlNRWHhwIn0.khiFzMCbjZLX9freprXaJib6n2axAqT9Y9hdXWTOQRU
DECODED PAYLOAD: {'exp': 1790847326, 'sub': 'user_3Hrwmz08BOOrE5XBraSMqfSQXxp'}
GET_CURRENT_USER: user_3Hrwmz08BOOrE5XBraSMqfSQXxp -> <app.models.core.User object at 0x000001E5E6009300>
RECEIVED TOKEN: eyJhbGciOiJIUzI1NiIsInR5cCI6IkpXVCJ9.eyJleHAiOjE3OTA4NDczMjYsInN1YiI6InVzZXJfM0hyd216MDhCT09yRTVYQnJhU01xZlNRWHhwIn0.khiFzMCbjZLX9freprXaJib6n2axAqT9Y9hdXWTOQRU
DECODED PAYLOAD: {'exp': 1790847326, 'sub': 'user_3Hrwmz08BOOrE5XBraSMqfSQXxp'}
GET_CURRENT_USER: user_3Hrwmz08BOOrE5XBraSMqfSQXxp -> <app.models.core.User object at 0x000001E5E600B450>
RECEIVED TOKEN: eyJhbGciOiJIUzI1NiIsInR5cCI6IkpXVCJ9.eyJleHAiOjE3OTA4NDczMjYsInN1YiI6InVzZXJfM0hyd216MDhCT09yRTVYQnJhU01xZlNRWHhwIn0.khiFzMCbjZLX9freprXaJib6n2axAqT9Y9hdXWTOQRU
DECODED PAYLOAD: {'exp': 1790847326, 'sub': 'user_3Hrwmz08BOOrE5XBraSMqfSQXxp'}
GET_CURRENT_USER: user_3Hrwmz08BOOrE5XBraSMqfSQXxp -> <app.models.core.User object at 0x000001E5E71A54A0>
RECEIVED TOKEN: eyJhbGciOiJIUzI1NiIsInR5cCI6IkpXVCJ9.eyJleHAiOjE3OTA4NDczMjYsInN1YiI6InVzZXJfM0hyd216MDhCT09yRTVYQnJhU01xZlNRWHhwIn0.khiFzMCbjZLX9freprXaJib6n2axAqT9Y9hdXWTOQRU
DECODED PAYLOAD: {'exp': 1790847326, 'sub': 'user_3Hrwmz08BOOrE5XBraSMqfSQXxp'}
GET_CURRENT_USER: user_3Hrwmz08BOOrE5XBraSMqfSQXxp -> <app.models.core.User object at 0x000001E5E6009BF0>
RECEIVED TOKEN: eyJhbGciOiJIUzI1NiIsInR5cCI6IkpXVCJ9.eyJleHAiOjE3OTA4NDczMjYsInN1YiI6InVzZXJfM0hyd216MDhCT09yRTVYQnJhU01xZlNRWHhwIn0.khiFzMCbjZLX9freprXaJib6n2axAqT9Y9hdXWTOQRU
DECODED PAYLOAD: {'exp': 1790847326, 'sub': 'user_3Hrwmz08BOOrE5XBraSMqfSQXxp'}
RECEIVED TOKEN: eyJhbGciOiJIUzI1NiIsInR5cCI6IkpXVCJ9.eyJleHAiOjE3OTA4NDczMjYsInN1YiI6InVzZXJfM0hyd216MDhCT09yRTVYQnJhU01xZlNRWHhwIn0.khiFzMCbjZLX9freprXaJib6n2axAqT9Y9hdXWTOQRU
DECODED PAYLOAD: {'exp': 1790847326, 'sub': 'user_3Hrwmz08BOOrE5XBraSMqfSQXxp'}
GET_CURRENT_USER: user_3Hrwmz08BOOrE5XBraSMqfSQXxp -> <app.models.core.User object at 0x000001E5E600B110>
RECEIVED TOKEN: eyJhbGciOiJIUzI1NiIsInR5cCI6IkpXVCJ9.eyJleHAiOjE3OTA4NDczMjYsInN1YiI6InVzZXJfM0hyd216MDhCT09yRTVYQnJhU01xZlNRWHhwIn0.khiFzMCbjZLX9freprXaJib6n2axAqT9Y9hdXWTOQRU
DECODED PAYLOAD: {'exp': 1790847326, 'sub': 'user_3Hrwmz08BOOrE5XBraSMqfSQXxp'}
GET_CURRENT_USER: user_3Hrwmz08BOOrE5XBraSMqfSQXxp -> <app.models.core.User object at 0x000001E5E6008530>
RECEIVED TOKEN: eyJhbGciOiJIUzI1NiIsInR5cCI6IkpXVCJ9.eyJleHAiOjE3OTA4NDczMjYsInN1YiI6InVzZXJfM0hyd216MDhCT09yRTVYQnJhU01xZlNRWHhwIn0.khiFzMCbjZLX9freprXaJib6n2axAqT9Y9hdXWTOQRU
DECODED PAYLOAD: {'exp': 1790847326, 'sub': 'user_3Hrwmz08BOOrE5XBraSMqfSQXxp'}
GET_CURRENT_USER: user_3Hrwmz08BOOrE5XBraSMqfSQXxp -> <app.models.core.User object at 0x000001E5E71A7450>
RECEIVED TOKEN: eyJhbGciOiJIUzI1NiIsInR5cCI6IkpXVCJ9.eyJleHAiOjE3OTA4NDczMjYsInN1YiI6InVzZXJfM0hyd216MDhCT09yRTVYQnJhU01xZlNRWHhwIn0.khiFzMCbjZLX9freprXaJib6n2axAqT9Y9hdXWTOQRU
DECODED PAYLOAD: {'exp': 1790847326, 'sub': 'user_3Hrwmz08BOOrE5XBraSMqfSQXxp'}
RECEIVED TOKEN: eyJhbGciOiJIUzI1NiIsInR5cCI6IkpXVCJ9.eyJleHAiOjE3OTA4NDczMjYsInN1YiI6InVzZXJfM0hyd216MDhCT09yRTVYQnJhU01xZlNRWHhwIn0.khiFzMCbjZLX9freprXaJib6n2axAqT9Y9hdXWTOQRU
DECODED PAYLOAD: {'exp': 1790847326, 'sub': 'user_3Hrwmz08BOOrE5XBraSMqfSQXxp'}
GET_CURRENT_USER: user_3Hrwmz08BOOrE5XBraSMqfSQXxp -> <app.models.core.User object at 0x000001E5E71A4460>
GET_CURRENT_USER: user_3Hrwmz08BOOrE5XBraSMqfSQXxp -> <app.models.core.User object at 0x000001E5E72B86D0>
RECEIVED TOKEN: eyJhbGciOiJIUzI1NiIsInR5cCI6IkpXVCJ9.eyJleHAiOjE3OTA4NDczMjYsInN1YiI6InVzZXJfM0hyd216MDhCT09yRTVYQnJhU01xZlNRWHhwIn0.khiFzMCbjZLX9freprXaJib6n2axAqT9Y9hdXWTOQRU
DECODED PAYLOAD: {'exp': 1790847326, 'sub': 'user_3Hrwmz08BOOrE5XBraSMqfSQXxp'}
GET_CURRENT_USER: user_3Hrwmz08BOOrE5XBraSMqfSQXxp -> <app.models.core.User object at 0x000001E5E71A4460>
RECEIVED TOKEN: eyJhbGciOiJIUzI1NiIsInR5cCI6IkpXVCJ9.eyJleHAiOjE3OTA4NDczMjYsInN1YiI6InVzZXJfM0hyd216MDhCT09yRTVYQnJhU01xZlNRWHhwIn0.khiFzMCbjZLX9freprXaJib6n2axAqT9Y9hdXWTOQRU
DECODED PAYLOAD: {'exp': 1790847326, 'sub': 'user_3Hrwmz08BOOrE5XBraSMqfSQXxp'}
GET_CURRENT_USER: user_3Hrwmz08BOOrE5XBraSMqfSQXxp -> <app.models.core.User object at 0x000001E5E71A4C80>
RECEIVED TOKEN: eyJhbGciOiJIUzI1NiIsInR5cCI6IkpXVCJ9.eyJleHAiOjE3OTA4NDczMjYsInN1YiI6InVzZXJfM0hyd216MDhCT09yRTVYQnJhU01xZlNRWHhwIn0.khiFzMCbjZLX9freprXaJib6n2axAqT9Y9hdXWTOQRU
DECODED PAYLOAD: {'exp': 1790847326, 'sub': 'user_3Hrwmz08BOOrE5XBraSMqfSQXxp'}
GET_CURRENT_USER: user_3Hrwmz08BOOrE5XBraSMqfSQXxp -> <app.models.core.User object at 0x000001E5E71A6000>
RECEIVED TOKEN: eyJhbGciOiJIUzI1NiIsInR5cCI6IkpXVCJ9.eyJleHAiOjE3OTA4NDczMjYsInN1YiI6InVzZXJfM0hyd216MDhCT09yRTVYQnJhU01xZlNRWHhwIn0.khiFzMCbjZLX9freprXaJib6n2axAqT9Y9hdXWTOQRU
DECODED PAYLOAD: {'exp': 1790847326, 'sub': 'user_3Hrwmz08BOOrE5XBraSMqfSQXxp'}
GET_CURRENT_USER: user_3Hrwmz08BOOrE5XBraSMqfSQXxp -> <app.models.core.User object at 0x000001E5E71A6270>
RECEIVED TOKEN: eyJhbGciOiJIUzI1NiIsInR5cCI6IkpXVCJ9.eyJleHAiOjE3OTA4NDczMjYsInN1YiI6InVzZXJfM0hyd216MDhCT09yRTVYQnJhU01xZlNRWHhwIn0.khiFzMCbjZLX9freprXaJib6n2axAqT9Y9hdXWTOQRU
DECODED PAYLOAD: {'exp': 1790847326, 'sub': 'user_3Hrwmz08BOOrE5XBraSMqfSQXxp'}
GET_CURRENT_USER: user_3Hrwmz08BOOrE5XBraSMqfSQXxp -> <app.models.core.User object at 0x000001E5E71A53D0>
RECEIVED TOKEN: eyJhbGciOiJIUzI1NiIsInR5cCI6IkpXVCJ9.eyJleHAiOjE3OTA4NDczMjYsInN1YiI6InVzZXJfM0hyd216MDhCT09yRTVYQnJhU01xZlNRWHhwIn0.khiFzMCbjZLX9freprXaJib6n2axAqT9Y9hdXWTOQRU
DECODED PAYLOAD: {'exp': 1790847326, 'sub': 'user_3Hrwmz08BOOrE5XBraSMqfSQXxp'}
GET_CURRENT_USER: user_3Hrwmz08BOOrE5XBraSMqfSQXxp -> <app.models.core.User object at 0x000001E5E71A6EA0>
RECEIVED TOKEN: eyJhbGciOiJIUzI1NiIsInR5cCI6IkpXVCJ9.eyJleHAiOjE3OTA4NDczMjYsInN1YiI6InVzZXJfM0hyd216MDhCT09yRTVYQnJhU01xZlNRWHhwIn0.khiFzMCbjZLX9freprXaJib6n2axAqT9Y9hdXWTOQRU
DECODED PAYLOAD: {'exp': 1790847326, 'sub': 'user_3Hrwmz08BOOrE5XBraSMqfSQXxp'}
GET_CURRENT_USER: user_3Hrwmz08BOOrE5XBraSMqfSQXxp -> <app.models.core.User object at 0x000001E5E71A53D0>
RECEIVED TOKEN: eyJhbGciOiJIUzI1NiIsInR5cCI6IkpXVCJ9.eyJleHAiOjE3OTA4NDczMjYsInN1YiI6InVzZXJfM0hyd216MDhCT09yRTVYQnJhU01xZlNRWHhwIn0.khiFzMCbjZLX9freprXaJib6n2axAqT9Y9hdXWTOQRU
DECODED PAYLOAD: {'exp': 1790847326, 'sub': 'user_3Hrwmz08BOOrE5XBraSMqfSQXxp'}
GET_CURRENT_USER: user_3Hrwmz08BOOrE5XBraSMqfSQXxp -> <app.models.core.User object at 0x000001E5E72B8530>
RECEIVED TOKEN: eyJhbGciOiJIUzI1NiIsInR5cCI6IkpXVCJ9.eyJleHAiOjE3OTA4NDczMjYsInN1YiI6InVzZXJfM0hyd216MDhCT09yRTVYQnJhU01xZlNRWHhwIn0.khiFzMCbjZLX9freprXaJib6n2axAqT9Y9hdXWTOQRU
DECODED PAYLOAD: {'exp': 1790847326, 'sub': 'user_3Hrwmz08BOOrE5XBraSMqfSQXxp'}
GET_CURRENT_USER: user_3Hrwmz08BOOrE5XBraSMqfSQXxp -> <app.models.core.User object at 0x000001E5E600B6C0>
RECEIVED TOKEN: eyJhbGciOiJIUzI1NiIsInR5cCI6IkpXVCJ9.eyJleHAiOjE3OTA4NDczMjYsInN1YiI6InVzZXJfM0hyd216MDhCT09yRTVYQnJhU01xZlNRWHhwIn0.khiFzMCbjZLX9freprXaJib6n2axAqT9Y9hdXWTOQRU
DECODED PAYLOAD: {'exp': 1790847326, 'sub': 'user_3Hrwmz08BOOrE5XBraSMqfSQXxp'}
GET_CURRENT_USER: user_3Hrwmz08BOOrE5XBraSMqfSQXxp -> <app.models.core.User object at 0x000001E5E600B6C0>
RECEIVED TOKEN: eyJhbGciOiJIUzI1NiIsInR5cCI6IkpXVCJ9.eyJleHAiOjE3OTA4NDczMjYsInN1YiI6InVzZXJfM0hyd216MDhCT09yRTVYQnJhU01xZlNRWHhwIn0.khiFzMCbjZLX9freprXaJib6n2axAqT9Y9hdXWTOQRU
DECODED PAYLOAD: {'exp': 1790847326, 'sub': 'user_3Hrwmz08BOOrE5XBraSMqfSQXxp'}
GET_CURRENT_USER: user_3Hrwmz08BOOrE5XBraSMqfSQXxp -> <app.models.core.User object at 0x000001E5E71A4460>
RECEIVED TOKEN: eyJhbGciOiJIUzI1NiIsInR5cCI6IkpXVCJ9.eyJleHAiOjE3OTA4NDczMjYsInN1YiI6InVzZXJfM0hyd216MDhCT09yRTVYQnJhU01xZlNRWHhwIn0.khiFzMCbjZLX9freprXaJib6n2axAqT9Y9hdXWTOQRU
DECODED PAYLOAD: {'exp': 1790847326, 'sub': 'user_3Hrwmz08BOOrE5XBraSMqfSQXxp'}
GET_CURRENT_USER: user_3Hrwmz08BOOrE5XBraSMqfSQXxp -> <app.models.core.User object at 0x000001E5E71A4460>
RECEIVED TOKEN: eyJhbGciOiJIUzI1NiIsInR5cCI6IkpXVCJ9.eyJleHAiOjE3OTA4NDczMjYsInN1YiI6InVzZXJfM0hyd216MDhCT09yRTVYQnJhU01xZlNRWHhwIn0.khiFzMCbjZLX9freprXaJib6n2axAqT9Y9hdXWTOQRU
DECODED PAYLOAD: {'exp': 1790847326, 'sub': 'user_3Hrwmz08BOOrE5XBraSMqfSQXxp'}
GET_CURRENT_USER: user_3Hrwmz08BOOrE5XBraSMqfSQXxp -> <app.models.core.User object at 0x000001E5E600ADD0>
RECEIVED TOKEN: eyJhbGciOiJIUzI1NiIsInR5cCI6IkpXVCJ9.eyJleHAiOjE3OTA4NDczMjYsInN1YiI6InVzZXJfM0hyd216MDhCT09yRTVYQnJhU01xZlNRWHhwIn0.khiFzMCbjZLX9freprXaJib6n2axAqT9Y9hdXWTOQRU
DECODED PAYLOAD: {'exp': 1790847326, 'sub': 'user_3Hrwmz08BOOrE5XBraSMqfSQXxp'}
GET_CURRENT_USER: user_3Hrwmz08BOOrE5XBraSMqfSQXxp -> <app.models.core.User object at 0x000001E5E71A46D0>
RECEIVED TOKEN: eyJhbGciOiJIUzI1NiIsInR5cCI6IkpXVCJ9.eyJleHAiOjE3OTA4NDczMjYsInN1YiI6InVzZXJfM0hyd216MDhCT09yRTVYQnJhU01xZlNRWHhwIn0.khiFzMCbjZLX9freprXaJib6n2axAqT9Y9hdXWTOQRU
DECODED PAYLOAD: {'exp': 1790847326, 'sub': 'user_3Hrwmz08BOOrE5XBraSMqfSQXxp'}
GET_CURRENT_USER: user_3Hrwmz08BOOrE5XBraSMqfSQXxp -> <app.models.core.User object at 0x000001E5E71A7EE0>
RECEIVED TOKEN: eyJhbGciOiJIUzI1NiIsInR5cCI6IkpXVCJ9.eyJleHAiOjE3OTA4NDczMjYsInN1YiI6InVzZXJfM0hyd216MDhCT09yRTVYQnJhU01xZlNRWHhwIn0.khiFzMCbjZLX9freprXaJib6n2axAqT9Y9hdXWTOQRU
DECODED PAYLOAD: {'exp': 1790847326, 'sub': 'user_3Hrwmz08BOOrE5XBraSMqfSQXxp'}
GET_CURRENT_USER: user_3Hrwmz08BOOrE5XBraSMqfSQXxp -> <app.models.core.User object at 0x000001E5E71A6D00>
RECEIVED TOKEN: eyJhbGciOiJIUzI1NiIsInR5cCI6IkpXVCJ9.eyJleHAiOjE3OTA4NDczMjYsInN1YiI6InVzZXJfM0hyd216MDhCT09yRTVYQnJhU01xZlNRWHhwIn0.khiFzMCbjZLX9freprXaJib6n2axAqT9Y9hdXWTOQRU
DECODED PAYLOAD: {'exp': 1790847326, 'sub': 'user_3Hrwmz08BOOrE5XBraSMqfSQXxp'}
GET_CURRENT_USER: user_3Hrwmz08BOOrE5XBraSMqfSQXxp -> <app.models.core.User object at 0x000001E5E71A53D0>
RECEIVED TOKEN: eyJhbGciOiJIUzI1NiIsInR5cCI6IkpXVCJ9.eyJleHAiOjE3OTA4NDczMjYsInN1YiI6InVzZXJfM0hyd216MDhCT09yRTVYQnJhU01xZlNRWHhwIn0.khiFzMCbjZLX9freprXaJib6n2axAqT9Y9hdXWTOQRU
DECODED PAYLOAD: {'exp': 1790847326, 'sub': 'user_3Hrwmz08BOOrE5XBraSMqfSQXxp'}
GET_CURRENT_USER: user_3Hrwmz08BOOrE5XBraSMqfSQXxp -> <app.models.core.User object at 0x000001E5E71A5640>
RECEIVED TOKEN: eyJhbGciOiJIUzI1NiIsInR5cCI6IkpXVCJ9.eyJleHAiOjE3OTA4NDczMjYsInN1YiI6InVzZXJfM0hyd216MDhCT09yRTVYQnJhU01xZlNRWHhwIn0.khiFzMCbjZLX9freprXaJib6n2axAqT9Y9hdXWTOQRU
DECODED PAYLOAD: {'exp': 1790847326, 'sub': 'user_3Hrwmz08BOOrE5XBraSMqfSQXxp'}
GET_CURRENT_USER: user_3Hrwmz08BOOrE5XBraSMqfSQXxp -> <app.models.core.User object at 0x000001E5E600B6C0>
RECEIVED TOKEN: eyJhbGciOiJIUzI1NiIsInR5cCI6IkpXVCJ9.eyJleHAiOjE3OTA4NDczMjYsInN1YiI6InVzZXJfM0hyd216MDhCT09yRTVYQnJhU01xZlNRWHhwIn0.khiFzMCbjZLX9freprXaJib6n2axAqT9Y9hdXWTOQRU
DECODED PAYLOAD: {'exp': 1790847326, 'sub': 'user_3Hrwmz08BOOrE5XBraSMqfSQXxp'}
GET_CURRENT_USER: user_3Hrwmz08BOOrE5XBraSMqfSQXxp -> <app.models.core.User object at 0x000001E5E71A6410>
RECEIVED TOKEN: eyJhbGciOiJIUzI1NiIsInR5cCI6IkpXVCJ9.eyJleHAiOjE3OTA4NDczMjYsInN1YiI6InVzZXJfM0hyd216MDhCT09yRTVYQnJhU01xZlNRWHhwIn0.khiFzMCbjZLX9freprXaJib6n2axAqT9Y9hdXWTOQRU
DECODED PAYLOAD: {'exp': 1790847326, 'sub': 'user_3Hrwmz08BOOrE5XBraSMqfSQXxp'}
GET_CURRENT_USER: user_3Hrwmz08BOOrE5XBraSMqfSQXxp -> <app.models.core.User object at 0x000001E5E600BA00>
RECEIVED TOKEN: eyJhbGciOiJIUzI1NiIsInR5cCI6IkpXVCJ9.eyJleHAiOjE3OTA4NDczMjYsInN1YiI6InVzZXJfM0hyd216MDhCT09yRTVYQnJhU01xZlNRWHhwIn0.khiFzMCbjZLX9freprXaJib6n2axAqT9Y9hdXWTOQRU
DECODED PAYLOAD: {'exp': 1790847326, 'sub': 'user_3Hrwmz08BOOrE5XBraSMqfSQXxp'}
GET_CURRENT_USER: user_3Hrwmz08BOOrE5XBraSMqfSQXxp -> <app.models.core.User object at 0x000001E5E71A4870>
RECEIVED TOKEN: eyJhbGciOiJIUzI1NiIsInR5cCI6IkpXVCJ9.eyJleHAiOjE3OTA4NDczMjYsInN1YiI6InVzZXJfM0hyd216MDhCT09yRTVYQnJhU01xZlNRWHhwIn0.khiFzMCbjZLX9freprXaJib6n2axAqT9Y9hdXWTOQRU
DECODED PAYLOAD: {'exp': 1790847326, 'sub': 'user_3Hrwmz08BOOrE5XBraSMqfSQXxp'}
GET_CURRENT_USER: user_3Hrwmz08BOOrE5XBraSMqfSQXxp -> <app.models.core.User object at 0x000001E5E71A5640>
RECEIVED TOKEN: eyJhbGciOiJIUzI1NiIsInR5cCI6IkpXVCJ9.eyJleHAiOjE3OTA4NDczMjYsInN1YiI6InVzZXJfM0hyd216MDhCT09yRTVYQnJhU01xZlNRWHhwIn0.khiFzMCbjZLX9freprXaJib6n2axAqT9Y9hdXWTOQRU
DECODED PAYLOAD: {'exp': 1790847326, 'sub': 'user_3Hrwmz08BOOrE5XBraSMqfSQXxp'}
RECEIVED TOKEN: eyJhbGciOiJIUzI1NiIsInR5cCI6IkpXVCJ9.eyJleHAiOjE3OTA4NDczMjYsInN1YiI6InVzZXJfM0hyd216MDhCT09yRTVYQnJhU01xZlNRWHhwIn0.khiFzMCbjZLX9freprXaJib6n2axAqT9Y9hdXWTOQRU
DECODED PAYLOAD: {'exp': 1790847326, 'sub': 'user_3Hrwmz08BOOrE5XBraSMqfSQXxp'}
RECEIVED TOKEN: eyJhbGciOiJIUzI1NiIsInR5cCI6IkpXVCJ9.eyJleHAiOjE3OTA4NDczMjYsInN1YiI6InVzZXJfM0hyd216MDhCT09yRTVYQnJhU01xZlNRWHhwIn0.khiFzMCbjZLX9freprXaJib6n2axAqT9Y9hdXWTOQRU
DECODED PAYLOAD: {'exp': 1790847326, 'sub': 'user_3Hrwmz08BOOrE5XBraSMqfSQXxp'}
GET_CURRENT_USER: user_3Hrwmz08BOOrE5XBraSMqfSQXxp -> <app.models.core.User object at 0x0000025EB35AB360>
GET_CURRENT_USER: user_3Hrwmz08BOOrE5XBraSMqfSQXxp -> <app.models.core.User object at 0x0000025EB35ABE10>
RECEIVED TOKEN: eyJhbGciOiJIUzI1NiIsInR5cCI6IkpXVCJ9.eyJleHAiOjE3OTA4NDczMjYsInN1YiI6InVzZXJfM0hyd216MDhCT09yRTVYQnJhU01xZlNRWHhwIn0.khiFzMCbjZLX9freprXaJib6n2axAqT9Y9hdXWTOQRU
DECODED PAYLOAD: {'exp': 1790847326, 'sub': 'user_3Hrwmz08BOOrE5XBraSMqfSQXxp'}
GET_CURRENT_USER: user_3Hrwmz08BOOrE5XBraSMqfSQXxp -> <app.models.core.User object at 0x0000025EB34C69F0>
RECEIVED TOKEN: eyJhbGciOiJIUzI1NiIsInR5cCI6IkpXVCJ9.eyJleHAiOjE3OTA4NDczMjYsInN1YiI6InVzZXJfM0hyd216MDhCT09yRTVYQnJhU01xZlNRWHhwIn0.khiFzMCbjZLX9freprXaJib6n2axAqT9Y9hdXWTOQRU
DECODED PAYLOAD: {'exp': 1790847326, 'sub': 'user_3Hrwmz08BOOrE5XBraSMqfSQXxp'}
RECEIVED TOKEN: eyJhbGciOiJIUzI1NiIsInR5cCI6IkpXVCJ9.eyJleHAiOjE3OTA4NDczMjYsInN1YiI6InVzZXJfM0hyd216MDhCT09yRTVYQnJhU01xZlNRWHhwIn0.khiFzMCbjZLX9freprXaJib6n2axAqT9Y9hdXWTOQRU
DECODED PAYLOAD: {'exp': 1790847326, 'sub': 'user_3Hrwmz08BOOrE5XBraSMqfSQXxp'}
GET_CURRENT_USER: user_3Hrwmz08BOOrE5XBraSMqfSQXxp -> <app.models.core.User object at 0x0000025EB37A7860>
RECEIVED TOKEN: eyJhbGciOiJIUzI1NiIsInR5cCI6IkpXVCJ9.eyJleHAiOjE3OTA4NDczMjYsInN1YiI6InVzZXJfM0hyd216MDhCT09yRTVYQnJhU01xZlNRWHhwIn0.khiFzMCbjZLX9freprXaJib6n2axAqT9Y9hdXWTOQRU
DECODED PAYLOAD: {'exp': 1790847326, 'sub': 'user_3Hrwmz08BOOrE5XBraSMqfSQXxp'}
GET_CURRENT_USER: user_3Hrwmz08BOOrE5XBraSMqfSQXxp -> <app.models.core.User object at 0x0000025EB37A5300>
GET_CURRENT_USER: user_3Hrwmz08BOOrE5XBraSMqfSQXxp -> <app.models.core.User object at 0x0000025EB492C120>
RECEIVED TOKEN: eyJhbGciOiJIUzI1NiIsInR5cCI6IkpXVCJ9.eyJleHAiOjE3OTA4NDczMjYsInN1YiI6InVzZXJfM0hyd216MDhCT09yRTVYQnJhU01xZlNRWHhwIn0.khiFzMCbjZLX9freprXaJib6n2axAqT9Y9hdXWTOQRU
DECODED PAYLOAD: {'exp': 1790847326, 'sub': 'user_3Hrwmz08BOOrE5XBraSMqfSQXxp'}
GET_CURRENT_USER: user_3Hrwmz08BOOrE5XBraSMqfSQXxp -> <app.models.core.User object at 0x0000025EB37A7040>
RECEIVED TOKEN: eyJhbGciOiJIUzI1NiIsInR5cCI6IkpXVCJ9.eyJleHAiOjE3OTA4NDczMjYsInN1YiI6InVzZXJfM0hyd216MDhCT09yRTVYQnJhU01xZlNRWHhwIn0.khiFzMCbjZLX9freprXaJib6n2axAqT9Y9hdXWTOQRU
DECODED PAYLOAD: {'exp': 1790847326, 'sub': 'user_3Hrwmz08BOOrE5XBraSMqfSQXxp'}
GET_CURRENT_USER: user_3Hrwmz08BOOrE5XBraSMqfSQXxp -> <app.models.core.User object at 0x0000025EB37A6410>
RECEIVED TOKEN: eyJhbGciOiJIUzI1NiIsInR5cCI6IkpXVCJ9.eyJleHAiOjE3OTA4NDczMjYsInN1YiI6InVzZXJfM0hyd216MDhCT09yRTVYQnJhU01xZlNRWHhwIn0.khiFzMCbjZLX9freprXaJib6n2axAqT9Y9hdXWTOQRU
DECODED PAYLOAD: {'exp': 1790847326, 'sub': 'user_3Hrwmz08BOOrE5XBraSMqfSQXxp'}
GET_CURRENT_USER: user_3Hrwmz08BOOrE5XBraSMqfSQXxp -> <app.models.core.User object at 0x0000025EB37A5F30>
RECEIVED TOKEN: eyJhbGciOiJIUzI1NiIsInR5cCI6IkpXVCJ9.eyJleHAiOjE3OTA4NDczMjYsInN1YiI6InVzZXJfM0hyd216MDhCT09yRTVYQnJhU01xZlNRWHhwIn0.khiFzMCbjZLX9freprXaJib6n2axAqT9Y9hdXWTOQRU
DECODED PAYLOAD: {'exp': 1790847326, 'sub': 'user_3Hrwmz08BOOrE5XBraSMqfSQXxp'}
GET_CURRENT_USER: user_3Hrwmz08BOOrE5XBraSMqfSQXxp -> <app.models.core.User object at 0x0000025EB349F450>
RECEIVED TOKEN: eyJhbGciOiJIUzI1NiIsInR5cCI6IkpXVCJ9.eyJleHAiOjE3OTA4NDczMjYsInN1YiI6InVzZXJfM0hyd216MDhCT09yRTVYQnJhU01xZlNRWHhwIn0.khiFzMCbjZLX9freprXaJib6n2axAqT9Y9hdXWTOQRU
DECODED PAYLOAD: {'exp': 1790847326, 'sub': 'user_3Hrwmz08BOOrE5XBraSMqfSQXxp'}
GET_CURRENT_USER: user_3Hrwmz08BOOrE5XBraSMqfSQXxp -> <app.models.core.User object at 0x0000025EB330FBA0>
RECEIVED TOKEN: eyJhbGciOiJIUzI1NiIsInR5cCI6IkpXVCJ9.eyJleHAiOjE3OTA4NDczMjYsInN1YiI6InVzZXJfM0hyd216MDhCT09yRTVYQnJhU01xZlNRWHhwIn0.khiFzMCbjZLX9freprXaJib6n2axAqT9Y9hdXWTOQRU
DECODED PAYLOAD: {'exp': 1790847326, 'sub': 'user_3Hrwmz08BOOrE5XBraSMqfSQXxp'}
GET_CURRENT_USER: user_3Hrwmz08BOOrE5XBraSMqfSQXxp -> <app.models.core.User object at 0x0000025EB349F450>
RECEIVED TOKEN: eyJhbGciOiJIUzI1NiIsInR5cCI6IkpXVCJ9.eyJleHAiOjE3OTA4NDczMjYsInN1YiI6InVzZXJfM0hyd216MDhCT09yRTVYQnJhU01xZlNRWHhwIn0.khiFzMCbjZLX9freprXaJib6n2axAqT9Y9hdXWTOQRU
DECODED PAYLOAD: {'exp': 1790847326, 'sub': 'user_3Hrwmz08BOOrE5XBraSMqfSQXxp'}
RECEIVED TOKEN: eyJhbGciOiJIUzI1NiIsInR5cCI6IkpXVCJ9.eyJleHAiOjE3OTA4NDczMjYsInN1YiI6InVzZXJfM0hyd216MDhCT09yRTVYQnJhU01xZlNRWHhwIn0.khiFzMCbjZLX9freprXaJib6n2axAqT9Y9hdXWTOQRU
DECODED PAYLOAD: {'exp': 1790847326, 'sub': 'user_3Hrwmz08BOOrE5XBraSMqfSQXxp'}
GET_CURRENT_USER: user_3Hrwmz08BOOrE5XBraSMqfSQXxp -> <app.models.core.User object at 0x0000025EB37A6F70>
RECEIVED TOKEN: eyJhbGciOiJIUzI1NiIsInR5cCI6IkpXVCJ9.eyJleHAiOjE3OTA4NDczMjYsInN1YiI6InVzZXJfM0hyd216MDhCT09yRTVYQnJhU01xZlNRWHhwIn0.khiFzMCbjZLX9freprXaJib6n2axAqT9Y9hdXWTOQRU
DECODED PAYLOAD: {'exp': 1790847326, 'sub': 'user_3Hrwmz08BOOrE5XBraSMqfSQXxp'}
GET_CURRENT_USER: user_3Hrwmz08BOOrE5XBraSMqfSQXxp -> <app.models.core.User object at 0x0000025EB37A5CC0>
RECEIVED TOKEN: eyJhbGciOiJIUzI1NiIsInR5cCI6IkpXVCJ9.eyJleHAiOjE3OTA4NDczMjYsInN1YiI6InVzZXJfM0hyd216MDhCT09yRTVYQnJhU01xZlNRWHhwIn0.khiFzMCbjZLX9freprXaJib6n2axAqT9Y9hdXWTOQRU
DECODED PAYLOAD: {'exp': 1790847326, 'sub': 'user_3Hrwmz08BOOrE5XBraSMqfSQXxp'}
RECEIVED TOKEN: eyJhbGciOiJIUzI1NiIsInR5cCI6IkpXVCJ9.eyJleHAiOjE3OTA4NDczMjYsInN1YiI6InVzZXJfM0hyd216MDhCT09yRTVYQnJhU01xZlNRWHhwIn0.khiFzMCbjZLX9freprXaJib6n2axAqT9Y9hdXWTOQRU
DECODED PAYLOAD: {'exp': 1790847326, 'sub': 'user_3Hrwmz08BOOrE5XBraSMqfSQXxp'}
GET_CURRENT_USER: user_3Hrwmz08BOOrE5XBraSMqfSQXxp -> <app.models.core.User object at 0x0000025EB37A6A90>
RECEIVED TOKEN: eyJhbGciOiJIUzI1NiIsInR5cCI6IkpXVCJ9.eyJleHAiOjE3OTA4NDczMjYsInN1YiI6InVzZXJfM0hyd216MDhCT09yRTVYQnJhU01xZlNRWHhwIn0.khiFzMCbjZLX9freprXaJib6n2axAqT9Y9hdXWTOQRU
DECODED PAYLOAD: {'exp': 1790847326, 'sub': 'user_3Hrwmz08BOOrE5XBraSMqfSQXxp'}
GET_CURRENT_USER: user_3Hrwmz08BOOrE5XBraSMqfSQXxp -> <app.models.core.User object at 0x0000025EB492CFC0>
GET_CURRENT_USER: user_3Hrwmz08BOOrE5XBraSMqfSQXxp -> <app.models.core.User object at 0x0000025EB492DB20>
RECEIVED TOKEN: eyJhbGciOiJIUzI1NiIsInR5cCI6IkpXVCJ9.eyJleHAiOjE3OTA4NDczMjYsInN1YiI6InVzZXJfM0hyd216MDhCT09yRTVYQnJhU01xZlNRWHhwIn0.khiFzMCbjZLX9freprXaJib6n2axAqT9Y9hdXWTOQRU
DECODED PAYLOAD: {'exp': 1790847326, 'sub': 'user_3Hrwmz08BOOrE5XBraSMqfSQXxp'}
GET_CURRENT_USER: user_3Hrwmz08BOOrE5XBraSMqfSQXxp -> <app.models.core.User object at 0x0000025EB492F2B0>
RECEIVED TOKEN: eyJhbGciOiJIUzI1NiIsInR5cCI6IkpXVCJ9.eyJleHAiOjE3OTA4NDczMjYsInN1YiI6InVzZXJfM0hyd216MDhCT09yRTVYQnJhU01xZlNRWHhwIn0.khiFzMCbjZLX9freprXaJib6n2axAqT9Y9hdXWTOQRU
DECODED PAYLOAD: {'exp': 1790847326, 'sub': 'user_3Hrwmz08BOOrE5XBraSMqfSQXxp'}
GET_CURRENT_USER: user_3Hrwmz08BOOrE5XBraSMqfSQXxp -> <app.models.core.User object at 0x0000025EB492F930>
RECEIVED TOKEN: eyJhbGciOiJIUzI1NiIsInR5cCI6IkpXVCJ9.eyJleHAiOjE3OTA4NDczMjYsInN1YiI6InVzZXJfM0hyd216MDhCT09yRTVYQnJhU01xZlNRWHhwIn0.khiFzMCbjZLX9freprXaJib6n2axAqT9Y9hdXWTOQRU
DECODED PAYLOAD: {'exp': 1790847326, 'sub': 'user_3Hrwmz08BOOrE5XBraSMqfSQXxp'}
GET_CURRENT_USER: user_3Hrwmz08BOOrE5XBraSMqfSQXxp -> <app.models.core.User object at 0x0000025EB37A4870>
RECEIVED TOKEN: eyJhbGciOiJIUzI1NiIsInR5cCI6IkpXVCJ9.eyJleHAiOjE3OTA4NDczMjYsInN1YiI6InVzZXJfM0hyd216MDhCT09yRTVYQnJhU01xZlNRWHhwIn0.khiFzMCbjZLX9freprXaJib6n2axAqT9Y9hdXWTOQRU
DECODED PAYLOAD: {'exp': 1790847326, 'sub': 'user_3Hrwmz08BOOrE5XBraSMqfSQXxp'}
GET_CURRENT_USER: user_3Hrwmz08BOOrE5XBraSMqfSQXxp -> <app.models.core.User object at 0x0000025EB37A53D0>
RECEIVED TOKEN: eyJhbGciOiJIUzI1NiIsInR5cCI6IkpXVCJ9.eyJleHAiOjE3OTA4NDczMjYsInN1YiI6InVzZXJfM0hyd216MDhCT09yRTVYQnJhU01xZlNRWHhwIn0.khiFzMCbjZLX9freprXaJib6n2axAqT9Y9hdXWTOQRU
DECODED PAYLOAD: {'exp': 1790847326, 'sub': 'user_3Hrwmz08BOOrE5XBraSMqfSQXxp'}
GET_CURRENT_USER: user_3Hrwmz08BOOrE5XBraSMqfSQXxp -> <app.models.core.User object at 0x0000025EB37A6D00>
RECEIVED TOKEN: eyJhbGciOiJIUzI1NiIsInR5cCI6IkpXVCJ9.eyJleHAiOjE3OTA4NDczMjYsInN1YiI6InVzZXJfM0hyd216MDhCT09yRTVYQnJhU01xZlNRWHhwIn0.khiFzMCbjZLX9freprXaJib6n2axAqT9Y9hdXWTOQRU
DECODED PAYLOAD: {'exp': 1790847326, 'sub': 'user_3Hrwmz08BOOrE5XBraSMqfSQXxp'}
GET_CURRENT_USER: user_3Hrwmz08BOOrE5XBraSMqfSQXxp -> <app.models.core.User object at 0x0000025EB37A4870>
RECEIVED TOKEN: eyJhbGciOiJIUzI1NiIsInR5cCI6IkpXVCJ9.eyJleHAiOjE3OTA4NDczMjYsInN1YiI6InVzZXJfM0hyd216MDhCT09yRTVYQnJhU01xZlNRWHhwIn0.khiFzMCbjZLX9freprXaJib6n2axAqT9Y9hdXWTOQRU
DECODED PAYLOAD: {'exp': 1790847326, 'sub': 'user_3Hrwmz08BOOrE5XBraSMqfSQXxp'}
GET_CURRENT_USER: user_3Hrwmz08BOOrE5XBraSMqfSQXxp -> <app.models.core.User object at 0x0000025EB492F520>
RECEIVED TOKEN: eyJhbGciOiJIUzI1NiIsInR5cCI6IkpXVCJ9.eyJleHAiOjE3OTA4NDczMjYsInN1YiI6InVzZXJfM0hyd216MDhCT09yRTVYQnJhU01xZlNRWHhwIn0.khiFzMCbjZLX9freprXaJib6n2axAqT9Y9hdXWTOQRU
DECODED PAYLOAD: {'exp': 1790847326, 'sub': 'user_3Hrwmz08BOOrE5XBraSMqfSQXxp'}
GET_CURRENT_USER: user_3Hrwmz08BOOrE5XBraSMqfSQXxp -> <app.models.core.User object at 0x0000025EB492E1A0>
RECEIVED TOKEN: eyJhbGciOiJIUzI1NiIsInR5cCI6IkpXVCJ9.eyJleHAiOjE3OTA4NDczMjYsInN1YiI6InVzZXJfM0hyd216MDhCT09yRTVYQnJhU01xZlNRWHhwIn0.khiFzMCbjZLX9freprXaJib6n2axAqT9Y9hdXWTOQRU
DECODED PAYLOAD: {'exp': 1790847326, 'sub': 'user_3Hrwmz08BOOrE5XBraSMqfSQXxp'}
GET_CURRENT_USER: user_3Hrwmz08BOOrE5XBraSMqfSQXxp -> <app.models.core.User object at 0x0000025EB330FBA0>
RECEIVED TOKEN: eyJhbGciOiJIUzI1NiIsInR5cCI6IkpXVCJ9.eyJleHAiOjE3OTA4NDczMjYsInN1YiI6InVzZXJfM0hyd216MDhCT09yRTVYQnJhU01xZlNRWHhwIn0.khiFzMCbjZLX9freprXaJib6n2axAqT9Y9hdXWTOQRU
DECODED PAYLOAD: {'exp': 1790847326, 'sub': 'user_3Hrwmz08BOOrE5XBraSMqfSQXxp'}
RECEIVED TOKEN: eyJhbGciOiJIUzI1NiIsInR5cCI6IkpXVCJ9.eyJleHAiOjE3OTA4NDczMjYsInN1YiI6InVzZXJfM0hyd216MDhCT09yRTVYQnJhU01xZlNRWHhwIn0.khiFzMCbjZLX9freprXaJib6n2axAqT9Y9hdXWTOQRU
DECODED PAYLOAD: {'exp': 1790847326, 'sub': 'user_3Hrwmz08BOOrE5XBraSMqfSQXxp'}
GET_CURRENT_USER: user_3Hrwmz08BOOrE5XBraSMqfSQXxp -> <app.models.core.User object at 0x000001EC0D166210>
GET_CURRENT_USER: user_3Hrwmz08BOOrE5XBraSMqfSQXxp -> <app.models.core.User object at 0x000001EC0D3DB9D0>
RECEIVED TOKEN: eyJhbGciOiJIUzI1NiIsInR5cCI6IkpXVCJ9.eyJleHAiOjE3OTA4NDczMjYsInN1YiI6InVzZXJfM0hyd216MDhCT09yRTVYQnJhU01xZlNRWHhwIn0.khiFzMCbjZLX9freprXaJib6n2axAqT9Y9hdXWTOQRU
DECODED PAYLOAD: {'exp': 1790847326, 'sub': 'user_3Hrwmz08BOOrE5XBraSMqfSQXxp'}
RECEIVED TOKEN: eyJhbGciOiJIUzI1NiIsInR5cCI6IkpXVCJ9.eyJleHAiOjE3OTA4NDczMjYsInN1YiI6InVzZXJfM0hyd216MDhCT09yRTVYQnJhU01xZlNRWHhwIn0.khiFzMCbjZLX9freprXaJib6n2axAqT9Y9hdXWTOQRU
DECODED PAYLOAD: {'exp': 1790847326, 'sub': 'user_3Hrwmz08BOOrE5XBraSMqfSQXxp'}
GET_CURRENT_USER: user_3Hrwmz08BOOrE5XBraSMqfSQXxp -> <app.models.core.User object at 0x000001EC0E4A5940>
GET_CURRENT_USER: user_3Hrwmz08BOOrE5XBraSMqfSQXxp -> <app.models.core.User object at 0x000001EC0CEEE3F0>
RECEIVED TOKEN: eyJhbGciOiJIUzI1NiIsInR5cCI6IkpXVCJ9.eyJleHAiOjE3OTA4NDczMjYsInN1YiI6InVzZXJfM0hyd216MDhCT09yRTVYQnJhU01xZlNRWHhwIn0.khiFzMCbjZLX9freprXaJib6n2axAqT9Y9hdXWTOQRU
DECODED PAYLOAD: {'exp': 1790847326, 'sub': 'user_3Hrwmz08BOOrE5XBraSMqfSQXxp'}
RECEIVED TOKEN: eyJhbGciOiJIUzI1NiIsInR5cCI6IkpXVCJ9.eyJleHAiOjE3OTA4NDczMjYsInN1YiI6InVzZXJfM0hyd216MDhCT09yRTVYQnJhU01xZlNRWHhwIn0.khiFzMCbjZLX9freprXaJib6n2axAqT9Y9hdXWTOQRU
DECODED PAYLOAD: {'exp': 1790847326, 'sub': 'user_3Hrwmz08BOOrE5XBraSMqfSQXxp'}
GET_CURRENT_USER: user_3Hrwmz08BOOrE5XBraSMqfSQXxp -> <app.models.core.User object at 0x000001EC0E4A5480>
GET_CURRENT_USER: user_3Hrwmz08BOOrE5XBraSMqfSQXxp -> <app.models.core.User object at 0x000001EC0E4A49D0>
RECEIVED TOKEN: eyJhbGciOiJIUzI1NiIsInR5cCI6IkpXVCJ9.eyJleHAiOjE3OTA4NDczMjYsInN1YiI6InVzZXJfM0hyd216MDhCT09yRTVYQnJhU01xZlNRWHhwIn0.khiFzMCbjZLX9freprXaJib6n2axAqT9Y9hdXWTOQRU
DECODED PAYLOAD: {'exp': 1790847326, 'sub': 'user_3Hrwmz08BOOrE5XBraSMqfSQXxp'}
RECEIVED TOKEN: eyJhbGciOiJIUzI1NiIsInR5cCI6IkpXVCJ9.eyJleHAiOjE3OTA4NDczMjYsInN1YiI6InVzZXJfM0hyd216MDhCT09yRTVYQnJhU01xZlNRWHhwIn0.khiFzMCbjZLX9freprXaJib6n2axAqT9Y9hdXWTOQRU
DECODED PAYLOAD: {'exp': 1790847326, 'sub': 'user_3Hrwmz08BOOrE5XBraSMqfSQXxp'}
GET_CURRENT_USER: user_3Hrwmz08BOOrE5XBraSMqfSQXxp -> <app.models.core.User object at 0x000001EC0D43DA70>
GET_CURRENT_USER: user_3Hrwmz08BOOrE5XBraSMqfSQXxp -> <app.models.core.User object at 0x000001EC0D43DA70>
RECEIVED TOKEN: eyJhbGciOiJIUzI1NiIsInR5cCI6IkpXVCJ9.eyJleHAiOjE3OTA4NDczMjYsInN1YiI6InVzZXJfM0hyd216MDhCT09yRTVYQnJhU01xZlNRWHhwIn0.khiFzMCbjZLX9freprXaJib6n2axAqT9Y9hdXWTOQRU
DECODED PAYLOAD: {'exp': 1790847326, 'sub': 'user_3Hrwmz08BOOrE5XBraSMqfSQXxp'}
RECEIVED TOKEN: eyJhbGciOiJIUzI1NiIsInR5cCI6IkpXVCJ9.eyJleHAiOjE3OTA4NDczMjYsInN1YiI6InVzZXJfM0hyd216MDhCT09yRTVYQnJhU01xZlNRWHhwIn0.khiFzMCbjZLX9freprXaJib6n2axAqT9Y9hdXWTOQRU
DECODED PAYLOAD: {'exp': 1790847326, 'sub': 'user_3Hrwmz08BOOrE5XBraSMqfSQXxp'}
GET_CURRENT_USER: user_3Hrwmz08BOOrE5XBraSMqfSQXxp -> <app.models.core.User object at 0x000001EC0E4A5E00>
GET_CURRENT_USER: user_3Hrwmz08BOOrE5XBraSMqfSQXxp -> <app.models.core.User object at 0x000001EC0D386780>
RECEIVED TOKEN: eyJhbGciOiJIUzI1NiIsInR5cCI6IkpXVCJ9.eyJleHAiOjE3OTA4NDczMjYsInN1YiI6InVzZXJfM0hyd216MDhCT09yRTVYQnJhU01xZlNRWHhwIn0.khiFzMCbjZLX9freprXaJib6n2axAqT9Y9hdXWTOQRU
DECODED PAYLOAD: {'exp': 1790847326, 'sub': 'user_3Hrwmz08BOOrE5XBraSMqfSQXxp'}
RECEIVED TOKEN: eyJhbGciOiJIUzI1NiIsInR5cCI6IkpXVCJ9.eyJleHAiOjE3OTA4NDczMjYsInN1YiI6InVzZXJfM0hyd216MDhCT09yRTVYQnJhU01xZlNRWHhwIn0.khiFzMCbjZLX9freprXaJib6n2axAqT9Y9hdXWTOQRU
DECODED PAYLOAD: {'exp': 1790847326, 'sub': 'user_3Hrwmz08BOOrE5XBraSMqfSQXxp'}
GET_CURRENT_USER: user_3Hrwmz08BOOrE5XBraSMqfSQXxp -> <app.models.core.User object at 0x000001EC0E4A7360>
RECEIVED TOKEN: eyJhbGciOiJIUzI1NiIsInR5cCI6IkpXVCJ9.eyJleHAiOjE3OTA4NDczMjYsInN1YiI6InVzZXJfM0hyd216MDhCT09yRTVYQnJhU01xZlNRWHhwIn0.khiFzMCbjZLX9freprXaJib6n2axAqT9Y9hdXWTOQRU
DECODED PAYLOAD: {'exp': 1790847326, 'sub': 'user_3Hrwmz08BOOrE5XBraSMqfSQXxp'}
GET_CURRENT_USER: user_3Hrwmz08BOOrE5XBraSMqfSQXxp -> <app.models.core.User object at 0x000001EC0D384FC0>
RECEIVED TOKEN: eyJhbGciOiJIUzI1NiIsInR5cCI6IkpXVCJ9.eyJleHAiOjE3OTA4NDczMjYsInN1YiI6InVzZXJfM0hyd216MDhCT09yRTVYQnJhU01xZlNRWHhwIn0.khiFzMCbjZLX9freprXaJib6n2axAqT9Y9hdXWTOQRU
DECODED PAYLOAD: {'exp': 1790847326, 'sub': 'user_3Hrwmz08BOOrE5XBraSMqfSQXxp'}
GET_CURRENT_USER: user_3Hrwmz08BOOrE5XBraSMqfSQXxp -> <app.models.core.User object at 0x000001EC0E4A7360>
RECEIVED TOKEN: eyJhbGciOiJIUzI1NiIsInR5cCI6IkpXVCJ9.eyJleHAiOjE3OTA4NDczMjYsInN1YiI6InVzZXJfM0hyd216MDhCT09yRTVYQnJhU01xZlNRWHhwIn0.khiFzMCbjZLX9freprXaJib6n2axAqT9Y9hdXWTOQRU
DECODED PAYLOAD: {'exp': 1790847326, 'sub': 'user_3Hrwmz08BOOrE5XBraSMqfSQXxp'}
RECEIVED TOKEN: eyJhbGciOiJIUzI1NiIsInR5cCI6IkpXVCJ9.eyJleHAiOjE3OTA4NDczMjYsInN1YiI6InVzZXJfM0hyd216MDhCT09yRTVYQnJhU01xZlNRWHhwIn0.khiFzMCbjZLX9freprXaJib6n2axAqT9Y9hdXWTOQRU
DECODED PAYLOAD: {'exp': 1790847326, 'sub': 'user_3Hrwmz08BOOrE5XBraSMqfSQXxp'}
GET_CURRENT_USER: user_3Hrwmz08BOOrE5XBraSMqfSQXxp -> <app.models.core.User object at 0x000001EC0D43DA70>
GET_CURRENT_USER: user_3Hrwmz08BOOrE5XBraSMqfSQXxp -> <app.models.core.User object at 0x000001EC0CEED940>
RECEIVED TOKEN: eyJhbGciOiJIUzI1NiIsInR5cCI6IkpXVCJ9.eyJleHAiOjE3OTA4NDczMjYsInN1YiI6InVzZXJfM0hyd216MDhCT09yRTVYQnJhU01xZlNRWHhwIn0.khiFzMCbjZLX9freprXaJib6n2axAqT9Y9hdXWTOQRU
DECODED PAYLOAD: {'exp': 1790847326, 'sub': 'user_3Hrwmz08BOOrE5XBraSMqfSQXxp'}
GET_CURRENT_USER: user_3Hrwmz08BOOrE5XBraSMqfSQXxp -> <app.models.core.User object at 0x0000018F31DEC7D0>
RECEIVED TOKEN: eyJhbGciOiJIUzI1NiIsInR5cCI6IkpXVCJ9.eyJleHAiOjE3OTA4NDczMjYsInN1YiI6InVzZXJfM0hyd216MDhCT09yRTVYQnJhU01xZlNRWHhwIn0.khiFzMCbjZLX9freprXaJib6n2axAqT9Y9hdXWTOQRU
DECODED PAYLOAD: {'exp': 1790847326, 'sub': 'user_3Hrwmz08BOOrE5XBraSMqfSQXxp'}
GET_CURRENT_USER: user_3Hrwmz08BOOrE5XBraSMqfSQXxp -> <app.models.core.User object at 0x0000018F31E00E90>
RECEIVED TOKEN: eyJhbGciOiJIUzI1NiIsInR5cCI6IkpXVCJ9.eyJleHAiOjE3OTA4NDczMjYsInN1YiI6InVzZXJfM0hyd216MDhCT09yRTVYQnJhU01xZlNRWHhwIn0.khiFzMCbjZLX9freprXaJib6n2axAqT9Y9hdXWTOQRU
DECODED PAYLOAD: {'exp': 1790847326, 'sub': 'user_3Hrwmz08BOOrE5XBraSMqfSQXxp'}
GET_CURRENT_USER: user_3Hrwmz08BOOrE5XBraSMqfSQXxp -> <app.models.core.User object at 0x0000018F3303C940>
RECEIVED TOKEN: eyJhbGciOiJIUzI1NiIsInR5cCI6IkpXVCJ9.eyJleHAiOjE3OTA4NDczMjYsInN1YiI6InVzZXJfM0hyd216MDhCT09yRTVYQnJhU01xZlNRWHhwIn0.khiFzMCbjZLX9freprXaJib6n2axAqT9Y9hdXWTOQRU
DECODED PAYLOAD: {'exp': 1790847326, 'sub': 'user_3Hrwmz08BOOrE5XBraSMqfSQXxp'}
GET_CURRENT_USER: user_3Hrwmz08BOOrE5XBraSMqfSQXxp -> <app.models.core.User object at 0x0000018F3303CD50>
RECEIVED TOKEN: eyJhbGciOiJIUzI1NiIsInR5cCI6IkpXVCJ9.eyJleHAiOjE3OTA4NDczMjYsInN1YiI6InVzZXJfM0hyd216MDhCT09yRTVYQnJhU01xZlNRWHhwIn0.khiFzMCbjZLX9freprXaJib6n2axAqT9Y9hdXWTOQRU
DECODED PAYLOAD: {'exp': 1790847326, 'sub': 'user_3Hrwmz08BOOrE5XBraSMqfSQXxp'}
GET_CURRENT_USER: user_3Hrwmz08BOOrE5XBraSMqfSQXxp -> <app.models.core.User object at 0x0000018F330736C0>
RECEIVED TOKEN: eyJhbGciOiJIUzI1NiIsInR5cCI6IkpXVCJ9.eyJleHAiOjE3OTA4NDczMjYsInN1YiI6InVzZXJfM0hyd216MDhCT09yRTVYQnJhU01xZlNRWHhwIn0.khiFzMCbjZLX9freprXaJib6n2axAqT9Y9hdXWTOQRU
DECODED PAYLOAD: {'exp': 1790847326, 'sub': 'user_3Hrwmz08BOOrE5XBraSMqfSQXxp'}
GET_CURRENT_USER: user_3Hrwmz08BOOrE5XBraSMqfSQXxp -> <app.models.core.User object at 0x0000018F32E507A0>
RECEIVED TOKEN: eyJhbGciOiJIUzI1NiIsInR5cCI6IkpXVCJ9.eyJleHAiOjE3OTA4NDczMjYsInN1YiI6InVzZXJfM0hyd216MDhCT09yRTVYQnJhU01xZlNRWHhwIn0.khiFzMCbjZLX9freprXaJib6n2axAqT9Y9hdXWTOQRU
DECODED PAYLOAD: {'exp': 1790847326, 'sub': 'user_3Hrwmz08BOOrE5XBraSMqfSQXxp'}
GET_CURRENT_USER: user_3Hrwmz08BOOrE5XBraSMqfSQXxp -> <app.models.core.User object at 0x0000018F33070390>
RECEIVED TOKEN: eyJhbGciOiJIUzI1NiIsInR5cCI6IkpXVCJ9.eyJleHAiOjE3OTA4NDczMjYsInN1YiI6InVzZXJfM0hyd216MDhCT09yRTVYQnJhU01xZlNRWHhwIn0.khiFzMCbjZLX9freprXaJib6n2axAqT9Y9hdXWTOQRU
DECODED PAYLOAD: {'exp': 1790847326, 'sub': 'user_3Hrwmz08BOOrE5XBraSMqfSQXxp'}
GET_CURRENT_USER: user_3Hrwmz08BOOrE5XBraSMqfSQXxp -> <app.models.core.User object at 0x0000018F33070940>
RECEIVED TOKEN: eyJhbGciOiJIUzI1NiIsInR5cCI6IkpXVCJ9.eyJleHAiOjE3OTA4NDczMjYsInN1YiI6InVzZXJfM0hyd216MDhCT09yRTVYQnJhU01xZlNRWHhwIn0.khiFzMCbjZLX9freprXaJib6n2axAqT9Y9hdXWTOQRU
DECODED PAYLOAD: {'exp': 1790847326, 'sub': 'user_3Hrwmz08BOOrE5XBraSMqfSQXxp'}
RECEIVED TOKEN: eyJhbGciOiJIUzI1NiIsInR5cCI6IkpXVCJ9.eyJleHAiOjE3OTA4NDczMjYsInN1YiI6InVzZXJfM0hyd216MDhCT09yRTVYQnJhU01xZlNRWHhwIn0.khiFzMCbjZLX9freprXaJib6n2axAqT9Y9hdXWTOQRU
DECODED PAYLOAD: {'exp': 1790847326, 'sub': 'user_3Hrwmz08BOOrE5XBraSMqfSQXxp'}
GET_CURRENT_USER: user_3Hrwmz08BOOrE5XBraSMqfSQXxp -> <app.models.core.User object at 0x0000018F3316B930>
GET_CURRENT_USER: user_3Hrwmz08BOOrE5XBraSMqfSQXxp -> <app.models.core.User object at 0x0000018F3316BAD0>
RECEIVED TOKEN: eyJhbGciOiJIUzI1NiIsInR5cCI6IkpXVCJ9.eyJleHAiOjE3OTA4NDczMjYsInN1YiI6InVzZXJfM0hyd216MDhCT09yRTVYQnJhU01xZlNRWHhwIn0.khiFzMCbjZLX9freprXaJib6n2axAqT9Y9hdXWTOQRU
DECODED PAYLOAD: {'exp': 1790847326, 'sub': 'user_3Hrwmz08BOOrE5XBraSMqfSQXxp'}
GET_CURRENT_USER: user_3Hrwmz08BOOrE5XBraSMqfSQXxp -> <app.models.core.User object at 0x0000018F3303D4A0>
RECEIVED TOKEN: eyJhbGciOiJIUzI1NiIsInR5cCI6IkpXVCJ9.eyJleHAiOjE3OTA4NDczMjYsInN1YiI6InVzZXJfM0hyd216MDhCT09yRTVYQnJhU01xZlNRWHhwIn0.khiFzMCbjZLX9freprXaJib6n2axAqT9Y9hdXWTOQRU
DECODED PAYLOAD: {'exp': 1790847326, 'sub': 'user_3Hrwmz08BOOrE5XBraSMqfSQXxp'}
GET_CURRENT_USER: user_3Hrwmz08BOOrE5XBraSMqfSQXxp -> <app.models.core.User object at 0x0000018F32E53BA0>
RECEIVED TOKEN: eyJhbGciOiJIUzI1NiIsInR5cCI6IkpXVCJ9.eyJleHAiOjE3OTA4NDczMjYsInN1YiI6InVzZXJfM0hyd216MDhCT09yRTVYQnJhU01xZlNRWHhwIn0.khiFzMCbjZLX9freprXaJib6n2axAqT9Y9hdXWTOQRU
DECODED PAYLOAD: {'exp': 1790847326, 'sub': 'user_3Hrwmz08BOOrE5XBraSMqfSQXxp'}
GET_CURRENT_USER: user_3Hrwmz08BOOrE5XBraSMqfSQXxp -> <app.models.core.User object at 0x0000018F330E4390>
RECEIVED TOKEN: eyJhbGciOiJIUzI1NiIsInR5cCI6IkpXVCJ9.eyJleHAiOjE3OTA4NDczMjYsInN1YiI6InVzZXJfM0hyd216MDhCT09yRTVYQnJhU01xZlNRWHhwIn0.khiFzMCbjZLX9freprXaJib6n2axAqT9Y9hdXWTOQRU
DECODED PAYLOAD: {'exp': 1790847326, 'sub': 'user_3Hrwmz08BOOrE5XBraSMqfSQXxp'}
GET_CURRENT_USER: user_3Hrwmz08BOOrE5XBraSMqfSQXxp -> <app.models.core.User object at 0x0000018F330E4C80>
RECEIVED TOKEN: eyJhbGciOiJIUzI1NiIsInR5cCI6IkpXVCJ9.eyJleHAiOjE3OTA4NDczMjYsInN1YiI6InVzZXJfM0hyd216MDhCT09yRTVYQnJhU01xZlNRWHhwIn0.khiFzMCbjZLX9freprXaJib6n2axAqT9Y9hdXWTOQRU
DECODED PAYLOAD: {'exp': 1790847326, 'sub': 'user_3Hrwmz08BOOrE5XBraSMqfSQXxp'}
RECEIVED TOKEN: eyJhbGciOiJIUzI1NiIsInR5cCI6IkpXVCJ9.eyJleHAiOjE3OTA4NDczMjYsInN1YiI6InVzZXJfM0hyd216MDhCT09yRTVYQnJhU01xZlNRWHhwIn0.khiFzMCbjZLX9freprXaJib6n2axAqT9Y9hdXWTOQRU
DECODED PAYLOAD: {'exp': 1790847326, 'sub': 'user_3Hrwmz08BOOrE5XBraSMqfSQXxp'}
GET_CURRENT_USER: user_3Hrwmz08BOOrE5XBraSMqfSQXxp -> <app.models.core.User object at 0x000002A537EA7ED0>
GET_CURRENT_USER: user_3Hrwmz08BOOrE5XBraSMqfSQXxp -> <app.models.core.User object at 0x000002A537EA7ED0>
RECEIVED TOKEN: eyJhbGciOiJIUzI1NiIsInR5cCI6IkpXVCJ9.eyJleHAiOjE3OTA4NDczMjYsInN1YiI6InVzZXJfM0hyd216MDhCT09yRTVYQnJhU01xZlNRWHhwIn0.khiFzMCbjZLX9freprXaJib6n2axAqT9Y9hdXWTOQRU
DECODED PAYLOAD: {'exp': 1790847326, 'sub': 'user_3Hrwmz08BOOrE5XBraSMqfSQXxp'}
RECEIVED TOKEN: eyJhbGciOiJIUzI1NiIsInR5cCI6IkpXVCJ9.eyJleHAiOjE3OTA4NDczMjYsInN1YiI6InVzZXJfM0hyd216MDhCT09yRTVYQnJhU01xZlNRWHhwIn0.khiFzMCbjZLX9freprXaJib6n2axAqT9Y9hdXWTOQRU
DECODED PAYLOAD: {'exp': 1790847326, 'sub': 'user_3Hrwmz08BOOrE5XBraSMqfSQXxp'}
GET_CURRENT_USER: user_3Hrwmz08BOOrE5XBraSMqfSQXxp -> <app.models.core.User object at 0x000002A538F62000>
RECEIVED TOKEN: eyJhbGciOiJIUzI1NiIsInR5cCI6IkpXVCJ9.eyJleHAiOjE3OTA4NDczMjYsInN1YiI6InVzZXJfM0hyd216MDhCT09yRTVYQnJhU01xZlNRWHhwIn0.khiFzMCbjZLX9freprXaJib6n2axAqT9Y9hdXWTOQRU
DECODED PAYLOAD: {'exp': 1790847326, 'sub': 'user_3Hrwmz08BOOrE5XBraSMqfSQXxp'}
GET_CURRENT_USER: user_3Hrwmz08BOOrE5XBraSMqfSQXxp -> <app.models.core.User object at 0x000002A538F61570>
RECEIVED TOKEN: eyJhbGciOiJIUzI1NiIsInR5cCI6IkpXVCJ9.eyJleHAiOjE3OTA4NDczMjYsInN1YiI6InVzZXJfM0hyd216MDhCT09yRTVYQnJhU01xZlNRWHhwIn0.khiFzMCbjZLX9freprXaJib6n2axAqT9Y9hdXWTOQRU
DECODED PAYLOAD: {'exp': 1790847326, 'sub': 'user_3Hrwmz08BOOrE5XBraSMqfSQXxp'}
GET_CURRENT_USER: user_3Hrwmz08BOOrE5XBraSMqfSQXxp -> <app.models.core.User object at 0x000002A537EAE270>
REQUIRE_ADMIN: user_3Hrwmz08BOOrE5XBraSMqfSQXxp -> admin
RECEIVED TOKEN: eyJhbGciOiJIUzI1NiIsInR5cCI6IkpXVCJ9.eyJleHAiOjE3OTA4NDczMjYsInN1YiI6InVzZXJfM0hyd216MDhCT09yRTVYQnJhU01xZlNRWHhwIn0.khiFzMCbjZLX9freprXaJib6n2axAqT9Y9hdXWTOQRU
DECODED PAYLOAD: {'exp': 1790847326, 'sub': 'user_3Hrwmz08BOOrE5XBraSMqfSQXxp'}
GET_CURRENT_USER: user_3Hrwmz08BOOrE5XBraSMqfSQXxp -> <app.models.core.User object at 0x000002A538F63520>
REQUIRE_ADMIN: user_3Hrwmz08BOOrE5XBraSMqfSQXxp -> admin
RECEIVED TOKEN: eyJhbGciOiJIUzI1NiIsInR5cCI6IkpXVCJ9.eyJleHAiOjE3OTA4NDczMjYsInN1YiI6InVzZXJfM0hyd216MDhCT09yRTVYQnJhU01xZlNRWHhwIn0.khiFzMCbjZLX9freprXaJib6n2axAqT9Y9hdXWTOQRU
DECODED PAYLOAD: {'exp': 1790847326, 'sub': 'user_3Hrwmz08BOOrE5XBraSMqfSQXxp'}
RECEIVED TOKEN: eyJhbGciOiJIUzI1NiIsInR5cCI6IkpXVCJ9.eyJleHAiOjE3OTA4NDczMjYsInN1YiI6InVzZXJfM0hyd216MDhCT09yRTVYQnJhU01xZlNRWHhwIn0.khiFzMCbjZLX9freprXaJib6n2axAqT9Y9hdXWTOQRU
DECODED PAYLOAD: {'exp': 1790847326, 'sub': 'user_3Hrwmz08BOOrE5XBraSMqfSQXxp'}
GET_CURRENT_USER: user_3Hrwmz08BOOrE5XBraSMqfSQXxp -> <app.models.core.User object at 0x00000233084A1F90>
RECEIVED TOKEN: eyJhbGciOiJIUzI1NiIsInR5cCI6IkpXVCJ9.eyJleHAiOjE3OTA4NDczMjYsInN1YiI6InVzZXJfM0hyd216MDhCT09yRTVYQnJhU01xZlNRWHhwIn0.khiFzMCbjZLX9freprXaJib6n2axAqT9Y9hdXWTOQRU
DECODED PAYLOAD: {'exp': 1790847326, 'sub': 'user_3Hrwmz08BOOrE5XBraSMqfSQXxp'}
GET_CURRENT_USER: user_3Hrwmz08BOOrE5XBraSMqfSQXxp -> <app.models.core.User object at 0x00000233084A1A90>
REQUIRE_ADMIN: user_3Hrwmz08BOOrE5XBraSMqfSQXxp -> admin
RECEIVED TOKEN: eyJhbGciOiJIUzI1NiIsInR5cCI6IkpXVCJ9.eyJleHAiOjE3OTA4NDczMjYsInN1YiI6InVzZXJfM0hyd216MDhCT09yRTVYQnJhU01xZlNRWHhwIn0.khiFzMCbjZLX9freprXaJib6n2axAqT9Y9hdXWTOQRU
DECODED PAYLOAD: {'exp': 1790847326, 'sub': 'user_3Hrwmz08BOOrE5XBraSMqfSQXxp'}
GET_CURRENT_USER: user_3Hrwmz08BOOrE5XBraSMqfSQXxp -> <app.models.core.User object at 0x000001F9C8D9C830>
REQUIRE_ADMIN: user_3Hrwmz08BOOrE5XBraSMqfSQXxp -> admin
RECEIVED TOKEN: eyJhbGciOiJIUzI1NiIsInR5cCI6IkpXVCJ9.eyJleHAiOjE3OTA4NDczMjYsInN1YiI6InVzZXJfM0hyd216MDhCT09yRTVYQnJhU01xZlNRWHhwIn0.khiFzMCbjZLX9freprXaJib6n2axAqT9Y9hdXWTOQRU
DECODED PAYLOAD: {'exp': 1790847326, 'sub': 'user_3Hrwmz08BOOrE5XBraSMqfSQXxp'}
RECEIVED TOKEN: eyJhbGciOiJIUzI1NiIsInR5cCI6IkpXVCJ9.eyJleHAiOjE3OTA4NDczMjYsInN1YiI6InVzZXJfM0hyd216MDhCT09yRTVYQnJhU01xZlNRWHhwIn0.khiFzMCbjZLX9freprXaJib6n2axAqT9Y9hdXWTOQRU
DECODED PAYLOAD: {'exp': 1790847326, 'sub': 'user_3Hrwmz08BOOrE5XBraSMqfSQXxp'}
GET_CURRENT_USER: user_3Hrwmz08BOOrE5XBraSMqfSQXxp -> <app.models.core.User object at 0x000001A3FF96DA90>
RECEIVED TOKEN: eyJhbGciOiJIUzI1NiIsInR5cCI6IkpXVCJ9.eyJleHAiOjE3OTA4NDczMjYsInN1YiI6InVzZXJfM0hyd216MDhCT09yRTVYQnJhU01xZlNRWHhwIn0.khiFzMCbjZLX9freprXaJib6n2axAqT9Y9hdXWTOQRU
DECODED PAYLOAD: {'exp': 1790847326, 'sub': 'user_3Hrwmz08BOOrE5XBraSMqfSQXxp'}
RECEIVED TOKEN: eyJhbGciOiJIUzI1NiIsInR5cCI6IkpXVCJ9.eyJleHAiOjE3OTA4NDczMjYsInN1YiI6InVzZXJfM0hyd216MDhCT09yRTVYQnJhU01xZlNRWHhwIn0.khiFzMCbjZLX9freprXaJib6n2axAqT9Y9hdXWTOQRU
DECODED PAYLOAD: {'exp': 1790847326, 'sub': 'user_3Hrwmz08BOOrE5XBraSMqfSQXxp'}
GET_CURRENT_USER: user_3Hrwmz08BOOrE5XBraSMqfSQXxp -> <app.models.core.User object at 0x000001A3FF913BB0>
RECEIVED TOKEN: eyJhbGciOiJIUzI1NiIsInR5cCI6IkpXVCJ9.eyJleHAiOjE3OTA4NDczMjYsInN1YiI6InVzZXJfM0hyd216MDhCT09yRTVYQnJhU01xZlNRWHhwIn0.khiFzMCbjZLX9freprXaJib6n2axAqT9Y9hdXWTOQRU
DECODED PAYLOAD: {'exp': 1790847326, 'sub': 'user_3Hrwmz08BOOrE5XBraSMqfSQXxp'}
RECEIVED TOKEN: eyJhbGciOiJIUzI1NiIsInR5cCI6IkpXVCJ9.eyJleHAiOjE3OTA4NDczMjYsInN1YiI6InVzZXJfM0hyd216MDhCT09yRTVYQnJhU01xZlNRWHhwIn0.khiFzMCbjZLX9freprXaJib6n2axAqT9Y9hdXWTOQRU
DECODED PAYLOAD: {'exp': 1790847326, 'sub': 'user_3Hrwmz08BOOrE5XBraSMqfSQXxp'}
GET_CURRENT_USER: user_3Hrwmz08BOOrE5XBraSMqfSQXxp -> <app.models.core.User object at 0x000001DE1602E990>
RECEIVED TOKEN: eyJhbGciOiJIUzI1NiIsInR5cCI6IkpXVCJ9.eyJleHAiOjE3OTA4NDczMjYsInN1YiI6InVzZXJfM0hyd216MDhCT09yRTVYQnJhU01xZlNRWHhwIn0.khiFzMCbjZLX9freprXaJib6n2axAqT9Y9hdXWTOQRU
DECODED PAYLOAD: {'exp': 1790847326, 'sub': 'user_3Hrwmz08BOOrE5XBraSMqfSQXxp'}
RECEIVED TOKEN: eyJhbGciOiJIUzI1NiIsInR5cCI6IkpXVCJ9.eyJleHAiOjE3OTA4NDczMjYsInN1YiI6InVzZXJfM0hyd216MDhCT09yRTVYQnJhU01xZlNRWHhwIn0.khiFzMCbjZLX9freprXaJib6n2axAqT9Y9hdXWTOQRU
DECODED PAYLOAD: {'exp': 1790847326, 'sub': 'user_3Hrwmz08BOOrE5XBraSMqfSQXxp'}
GET_CURRENT_USER: user_3Hrwmz08BOOrE5XBraSMqfSQXxp -> <app.models.core.User object at 0x000001DE17290770>
RECEIVED TOKEN: eyJhbGciOiJIUzI1NiIsInR5cCI6IkpXVCJ9.eyJleHAiOjE3OTA4NDczMjYsInN1YiI6InVzZXJfM0hyd216MDhCT09yRTVYQnJhU01xZlNRWHhwIn0.khiFzMCbjZLX9freprXaJib6n2axAqT9Y9hdXWTOQRU
DECODED PAYLOAD: {'exp': 1790847326, 'sub': 'user_3Hrwmz08BOOrE5XBraSMqfSQXxp'}
GET_CURRENT_USER: user_3Hrwmz08BOOrE5XBraSMqfSQXxp -> <app.models.core.User object at 0x000001E48F552CF0>
RECEIVED TOKEN: eyJhbGciOiJIUzI1NiIsInR5cCI6IkpXVCJ9.eyJleHAiOjE3OTA4NDczMjYsInN1YiI6InVzZXJfM0hyd216MDhCT09yRTVYQnJhU01xZlNRWHhwIn0.khiFzMCbjZLX9freprXaJib6n2axAqT9Y9hdXWTOQRU
DECODED PAYLOAD: {'exp': 1790847326, 'sub': 'user_3Hrwmz08BOOrE5XBraSMqfSQXxp'}
RECEIVED TOKEN: eyJhbGciOiJIUzI1NiIsInR5cCI6IkpXVCJ9.eyJleHAiOjE3OTA4NDczMjYsInN1YiI6InVzZXJfM0hyd216MDhCT09yRTVYQnJhU01xZlNRWHhwIn0.khiFzMCbjZLX9freprXaJib6n2axAqT9Y9hdXWTOQRU
DECODED PAYLOAD: {'exp': 1790847326, 'sub': 'user_3Hrwmz08BOOrE5XBraSMqfSQXxp'}
GET_CURRENT_USER: user_3Hrwmz08BOOrE5XBraSMqfSQXxp -> <app.models.core.User object at 0x000001E4911D25D0>
RECEIVED TOKEN: eyJhbGciOiJIUzI1NiIsInR5cCI6IkpXVCJ9.eyJleHAiOjE3OTA4NDczMjYsInN1YiI6InVzZXJfM0hyd216MDhCT09yRTVYQnJhU01xZlNRWHhwIn0.khiFzMCbjZLX9freprXaJib6n2axAqT9Y9hdXWTOQRU
DECODED PAYLOAD: {'exp': 1790847326, 'sub': 'user_3Hrwmz08BOOrE5XBraSMqfSQXxp'}
RECEIVED TOKEN: eyJhbGciOiJIUzI1NiIsInR5cCI6IkpXVCJ9.eyJleHAiOjE3OTA4NDczMjYsInN1YiI6InVzZXJfM0hyd216MDhCT09yRTVYQnJhU01xZlNRWHhwIn0.khiFzMCbjZLX9freprXaJib6n2axAqT9Y9hdXWTOQRU
DECODED PAYLOAD: {'exp': 1790847326, 'sub': 'user_3Hrwmz08BOOrE5XBraSMqfSQXxp'}
GET_CURRENT_USER: user_3Hrwmz08BOOrE5XBraSMqfSQXxp -> <app.models.core.User object at 0x000001E49120EC40>
RECEIVED TOKEN: eyJhbGciOiJIUzI1NiIsInR5cCI6IkpXVCJ9.eyJleHAiOjE3OTA4NDczMjYsInN1YiI6InVzZXJfM0hyd216MDhCT09yRTVYQnJhU01xZlNRWHhwIn0.khiFzMCbjZLX9freprXaJib6n2axAqT9Y9hdXWTOQRU
DECODED PAYLOAD: {'exp': 1790847326, 'sub': 'user_3Hrwmz08BOOrE5XBraSMqfSQXxp'}
GET_CURRENT_USER: user_3Hrwmz08BOOrE5XBraSMqfSQXxp -> <app.models.core.User object at 0x000001E4913403B0>
REQUIRE_ADMIN: user_3Hrwmz08BOOrE5XBraSMqfSQXxp -> admin
RECEIVED TOKEN: eyJhbGciOiJIUzI1NiIsInR5cCI6IkpXVCJ9.eyJleHAiOjE3OTA4NDczMjYsInN1YiI6InVzZXJfM0hyd216MDhCT09yRTVYQnJhU01xZlNRWHhwIn0.khiFzMCbjZLX9freprXaJib6n2axAqT9Y9hdXWTOQRU
DECODED PAYLOAD: {'exp': 1790847326, 'sub': 'user_3Hrwmz08BOOrE5XBraSMqfSQXxp'}
GET_CURRENT_USER: user_3Hrwmz08BOOrE5XBraSMqfSQXxp -> <app.models.core.User object at 0x000001E491249150>
REQUIRE_ADMIN: user_3Hrwmz08BOOrE5XBraSMqfSQXxp -> admin
RECEIVED TOKEN: eyJhbGciOiJIUzI1NiIsInR5cCI6IkpXVCJ9.eyJleHAiOjE3OTA4NDczMjYsInN1YiI6InVzZXJfM0hyd216MDhCT09yRTVYQnJhU01xZlNRWHhwIn0.khiFzMCbjZLX9freprXaJib6n2axAqT9Y9hdXWTOQRU
DECODED PAYLOAD: {'exp': 1790847326, 'sub': 'user_3Hrwmz08BOOrE5XBraSMqfSQXxp'}
RECEIVED TOKEN: eyJhbGciOiJIUzI1NiIsInR5cCI6IkpXVCJ9.eyJleHAiOjE3OTA4NDczMjYsInN1YiI6InVzZXJfM0hyd216MDhCT09yRTVYQnJhU01xZlNRWHhwIn0.khiFzMCbjZLX9freprXaJib6n2axAqT9Y9hdXWTOQRU
DECODED PAYLOAD: {'exp': 1790847326, 'sub': 'user_3Hrwmz08BOOrE5XBraSMqfSQXxp'}
GET_CURRENT_USER: user_3Hrwmz08BOOrE5XBraSMqfSQXxp -> <app.models.core.User object at 0x000001E49132F550>
RECEIVED TOKEN: eyJhbGciOiJIUzI1NiIsInR5cCI6IkpXVCJ9.eyJleHAiOjE3OTA4NDczMjYsInN1YiI6InVzZXJfM0hyd216MDhCT09yRTVYQnJhU01xZlNRWHhwIn0.khiFzMCbjZLX9freprXaJib6n2axAqT9Y9hdXWTOQRU
DECODED PAYLOAD: {'exp': 1790847326, 'sub': 'user_3Hrwmz08BOOrE5XBraSMqfSQXxp'}
RECEIVED TOKEN: eyJhbGciOiJIUzI1NiIsInR5cCI6IkpXVCJ9.eyJleHAiOjE3OTA4NDczMjYsInN1YiI6InVzZXJfM0hyd216MDhCT09yRTVYQnJhU01xZlNRWHhwIn0.khiFzMCbjZLX9freprXaJib6n2axAqT9Y9hdXWTOQRU
DECODED PAYLOAD: {'exp': 1790847326, 'sub': 'user_3Hrwmz08BOOrE5XBraSMqfSQXxp'}
GET_CURRENT_USER: user_3Hrwmz08BOOrE5XBraSMqfSQXxp -> <app.models.core.User object at 0x000001E491264500>
RECEIVED TOKEN: eyJhbGciOiJIUzI1NiIsInR5cCI6IkpXVCJ9.eyJleHAiOjE3OTA4NDczMjYsInN1YiI6InVzZXJfM0hyd216MDhCT09yRTVYQnJhU01xZlNRWHhwIn0.khiFzMCbjZLX9freprXaJib6n2axAqT9Y9hdXWTOQRU
DECODED PAYLOAD: {'exp': 1790847326, 'sub': 'user_3Hrwmz08BOOrE5XBraSMqfSQXxp'}
GET_CURRENT_USER: user_3Hrwmz08BOOrE5XBraSMqfSQXxp -> <app.models.core.User object at 0x000001E4913DED50>
RECEIVED TOKEN: eyJhbGciOiJIUzI1NiIsInR5cCI6IkpXVCJ9.eyJleHAiOjE3OTA4NDczMjYsInN1YiI6InVzZXJfM0hyd216MDhCT09yRTVYQnJhU01xZlNRWHhwIn0.khiFzMCbjZLX9freprXaJib6n2axAqT9Y9hdXWTOQRU
DECODED PAYLOAD: {'exp': 1790847326, 'sub': 'user_3Hrwmz08BOOrE5XBraSMqfSQXxp'}
RECEIVED TOKEN: eyJhbGciOiJIUzI1NiIsInR5cCI6IkpXVCJ9.eyJleHAiOjE3OTA4NDczMjYsInN1YiI6InVzZXJfM0hyd216MDhCT09yRTVYQnJhU01xZlNRWHhwIn0.khiFzMCbjZLX9freprXaJib6n2axAqT9Y9hdXWTOQRU
DECODED PAYLOAD: {'exp': 1790847326, 'sub': 'user_3Hrwmz08BOOrE5XBraSMqfSQXxp'}
GET_CURRENT_USER: user_3Hrwmz08BOOrE5XBraSMqfSQXxp -> <app.models.core.User object at 0x00000263EE7BDA90>
RECEIVED TOKEN: eyJhbGciOiJIUzI1NiIsInR5cCI6IkpXVCJ9.eyJleHAiOjE3OTA4NDczMjYsInN1YiI6InVzZXJfM0hyd216MDhCT09yRTVYQnJhU01xZlNRWHhwIn0.khiFzMCbjZLX9freprXaJib6n2axAqT9Y9hdXWTOQRU
DECODED PAYLOAD: {'exp': 1790847326, 'sub': 'user_3Hrwmz08BOOrE5XBraSMqfSQXxp'}
GET_CURRENT_USER: user_3Hrwmz08BOOrE5XBraSMqfSQXxp -> <app.models.core.User object at 0x00000263EE753890>
RECEIVED TOKEN: eyJhbGciOiJIUzI1NiIsInR5cCI6IkpXVCJ9.eyJleHAiOjE3OTA4NDczMjYsInN1YiI6InVzZXJfM0hyd216MDhCT09yRTVYQnJhU01xZlNRWHhwIn0.khiFzMCbjZLX9freprXaJib6n2axAqT9Y9hdXWTOQRU
DECODED PAYLOAD: {'exp': 1790847326, 'sub': 'user_3Hrwmz08BOOrE5XBraSMqfSQXxp'}
RECEIVED TOKEN: eyJhbGciOiJIUzI1NiIsInR5cCI6IkpXVCJ9.eyJleHAiOjE3OTA4NDczMjYsInN1YiI6InVzZXJfM0hyd216MDhCT09yRTVYQnJhU01xZlNRWHhwIn0.khiFzMCbjZLX9freprXaJib6n2axAqT9Y9hdXWTOQRU
DECODED PAYLOAD: {'exp': 1790847326, 'sub': 'user_3Hrwmz08BOOrE5XBraSMqfSQXxp'}
RECEIVED TOKEN: eyJhbGciOiJIUzI1NiIsInR5cCI6IkpXVCJ9.eyJleHAiOjE3OTA4NDczMjYsInN1YiI6InVzZXJfM0hyd216MDhCT09yRTVYQnJhU01xZlNRWHhwIn0.khiFzMCbjZLX9freprXaJib6n2axAqT9Y9hdXWTOQRU
DECODED PAYLOAD: {'exp': 1790847326, 'sub': 'user_3Hrwmz08BOOrE5XBraSMqfSQXxp'}
GET_CURRENT_USER: user_3Hrwmz08BOOrE5XBraSMqfSQXxp -> <app.models.core.User object at 0x00000263EE78D250>
RECEIVED TOKEN: eyJhbGciOiJIUzI1NiIsInR5cCI6IkpXVCJ9.eyJleHAiOjE3OTA4NDczMjYsInN1YiI6InVzZXJfM0hyd216MDhCT09yRTVYQnJhU01xZlNRWHhwIn0.khiFzMCbjZLX9freprXaJib6n2axAqT9Y9hdXWTOQRU
DECODED PAYLOAD: {'exp': 1790847326, 'sub': 'user_3Hrwmz08BOOrE5XBraSMqfSQXxp'}
RECEIVED TOKEN: eyJhbGciOiJIUzI1NiIsInR5cCI6IkpXVCJ9.eyJleHAiOjE3OTA4NDczMjYsInN1YiI6InVzZXJfM0hyd216MDhCT09yRTVYQnJhU01xZlNRWHhwIn0.khiFzMCbjZLX9freprXaJib6n2axAqT9Y9hdXWTOQRU
DECODED PAYLOAD: {'exp': 1790847326, 'sub': 'user_3Hrwmz08BOOrE5XBraSMqfSQXxp'}
RECEIVED TOKEN: eyJhbGciOiJIUzI1NiIsInR5cCI6IkpXVCJ9.eyJleHAiOjE3OTA4NDczMjYsInN1YiI6InVzZXJfM0hyd216MDhCT09yRTVYQnJhU01xZlNRWHhwIn0.khiFzMCbjZLX9freprXaJib6n2axAqT9Y9hdXWTOQRU
DECODED PAYLOAD: {'exp': 1790847326, 'sub': 'user_3Hrwmz08BOOrE5XBraSMqfSQXxp'}
RECEIVED TOKEN: eyJhbGciOiJIUzI1NiIsInR5cCI6IkpXVCJ9.eyJleHAiOjE3OTA4NDczMjYsInN1YiI6InVzZXJfM0hyd216MDhCT09yRTVYQnJhU01xZlNRWHhwIn0.khiFzMCbjZLX9freprXaJib6n2axAqT9Y9hdXWTOQRU
DECODED PAYLOAD: {'exp': 1790847326, 'sub': 'user_3Hrwmz08BOOrE5XBraSMqfSQXxp'}
GET_CURRENT_USER: user_3Hrwmz08BOOrE5XBraSMqfSQXxp -> <app.models.core.User object at 0x00000263F0328490>
REQUIRE_ADMIN: user_3Hrwmz08BOOrE5XBraSMqfSQXxp -> admin
GET_CURRENT_USER: user_3Hrwmz08BOOrE5XBraSMqfSQXxp -> <app.models.core.User object at 0x00000263EE787350>
REQUIRE_ADMIN: user_3Hrwmz08BOOrE5XBraSMqfSQXxp -> admin
GET_CURRENT_USER: user_3Hrwmz08BOOrE5XBraSMqfSQXxp -> <app.models.core.User object at 0x00000263EFFF9350>
REQUIRE_ADMIN: user_3Hrwmz08BOOrE5XBraSMqfSQXxp -> admin
GET_CURRENT_USER: user_3Hrwmz08BOOrE5XBraSMqfSQXxp -> <app.models.core.User object at 0x00000263EFFFA350>
REQUIRE_ADMIN: user_3Hrwmz08BOOrE5XBraSMqfSQXxp -> admin
RECEIVED TOKEN: eyJhbGciOiJIUzI1NiIsInR5cCI6IkpXVCJ9.eyJleHAiOjE3OTA4NDczMjYsInN1YiI6InVzZXJfM0hyd216MDhCT09yRTVYQnJhU01xZlNRWHhwIn0.khiFzMCbjZLX9freprXaJib6n2axAqT9Y9hdXWTOQRU
DECODED PAYLOAD: {'exp': 1790847326, 'sub': 'user_3Hrwmz08BOOrE5XBraSMqfSQXxp'}
GET_CURRENT_USER: user_3Hrwmz08BOOrE5XBraSMqfSQXxp -> <app.models.core.User object at 0x00000263F003B020>
REQUIRE_ADMIN: user_3Hrwmz08BOOrE5XBraSMqfSQXxp -> admin
RECEIVED TOKEN: eyJhbGciOiJIUzI1NiIsInR5cCI6IkpXVCJ9.eyJleHAiOjE3OTA4NDczMjYsInN1YiI6InVzZXJfM0hyd216MDhCT09yRTVYQnJhU01xZlNRWHhwIn0.khiFzMCbjZLX9freprXaJib6n2axAqT9Y9hdXWTOQRU
DECODED PAYLOAD: {'exp': 1790847326, 'sub': 'user_3Hrwmz08BOOrE5XBraSMqfSQXxp'}
GET_CURRENT_USER: user_3Hrwmz08BOOrE5XBraSMqfSQXxp -> <app.models.core.User object at 0x00000263EFA414F0>
REQUIRE_ADMIN: user_3Hrwmz08BOOrE5XBraSMqfSQXxp -> admin
RECEIVED TOKEN: eyJhbGciOiJIUzI1NiIsInR5cCI6IkpXVCJ9.eyJleHAiOjE3OTA4NDczMjYsInN1YiI6InVzZXJfM0hyd216MDhCT09yRTVYQnJhU01xZlNRWHhwIn0.khiFzMCbjZLX9freprXaJib6n2axAqT9Y9hdXWTOQRU
DECODED PAYLOAD: {'exp': 1790847326, 'sub': 'user_3Hrwmz08BOOrE5XBraSMqfSQXxp'}
RECEIVED TOKEN: eyJhbGciOiJIUzI1NiIsInR5cCI6IkpXVCJ9.eyJleHAiOjE3OTA4NDczMjYsInN1YiI6InVzZXJfM0hyd216MDhCT09yRTVYQnJhU01xZlNRWHhwIn0.khiFzMCbjZLX9freprXaJib6n2axAqT9Y9hdXWTOQRU
DECODED PAYLOAD: {'exp': 1790847326, 'sub': 'user_3Hrwmz08BOOrE5XBraSMqfSQXxp'}
GET_CURRENT_USER: user_3Hrwmz08BOOrE5XBraSMqfSQXxp -> <app.models.core.User object at 0x00000263F0003310>
RECEIVED TOKEN: eyJhbGciOiJIUzI1NiIsInR5cCI6IkpXVCJ9.eyJleHAiOjE3OTA4NDczMjYsInN1YiI6InVzZXJfM0hyd216MDhCT09yRTVYQnJhU01xZlNRWHhwIn0.khiFzMCbjZLX9freprXaJib6n2axAqT9Y9hdXWTOQRU
DECODED PAYLOAD: {'exp': 1790847326, 'sub': 'user_3Hrwmz08BOOrE5XBraSMqfSQXxp'}
RECEIVED TOKEN: eyJhbGciOiJIUzI1NiIsInR5cCI6IkpXVCJ9.eyJleHAiOjE3OTA4NDczMjYsInN1YiI6InVzZXJfM0hyd216MDhCT09yRTVYQnJhU01xZlNRWHhwIn0.khiFzMCbjZLX9freprXaJib6n2axAqT9Y9hdXWTOQRU
DECODED PAYLOAD: {'exp': 1790847326, 'sub': 'user_3Hrwmz08BOOrE5XBraSMqfSQXxp'}
GET_CURRENT_USER: user_3Hrwmz08BOOrE5XBraSMqfSQXxp -> <app.models.core.User object at 0x000001DCCF835090>
RECEIVED TOKEN: eyJhbGciOiJIUzI1NiIsInR5cCI6IkpXVCJ9.eyJleHAiOjE3OTA4NDczMjYsInN1YiI6InVzZXJfM0hyd216MDhCT09yRTVYQnJhU01xZlNRWHhwIn0.khiFzMCbjZLX9freprXaJib6n2axAqT9Y9hdXWTOQRU
DECODED PAYLOAD: {'exp': 1790847326, 'sub': 'user_3Hrwmz08BOOrE5XBraSMqfSQXxp'}
RECEIVED TOKEN: eyJhbGciOiJIUzI1NiIsInR5cCI6IkpXVCJ9.eyJleHAiOjE3OTA4NDczMjYsInN1YiI6InVzZXJfM0hyd216MDhCT09yRTVYQnJhU01xZlNRWHhwIn0.khiFzMCbjZLX9freprXaJib6n2axAqT9Y9hdXWTOQRU
DECODED PAYLOAD: {'exp': 1790847326, 'sub': 'user_3Hrwmz08BOOrE5XBraSMqfSQXxp'}
RECEIVED TOKEN: eyJhbGciOiJIUzI1NiIsInR5cCI6IkpXVCJ9.eyJleHAiOjE3OTA4NDczMjYsInN1YiI6InVzZXJfM0hyd216MDhCT09yRTVYQnJhU01xZlNRWHhwIn0.khiFzMCbjZLX9freprXaJib6n2axAqT9Y9hdXWTOQRU
DECODED PAYLOAD: {'exp': 1790847326, 'sub': 'user_3Hrwmz08BOOrE5XBraSMqfSQXxp'}
RECEIVED TOKEN: eyJhbGciOiJIUzI1NiIsInR5cCI6IkpXVCJ9.eyJleHAiOjE3OTA4NDczMjYsInN1YiI6InVzZXJfM0hyd216MDhCT09yRTVYQnJhU01xZlNRWHhwIn0.khiFzMCbjZLX9freprXaJib6n2axAqT9Y9hdXWTOQRU
DECODED PAYLOAD: {'exp': 1790847326, 'sub': 'user_3Hrwmz08BOOrE5XBraSMqfSQXxp'}
GET_CURRENT_USER: user_3Hrwmz08BOOrE5XBraSMqfSQXxp -> <app.models.core.User object at 0x000001DCD0A02C40>
REQUIRE_ADMIN: user_3Hrwmz08BOOrE5XBraSMqfSQXxp -> admin
GET_CURRENT_USER: user_3Hrwmz08BOOrE5XBraSMqfSQXxp -> <app.models.core.User object at 0x000001DCCF82C050>
GET_CURRENT_USER: user_3Hrwmz08BOOrE5XBraSMqfSQXxp -> <app.models.core.User object at 0x000001DCD0AA44D0>
REQUIRE_ADMIN: user_3Hrwmz08BOOrE5XBraSMqfSQXxp -> admin
RECEIVED TOKEN: eyJhbGciOiJIUzI1NiIsInR5cCI6IkpXVCJ9.eyJleHAiOjE3OTA4NDczMjYsInN1YiI6InVzZXJfM0hyd216MDhCT09yRTVYQnJhU01xZlNRWHhwIn0.khiFzMCbjZLX9freprXaJib6n2axAqT9Y9hdXWTOQRU
DECODED PAYLOAD: {'exp': 1790847326, 'sub': 'user_3Hrwmz08BOOrE5XBraSMqfSQXxp'}
RECEIVED TOKEN: eyJhbGciOiJIUzI1NiIsInR5cCI6IkpXVCJ9.eyJleHAiOjE3OTA4NDczMjYsInN1YiI6InVzZXJfM0hyd216MDhCT09yRTVYQnJhU01xZlNRWHhwIn0.khiFzMCbjZLX9freprXaJib6n2axAqT9Y9hdXWTOQRU
DECODED PAYLOAD: {'exp': 1790847326, 'sub': 'user_3Hrwmz08BOOrE5XBraSMqfSQXxp'}
GET_CURRENT_USER: user_3Hrwmz08BOOrE5XBraSMqfSQXxp -> <app.models.core.User object at 0x000001DCCF7D5BF0>
RECEIVED TOKEN: eyJhbGciOiJIUzI1NiIsInR5cCI6IkpXVCJ9.eyJleHAiOjE3OTA4NDczMjYsInN1YiI6InVzZXJfM0hyd216MDhCT09yRTVYQnJhU01xZlNRWHhwIn0.khiFzMCbjZLX9freprXaJib6n2axAqT9Y9hdXWTOQRU
DECODED PAYLOAD: {'exp': 1790847326, 'sub': 'user_3Hrwmz08BOOrE5XBraSMqfSQXxp'}
RECEIVED TOKEN: eyJhbGciOiJIUzI1NiIsInR5cCI6IkpXVCJ9.eyJleHAiOjE3OTA4NDczMjYsInN1YiI6InVzZXJfM0hyd216MDhCT09yRTVYQnJhU01xZlNRWHhwIn0.khiFzMCbjZLX9freprXaJib6n2axAqT9Y9hdXWTOQRU
DECODED PAYLOAD: {'exp': 1790847326, 'sub': 'user_3Hrwmz08BOOrE5XBraSMqfSQXxp'}
GET_CURRENT_USER: user_3Hrwmz08BOOrE5XBraSMqfSQXxp -> <app.models.core.User object at 0x000001DCD0ACDF50>
RECEIVED TOKEN: eyJhbGciOiJIUzI1NiIsInR5cCI6IkpXVCJ9.eyJleHAiOjE3OTA4NDczMjYsInN1YiI6InVzZXJfM0hyd216MDhCT09yRTVYQnJhU01xZlNRWHhwIn0.khiFzMCbjZLX9freprXaJib6n2axAqT9Y9hdXWTOQRU
DECODED PAYLOAD: {'exp': 1790847326, 'sub': 'user_3Hrwmz08BOOrE5XBraSMqfSQXxp'}
GET_CURRENT_USER: user_3Hrwmz08BOOrE5XBraSMqfSQXxp -> <app.models.core.User object at 0x000001DCD0FD63F0>
RECEIVED TOKEN: eyJhbGciOiJIUzI1NiIsInR5cCI6IkpXVCJ9.eyJleHAiOjE3OTA4NDczMjYsInN1YiI6InVzZXJfM0hyd216MDhCT09yRTVYQnJhU01xZlNRWHhwIn0.khiFzMCbjZLX9freprXaJib6n2axAqT9Y9hdXWTOQRU
DECODED PAYLOAD: {'exp': 1790847326, 'sub': 'user_3Hrwmz08BOOrE5XBraSMqfSQXxp'}
GET_CURRENT_USER: user_3Hrwmz08BOOrE5XBraSMqfSQXxp -> <app.models.core.User object at 0x000001DCD0AFC140>
REQUIRE_ADMIN: user_3Hrwmz08BOOrE5XBraSMqfSQXxp -> admin
RECEIVED TOKEN: eyJhbGciOiJIUzI1NiIsInR5cCI6IkpXVCJ9.eyJleHAiOjE3OTA4NDczMjYsInN1YiI6InVzZXJfM0hyd216MDhCT09yRTVYQnJhU01xZlNRWHhwIn0.khiFzMCbjZLX9freprXaJib6n2axAqT9Y9hdXWTOQRU
DECODED PAYLOAD: {'exp': 1790847326, 'sub': 'user_3Hrwmz08BOOrE5XBraSMqfSQXxp'}
GET_CURRENT_USER: user_3Hrwmz08BOOrE5XBraSMqfSQXxp -> <app.models.core.User object at 0x000001DCD0B61E10>
REQUIRE_ADMIN: user_3Hrwmz08BOOrE5XBraSMqfSQXxp -> admin
RECEIVED TOKEN: eyJhbGciOiJIUzI1NiIsInR5cCI6IkpXVCJ9.eyJleHAiOjE3OTA4NDczMjYsInN1YiI6InVzZXJfM0hyd216MDhCT09yRTVYQnJhU01xZlNRWHhwIn0.khiFzMCbjZLX9freprXaJib6n2axAqT9Y9hdXWTOQRU
DECODED PAYLOAD: {'exp': 1790847326, 'sub': 'user_3Hrwmz08BOOrE5XBraSMqfSQXxp'}
RECEIVED TOKEN: eyJhbGciOiJIUzI1NiIsInR5cCI6IkpXVCJ9.eyJleHAiOjE3OTA4NDczMjYsInN1YiI6InVzZXJfM0hyd216MDhCT09yRTVYQnJhU01xZlNRWHhwIn0.khiFzMCbjZLX9freprXaJib6n2axAqT9Y9hdXWTOQRU
DECODED PAYLOAD: {'exp': 1790847326, 'sub': 'user_3Hrwmz08BOOrE5XBraSMqfSQXxp'}
RECEIVED TOKEN: eyJhbGciOiJIUzI1NiIsInR5cCI6IkpXVCJ9.eyJleHAiOjE3OTA4NDczMjYsInN1YiI6InVzZXJfM0hyd216MDhCT09yRTVYQnJhU01xZlNRWHhwIn0.khiFzMCbjZLX9freprXaJib6n2axAqT9Y9hdXWTOQRU
DECODED PAYLOAD: {'exp': 1790847326, 'sub': 'user_3Hrwmz08BOOrE5XBraSMqfSQXxp'}
RECEIVED TOKEN: eyJhbGciOiJIUzI1NiIsInR5cCI6IkpXVCJ9.eyJleHAiOjE3OTA4NDczMjYsInN1YiI6InVzZXJfM0hyd216MDhCT09yRTVYQnJhU01xZlNRWHhwIn0.khiFzMCbjZLX9freprXaJib6n2axAqT9Y9hdXWTOQRU
DECODED PAYLOAD: {'exp': 1790847326, 'sub': 'user_3Hrwmz08BOOrE5XBraSMqfSQXxp'}
GET_CURRENT_USER: user_3Hrwmz08BOOrE5XBraSMqfSQXxp -> <app.models.core.User object at 0x000001DCD109DE10>
REQUIRE_ADMIN: user_3Hrwmz08BOOrE5XBraSMqfSQXxp -> admin
GET_CURRENT_USER: user_3Hrwmz08BOOrE5XBraSMqfSQXxp -> <app.models.core.User object at 0x000001DCD0AF9230>
REQUIRE_ADMIN: user_3Hrwmz08BOOrE5XBraSMqfSQXxp -> admin
GET_CURRENT_USER: user_3Hrwmz08BOOrE5XBraSMqfSQXxp -> <app.models.core.User object at 0x000001DCD0FDF2B0>
REQUIRE_ADMIN: user_3Hrwmz08BOOrE5XBraSMqfSQXxp -> admin
GET_CURRENT_USER: user_3Hrwmz08BOOrE5XBraSMqfSQXxp -> <app.models.core.User object at 0x000001DCD0AF9300>
REQUIRE_ADMIN: user_3Hrwmz08BOOrE5XBraSMqfSQXxp -> admin
RECEIVED TOKEN: eyJhbGciOiJIUzI1NiIsInR5cCI6IkpXVCJ9.eyJleHAiOjE3OTA4NDczMjYsInN1YiI6InVzZXJfM0hyd216MDhCT09yRTVYQnJhU01xZlNRWHhwIn0.khiFzMCbjZLX9freprXaJib6n2axAqT9Y9hdXWTOQRU
DECODED PAYLOAD: {'exp': 1790847326, 'sub': 'user_3Hrwmz08BOOrE5XBraSMqfSQXxp'}
GET_CURRENT_USER: user_3Hrwmz08BOOrE5XBraSMqfSQXxp -> <app.models.core.User object at 0x000001DCD0FDF110>
REQUIRE_ADMIN: user_3Hrwmz08BOOrE5XBraSMqfSQXxp -> admin
RECEIVED TOKEN: eyJhbGciOiJIUzI1NiIsInR5cCI6IkpXVCJ9.eyJleHAiOjE3OTA4NDczMjYsInN1YiI6InVzZXJfM0hyd216MDhCT09yRTVYQnJhU01xZlNRWHhwIn0.khiFzMCbjZLX9freprXaJib6n2axAqT9Y9hdXWTOQRU
DECODED PAYLOAD: {'exp': 1790847326, 'sub': 'user_3Hrwmz08BOOrE5XBraSMqfSQXxp'}
GET_CURRENT_USER: user_3Hrwmz08BOOrE5XBraSMqfSQXxp -> <app.models.core.User object at 0x000001DCD10E28F0>
REQUIRE_ADMIN: user_3Hrwmz08BOOrE5XBraSMqfSQXxp -> admin
RECEIVED TOKEN: eyJhbGciOiJIUzI1NiIsInR5cCI6IkpXVCJ9.eyJleHAiOjE3OTA4NDczMjYsInN1YiI6InVzZXJfM0hyd216MDhCT09yRTVYQnJhU01xZlNRWHhwIn0.khiFzMCbjZLX9freprXaJib6n2axAqT9Y9hdXWTOQRU
DECODED PAYLOAD: {'exp': 1790847326, 'sub': 'user_3Hrwmz08BOOrE5XBraSMqfSQXxp'}
GET_CURRENT_USER: user_3Hrwmz08BOOrE5XBraSMqfSQXxp -> <app.models.core.User object at 0x000001E9FCC43380>
REQUIRE_ADMIN: user_3Hrwmz08BOOrE5XBraSMqfSQXxp -> admin
RECEIVED TOKEN: eyJhbGciOiJIUzI1NiIsInR5cCI6IkpXVCJ9.eyJleHAiOjE3OTA4NDczMjYsInN1YiI6InVzZXJfM0hyd216MDhCT09yRTVYQnJhU01xZlNRWHhwIn0.khiFzMCbjZLX9freprXaJib6n2axAqT9Y9hdXWTOQRU
DECODED PAYLOAD: {'exp': 1790847326, 'sub': 'user_3Hrwmz08BOOrE5XBraSMqfSQXxp'}
RECEIVED TOKEN: eyJhbGciOiJIUzI1NiIsInR5cCI6IkpXVCJ9.eyJleHAiOjE3OTA4NDczMjYsInN1YiI6InVzZXJfM0hyd216MDhCT09yRTVYQnJhU01xZlNRWHhwIn0.khiFzMCbjZLX9freprXaJib6n2axAqT9Y9hdXWTOQRU
DECODED PAYLOAD: {'exp': 1790847326, 'sub': 'user_3Hrwmz08BOOrE5XBraSMqfSQXxp'}
GET_CURRENT_USER: user_3Hrwmz08BOOrE5XBraSMqfSQXxp -> <app.models.core.User object at 0x000001E9FE254410>
RECEIVED TOKEN: eyJhbGciOiJIUzI1NiIsInR5cCI6IkpXVCJ9.eyJleHAiOjE3OTA4NDczMjYsInN1YiI6InVzZXJfM0hyd216MDhCT09yRTVYQnJhU01xZlNRWHhwIn0.khiFzMCbjZLX9freprXaJib6n2axAqT9Y9hdXWTOQRU
DECODED PAYLOAD: {'exp': 1790847326, 'sub': 'user_3Hrwmz08BOOrE5XBraSMqfSQXxp'}
RECEIVED TOKEN: eyJhbGciOiJIUzI1NiIsInR5cCI6IkpXVCJ9.eyJleHAiOjE3OTA4NDczMjYsInN1YiI6InVzZXJfM0hyd216MDhCT09yRTVYQnJhU01xZlNRWHhwIn0.khiFzMCbjZLX9freprXaJib6n2axAqT9Y9hdXWTOQRU
DECODED PAYLOAD: {'exp': 1790847326, 'sub': 'user_3Hrwmz08BOOrE5XBraSMqfSQXxp'}
RECEIVED TOKEN: eyJhbGciOiJIUzI1NiIsInR5cCI6IkpXVCJ9.eyJleHAiOjE3OTA4NDczMjYsInN1YiI6InVzZXJfM0hyd216MDhCT09yRTVYQnJhU01xZlNRWHhwIn0.khiFzMCbjZLX9freprXaJib6n2axAqT9Y9hdXWTOQRU
DECODED PAYLOAD: {'exp': 1790847326, 'sub': 'user_3Hrwmz08BOOrE5XBraSMqfSQXxp'}
RECEIVED TOKEN: eyJhbGciOiJIUzI1NiIsInR5cCI6IkpXVCJ9.eyJleHAiOjE3OTA4NDczMjYsInN1YiI6InVzZXJfM0hyd216MDhCT09yRTVYQnJhU01xZlNRWHhwIn0.khiFzMCbjZLX9freprXaJib6n2axAqT9Y9hdXWTOQRU
DECODED PAYLOAD: {'exp': 1790847326, 'sub': 'user_3Hrwmz08BOOrE5XBraSMqfSQXxp'}
GET_CURRENT_USER: user_3Hrwmz08BOOrE5XBraSMqfSQXxp -> <app.models.core.User object at 0x000001E9FE1F9F30>
REQUIRE_ADMIN: user_3Hrwmz08BOOrE5XBraSMqfSQXxp -> admin
GET_CURRENT_USER: user_3Hrwmz08BOOrE5XBraSMqfSQXxp -> <app.models.core.User object at 0x000001E9FE1FBCE0>
REQUIRE_ADMIN: user_3Hrwmz08BOOrE5XBraSMqfSQXxp -> admin
GET_CURRENT_USER: user_3Hrwmz08BOOrE5XBraSMqfSQXxp -> <app.models.core.User object at 0x000001E9FE218290>
REQUIRE_ADMIN: user_3Hrwmz08BOOrE5XBraSMqfSQXxp -> admin
GET_CURRENT_USER: user_3Hrwmz08BOOrE5XBraSMqfSQXxp -> <app.models.core.User object at 0x000001E9FCEB1D00>
REQUIRE_ADMIN: user_3Hrwmz08BOOrE5XBraSMqfSQXxp -> admin
RECEIVED TOKEN: eyJhbGciOiJIUzI1NiIsInR5cCI6IkpXVCJ9.eyJleHAiOjE3OTA4NDczMjYsInN1YiI6InVzZXJfM0hyd216MDhCT09yRTVYQnJhU01xZlNRWHhwIn0.khiFzMCbjZLX9freprXaJib6n2axAqT9Y9hdXWTOQRU
DECODED PAYLOAD: {'exp': 1790847326, 'sub': 'user_3Hrwmz08BOOrE5XBraSMqfSQXxp'}
GET_CURRENT_USER: user_3Hrwmz08BOOrE5XBraSMqfSQXxp -> <app.models.core.User object at 0x000001E9FE1CAF10>
REQUIRE_ADMIN: user_3Hrwmz08BOOrE5XBraSMqfSQXxp -> admin
RECEIVED TOKEN: eyJhbGciOiJIUzI1NiIsInR5cCI6IkpXVCJ9.eyJleHAiOjE3OTA4NDczMjYsInN1YiI6InVzZXJfM0hyd216MDhCT09yRTVYQnJhU01xZlNRWHhwIn0.khiFzMCbjZLX9freprXaJib6n2axAqT9Y9hdXWTOQRU
DECODED PAYLOAD: {'exp': 1790847326, 'sub': 'user_3Hrwmz08BOOrE5XBraSMqfSQXxp'}
GET_CURRENT_USER: user_3Hrwmz08BOOrE5XBraSMqfSQXxp -> <app.models.core.User object at 0x000001E9FE1B2150>
REQUIRE_ADMIN: user_3Hrwmz08BOOrE5XBraSMqfSQXxp -> admin
RECEIVED TOKEN: eyJhbGciOiJIUzI1NiIsInR5cCI6IkpXVCJ9.eyJleHAiOjE3OTA4NDczMjYsInN1YiI6InVzZXJfM0hyd216MDhCT09yRTVYQnJhU01xZlNRWHhwIn0.khiFzMCbjZLX9freprXaJib6n2axAqT9Y9hdXWTOQRU
DECODED PAYLOAD: {'exp': 1790847326, 'sub': 'user_3Hrwmz08BOOrE5XBraSMqfSQXxp'}
GET_CURRENT_USER: user_3Hrwmz08BOOrE5XBraSMqfSQXxp -> <app.models.core.User object at 0x000001977E4B3380>
REQUIRE_ADMIN: user_3Hrwmz08BOOrE5XBraSMqfSQXxp -> admin
RECEIVED TOKEN: eyJhbGciOiJIUzI1NiIsInR5cCI6IkpXVCJ9.eyJleHAiOjE3OTA4NDczMjYsInN1YiI6InVzZXJfM0hyd216MDhCT09yRTVYQnJhU01xZlNRWHhwIn0.khiFzMCbjZLX9freprXaJib6n2axAqT9Y9hdXWTOQRU
DECODED PAYLOAD: {'exp': 1790847326, 'sub': 'user_3Hrwmz08BOOrE5XBraSMqfSQXxp'}
GET_CURRENT_USER: user_3Hrwmz08BOOrE5XBraSMqfSQXxp -> <app.models.core.User object at 0x000001977E995090>
REQUIRE_ADMIN: user_3Hrwmz08BOOrE5XBraSMqfSQXxp -> admin
RECEIVED TOKEN: eyJhbGciOiJIUzI1NiIsInR5cCI6IkpXVCJ9.eyJleHAiOjE3OTA4NDczMjYsInN1YiI6InVzZXJfM0hyd216MDhCT09yRTVYQnJhU01xZlNRWHhwIn0.khiFzMCbjZLX9freprXaJib6n2axAqT9Y9hdXWTOQRU
DECODED PAYLOAD: {'exp': 1790847326, 'sub': 'user_3Hrwmz08BOOrE5XBraSMqfSQXxp'}
GET_CURRENT_USER: user_3Hrwmz08BOOrE5XBraSMqfSQXxp -> <app.models.core.User object at 0x000001923EAE0980>
REQUIRE_ADMIN: user_3Hrwmz08BOOrE5XBraSMqfSQXxp -> admin
RECEIVED TOKEN: eyJhbGciOiJIUzI1NiIsInR5cCI6IkpXVCJ9.eyJleHAiOjE3OTA4NDczMjYsInN1YiI6InVzZXJfM0hyd216MDhCT09yRTVYQnJhU01xZlNRWHhwIn0.khiFzMCbjZLX9freprXaJib6n2axAqT9Y9hdXWTOQRU
DECODED PAYLOAD: {'exp': 1790847326, 'sub': 'user_3Hrwmz08BOOrE5XBraSMqfSQXxp'}
RECEIVED TOKEN: eyJhbGciOiJIUzI1NiIsInR5cCI6IkpXVCJ9.eyJleHAiOjE3OTA4NDczMjYsInN1YiI6InVzZXJfM0hyd216MDhCT09yRTVYQnJhU01xZlNRWHhwIn0.khiFzMCbjZLX9freprXaJib6n2axAqT9Y9hdXWTOQRU
DECODED PAYLOAD: {'exp': 1790847326, 'sub': 'user_3Hrwmz08BOOrE5XBraSMqfSQXxp'}
GET_CURRENT_USER: user_3Hrwmz08BOOrE5XBraSMqfSQXxp -> <app.models.core.User object at 0x000001923EF7E0D0>
RECEIVED TOKEN: eyJhbGciOiJIUzI1NiIsInR5cCI6IkpXVCJ9.eyJleHAiOjE3OTE5OTM4MDUsInN1YiI6InVzZXJfM0hyd216MDhCT09yRTVYQnJhU01xZlNRWHhwIn0.q3KgsVqv335iaFWXU41Ih-zM9p32yTOsSksdm8TrbJQ
DECODED PAYLOAD: {'exp': 1791993805, 'sub': 'user_3Hrwmz08BOOrE5XBraSMqfSQXxp'}
RECEIVED TOKEN: eyJhbGciOiJIUzI1NiIsInR5cCI6IkpXVCJ9.eyJleHAiOjE3OTE5OTM4MDUsInN1YiI6InVzZXJfM0hyd216MDhCT09yRTVYQnJhU01xZlNRWHhwIn0.q3KgsVqv335iaFWXU41Ih-zM9p32yTOsSksdm8TrbJQ
DECODED PAYLOAD: {'exp': 1791993805, 'sub': 'user_3Hrwmz08BOOrE5XBraSMqfSQXxp'}
RECEIVED TOKEN: eyJhbGciOiJIUzI1NiIsInR5cCI6IkpXVCJ9.eyJleHAiOjE3OTE5OTM4MDUsInN1YiI6InVzZXJfM0hyd216MDhCT09yRTVYQnJhU01xZlNRWHhwIn0.q3KgsVqv335iaFWXU41Ih-zM9p32yTOsSksdm8TrbJQ
DECODED PAYLOAD: {'exp': 1791993805, 'sub': 'user_3Hrwmz08BOOrE5XBraSMqfSQXxp'}
GET_CURRENT_USER: user_3Hrwmz08BOOrE5XBraSMqfSQXxp -> <app.models.core.User object at 0x0000025EFA5F8AE0>
RECEIVED TOKEN: eyJhbGciOiJIUzI1NiIsInR5cCI6IkpXVCJ9.eyJleHAiOjE3OTE5OTM4MDUsInN1YiI6InVzZXJfM0hyd216MDhCT09yRTVYQnJhU01xZlNRWHhwIn0.q3KgsVqv335iaFWXU41Ih-zM9p32yTOsSksdm8TrbJQ
DECODED PAYLOAD: {'exp': 1791993805, 'sub': 'user_3Hrwmz08BOOrE5XBraSMqfSQXxp'}
GET_CURRENT_USER: user_3Hrwmz08BOOrE5XBraSMqfSQXxp -> <app.models.core.User object at 0x0000025EFA5F8AE0>
RECEIVED TOKEN: eyJhbGciOiJIUzI1NiIsInR5cCI6IkpXVCJ9.eyJleHAiOjE3OTE5OTM4MDUsInN1YiI6InVzZXJfM0hyd216MDhCT09yRTVYQnJhU01xZlNRWHhwIn0.q3KgsVqv335iaFWXU41Ih-zM9p32yTOsSksdm8TrbJQ
DECODED PAYLOAD: {'exp': 1791993805, 'sub': 'user_3Hrwmz08BOOrE5XBraSMqfSQXxp'}
RECEIVED TOKEN: eyJhbGciOiJIUzI1NiIsInR5cCI6IkpXVCJ9.eyJleHAiOjE3OTE5OTM4MDUsInN1YiI6InVzZXJfM0hyd216MDhCT09yRTVYQnJhU01xZlNRWHhwIn0.q3KgsVqv335iaFWXU41Ih-zM9p32yTOsSksdm8TrbJQ
DECODED PAYLOAD: {'exp': 1791993805, 'sub': 'user_3Hrwmz08BOOrE5XBraSMqfSQXxp'}
GET_CURRENT_USER: user_3Hrwmz08BOOrE5XBraSMqfSQXxp -> <app.models.core.User object at 0x0000025EFA5F8EF0>
RECEIVED TOKEN: eyJhbGciOiJIUzI1NiIsInR5cCI6IkpXVCJ9.eyJleHAiOjE3OTE5OTM4MDUsInN1YiI6InVzZXJfM0hyd216MDhCT09yRTVYQnJhU01xZlNRWHhwIn0.q3KgsVqv335iaFWXU41Ih-zM9p32yTOsSksdm8TrbJQ
DECODED PAYLOAD: {'exp': 1791993805, 'sub': 'user_3Hrwmz08BOOrE5XBraSMqfSQXxp'}
RECEIVED TOKEN: eyJhbGciOiJIUzI1NiIsInR5cCI6IkpXVCJ9.eyJleHAiOjE3OTE5OTM4MDUsInN1YiI6InVzZXJfM0hyd216MDhCT09yRTVYQnJhU01xZlNRWHhwIn0.q3KgsVqv335iaFWXU41Ih-zM9p32yTOsSksdm8TrbJQ
DECODED PAYLOAD: {'exp': 1791993805, 'sub': 'user_3Hrwmz08BOOrE5XBraSMqfSQXxp'}
GET_CURRENT_USER: user_3Hrwmz08BOOrE5XBraSMqfSQXxp -> <app.models.core.User object at 0x0000025EFAD35D90>
RECEIVED TOKEN: eyJhbGciOiJIUzI1NiIsInR5cCI6IkpXVCJ9.eyJleHAiOjE3OTE5OTM4MDUsInN1YiI6InVzZXJfM0hyd216MDhCT09yRTVYQnJhU01xZlNRWHhwIn0.q3KgsVqv335iaFWXU41Ih-zM9p32yTOsSksdm8TrbJQ
DECODED PAYLOAD: {'exp': 1791993805, 'sub': 'user_3Hrwmz08BOOrE5XBraSMqfSQXxp'}
GET_CURRENT_USER: user_3Hrwmz08BOOrE5XBraSMqfSQXxp -> <app.models.core.User object at 0x0000025EFAD36680>
REQUIRE_ADMIN: user_3Hrwmz08BOOrE5XBraSMqfSQXxp -> admin
RECEIVED TOKEN: eyJhbGciOiJIUzI1NiIsInR5cCI6IkpXVCJ9.eyJleHAiOjE3OTE5OTM4MDUsInN1YiI6InVzZXJfM0hyd216MDhCT09yRTVYQnJhU01xZlNRWHhwIn0.q3KgsVqv335iaFWXU41Ih-zM9p32yTOsSksdm8TrbJQ
DECODED PAYLOAD: {'exp': 1791993805, 'sub': 'user_3Hrwmz08BOOrE5XBraSMqfSQXxp'}
GET_CURRENT_USER: user_3Hrwmz08BOOrE5XBraSMqfSQXxp -> <app.models.core.User object at 0x0000025EFAD36EA0>
REQUIRE_ADMIN: user_3Hrwmz08BOOrE5XBraSMqfSQXxp -> admin
RECEIVED TOKEN: eyJhbGciOiJIUzI1NiIsInR5cCI6IkpXVCJ9.eyJleHAiOjE3OTE5OTM4MDUsInN1YiI6InVzZXJfM0hyd216MDhCT09yRTVYQnJhU01xZlNRWHhwIn0.q3KgsVqv335iaFWXU41Ih-zM9p32yTOsSksdm8TrbJQ
DECODED PAYLOAD: {'exp': 1791993805, 'sub': 'user_3Hrwmz08BOOrE5XBraSMqfSQXxp'}
RECEIVED TOKEN: eyJhbGciOiJIUzI1NiIsInR5cCI6IkpXVCJ9.eyJleHAiOjE3OTE5OTM4MDUsInN1YiI6InVzZXJfM0hyd216MDhCT09yRTVYQnJhU01xZlNRWHhwIn0.q3KgsVqv335iaFWXU41Ih-zM9p32yTOsSksdm8TrbJQ
DECODED PAYLOAD: {'exp': 1791993805, 'sub': 'user_3Hrwmz08BOOrE5XBraSMqfSQXxp'}
RECEIVED TOKEN: eyJhbGciOiJIUzI1NiIsInR5cCI6IkpXVCJ9.eyJleHAiOjE3OTE5OTM4MDUsInN1YiI6InVzZXJfM0hyd216MDhCT09yRTVYQnJhU01xZlNRWHhwIn0.q3KgsVqv335iaFWXU41Ih-zM9p32yTOsSksdm8TrbJQ
DECODED PAYLOAD: {'exp': 1791993805, 'sub': 'user_3Hrwmz08BOOrE5XBraSMqfSQXxp'}
RECEIVED TOKEN: eyJhbGciOiJIUzI1NiIsInR5cCI6IkpXVCJ9.eyJleHAiOjE3OTE5OTM4MDUsInN1YiI6InVzZXJfM0hyd216MDhCT09yRTVYQnJhU01xZlNRWHhwIn0.q3KgsVqv335iaFWXU41Ih-zM9p32yTOsSksdm8TrbJQ
DECODED PAYLOAD: {'exp': 1791993805, 'sub': 'user_3Hrwmz08BOOrE5XBraSMqfSQXxp'}
GET_CURRENT_USER: user_3Hrwmz08BOOrE5XBraSMqfSQXxp -> <app.models.core.User object at 0x0000025EFAD36750>
REQUIRE_ADMIN: user_3Hrwmz08BOOrE5XBraSMqfSQXxp -> admin
GET_CURRENT_USER: user_3Hrwmz08BOOrE5XBraSMqfSQXxp -> <app.models.core.User object at 0x0000025EFAD36F70>
REQUIRE_ADMIN: user_3Hrwmz08BOOrE5XBraSMqfSQXxp -> admin
GET_CURRENT_USER: user_3Hrwmz08BOOrE5XBraSMqfSQXxp -> <app.models.core.User object at 0x0000025EFAD37110>
REQUIRE_ADMIN: user_3Hrwmz08BOOrE5XBraSMqfSQXxp -> admin
GET_CURRENT_USER: user_3Hrwmz08BOOrE5XBraSMqfSQXxp -> <app.models.core.User object at 0x0000025EFAD37380>
REQUIRE_ADMIN: user_3Hrwmz08BOOrE5XBraSMqfSQXxp -> admin
RECEIVED TOKEN: eyJhbGciOiJIUzI1NiIsInR5cCI6IkpXVCJ9.eyJleHAiOjE3OTE5OTM4MDUsInN1YiI6InVzZXJfM0hyd216MDhCT09yRTVYQnJhU01xZlNRWHhwIn0.q3KgsVqv335iaFWXU41Ih-zM9p32yTOsSksdm8TrbJQ
DECODED PAYLOAD: {'exp': 1791993805, 'sub': 'user_3Hrwmz08BOOrE5XBraSMqfSQXxp'}
GET_CURRENT_USER: user_3Hrwmz08BOOrE5XBraSMqfSQXxp -> <app.models.core.User object at 0x0000025EFAD35160>
REQUIRE_ADMIN: user_3Hrwmz08BOOrE5XBraSMqfSQXxp -> admin
RECEIVED TOKEN: eyJhbGciOiJIUzI1NiIsInR5cCI6IkpXVCJ9.eyJleHAiOjE3OTE5OTM4MDUsInN1YiI6InVzZXJfM0hyd216MDhCT09yRTVYQnJhU01xZlNRWHhwIn0.q3KgsVqv335iaFWXU41Ih-zM9p32yTOsSksdm8TrbJQ
DECODED PAYLOAD: {'exp': 1791993805, 'sub': 'user_3Hrwmz08BOOrE5XBraSMqfSQXxp'}
GET_CURRENT_USER: user_3Hrwmz08BOOrE5XBraSMqfSQXxp -> <app.models.core.User object at 0x0000025EFAD35160>
REQUIRE_ADMIN: user_3Hrwmz08BOOrE5XBraSMqfSQXxp -> admin
RECEIVED TOKEN: eyJhbGciOiJIUzI1NiIsInR5cCI6IkpXVCJ9.eyJleHAiOjE3OTE5OTM4MDUsInN1YiI6InVzZXJfM0hyd216MDhCT09yRTVYQnJhU01xZlNRWHhwIn0.q3KgsVqv335iaFWXU41Ih-zM9p32yTOsSksdm8TrbJQ
DECODED PAYLOAD: {'exp': 1791993805, 'sub': 'user_3Hrwmz08BOOrE5XBraSMqfSQXxp'}
RECEIVED TOKEN: eyJhbGciOiJIUzI1NiIsInR5cCI6IkpXVCJ9.eyJleHAiOjE3OTE5OTM4MDUsInN1YiI6InVzZXJfM0hyd216MDhCT09yRTVYQnJhU01xZlNRWHhwIn0.q3KgsVqv335iaFWXU41Ih-zM9p32yTOsSksdm8TrbJQ
DECODED PAYLOAD: {'exp': 1791993805, 'sub': 'user_3Hrwmz08BOOrE5XBraSMqfSQXxp'}
GET_CURRENT_USER: user_3Hrwmz08BOOrE5XBraSMqfSQXxp -> <app.models.core.User object at 0x0000025EFAE654A0>
RECEIVED TOKEN: eyJhbGciOiJIUzI1NiIsInR5cCI6IkpXVCJ9.eyJleHAiOjE3OTE5OTM4MDUsInN1YiI6InVzZXJfM0hyd216MDhCT09yRTVYQnJhU01xZlNRWHhwIn0.q3KgsVqv335iaFWXU41Ih-zM9p32yTOsSksdm8TrbJQ
DECODED PAYLOAD: {'exp': 1791993805, 'sub': 'user_3Hrwmz08BOOrE5XBraSMqfSQXxp'}
GET_CURRENT_USER: user_3Hrwmz08BOOrE5XBraSMqfSQXxp -> <app.models.core.User object at 0x0000025EFAE64D50>
GET_CURRENT_USER: user_3Hrwmz08BOOrE5XBraSMqfSQXxp -> <app.models.core.User object at 0x0000025EFAE65640>
RECEIVED TOKEN: eyJhbGciOiJIUzI1NiIsInR5cCI6IkpXVCJ9.eyJleHAiOjE3OTE5OTM4MDUsInN1YiI6InVzZXJfM0hyd216MDhCT09yRTVYQnJhU01xZlNRWHhwIn0.q3KgsVqv335iaFWXU41Ih-zM9p32yTOsSksdm8TrbJQ
DECODED PAYLOAD: {'exp': 1791993805, 'sub': 'user_3Hrwmz08BOOrE5XBraSMqfSQXxp'}
GET_CURRENT_USER: user_3Hrwmz08BOOrE5XBraSMqfSQXxp -> <app.models.core.User object at 0x0000025EFAD36680>
RECEIVED TOKEN: eyJhbGciOiJIUzI1NiIsInR5cCI6IkpXVCJ9.eyJleHAiOjE3OTE5OTQ0OTQsInN1YiI6IjFlMDA3OTYyLTMzZWMtNDZiNy1iMDQ3LWQzNTU5ZTBlZTM1OSJ9.9LlQz2pQquR6PgoV3IY7U5GAiF9qVrFlpTLaSztG8jo
DECODED PAYLOAD: {'exp': 1791994494, 'sub': '1e007962-33ec-46b7-b047-d3559e0ee359'}
RECEIVED TOKEN: eyJhbGciOiJIUzI1NiIsInR5cCI6IkpXVCJ9.eyJleHAiOjE3OTE5OTQ0OTQsInN1YiI6IjFlMDA3OTYyLTMzZWMtNDZiNy1iMDQ3LWQzNTU5ZTBlZTM1OSJ9.9LlQz2pQquR6PgoV3IY7U5GAiF9qVrFlpTLaSztG8jo
DECODED PAYLOAD: {'exp': 1791994494, 'sub': '1e007962-33ec-46b7-b047-d3559e0ee359'}
RECEIVED TOKEN: eyJhbGciOiJIUzI1NiIsInR5cCI6IkpXVCJ9.eyJleHAiOjE3OTE5OTQ0OTQsInN1YiI6IjFlMDA3OTYyLTMzZWMtNDZiNy1iMDQ3LWQzNTU5ZTBlZTM1OSJ9.9LlQz2pQquR6PgoV3IY7U5GAiF9qVrFlpTLaSztG8jo
DECODED PAYLOAD: {'exp': 1791994494, 'sub': '1e007962-33ec-46b7-b047-d3559e0ee359'}
GET_CURRENT_USER: 1e007962-33ec-46b7-b047-d3559e0ee359 -> <app.models.core.User object at 0x0000025EFAD361A0>
RECEIVED TOKEN: eyJhbGciOiJIUzI1NiIsInR5cCI6IkpXVCJ9.eyJleHAiOjE3OTE5OTQ0OTQsInN1YiI6IjFlMDA3OTYyLTMzZWMtNDZiNy1iMDQ3LWQzNTU5ZTBlZTM1OSJ9.9LlQz2pQquR6PgoV3IY7U5GAiF9qVrFlpTLaSztG8jo
DECODED PAYLOAD: {'exp': 1791994494, 'sub': '1e007962-33ec-46b7-b047-d3559e0ee359'}
GET_CURRENT_USER: 1e007962-33ec-46b7-b047-d3559e0ee359 -> <app.models.core.User object at 0x0000025EFAE64530>
RECEIVED TOKEN: eyJhbGciOiJIUzI1NiIsInR5cCI6IkpXVCJ9.eyJleHAiOjE3OTE5OTQ0OTQsInN1YiI6IjFlMDA3OTYyLTMzZWMtNDZiNy1iMDQ3LWQzNTU5ZTBlZTM1OSJ9.9LlQz2pQquR6PgoV3IY7U5GAiF9qVrFlpTLaSztG8jo
DECODED PAYLOAD: {'exp': 1791994494, 'sub': '1e007962-33ec-46b7-b047-d3559e0ee359'}
RECEIVED TOKEN: eyJhbGciOiJIUzI1NiIsInR5cCI6IkpXVCJ9.eyJleHAiOjE3OTE5OTQ0OTQsInN1YiI6IjFlMDA3OTYyLTMzZWMtNDZiNy1iMDQ3LWQzNTU5ZTBlZTM1OSJ9.9LlQz2pQquR6PgoV3IY7U5GAiF9qVrFlpTLaSztG8jo
DECODED PAYLOAD: {'exp': 1791994494, 'sub': '1e007962-33ec-46b7-b047-d3559e0ee359'}
GET_CURRENT_USER: 1e007962-33ec-46b7-b047-d3559e0ee359 -> <app.models.core.User object at 0x0000025EFA52B930>
RECEIVED TOKEN: eyJhbGciOiJIUzI1NiIsInR5cCI6IkpXVCJ9.eyJleHAiOjE3OTE5OTQ0OTQsInN1YiI6IjFlMDA3OTYyLTMzZWMtNDZiNy1iMDQ3LWQzNTU5ZTBlZTM1OSJ9.9LlQz2pQquR6PgoV3IY7U5GAiF9qVrFlpTLaSztG8jo
DECODED PAYLOAD: {'exp': 1791994494, 'sub': '1e007962-33ec-46b7-b047-d3559e0ee359'}
GET_CURRENT_USER: 1e007962-33ec-46b7-b047-d3559e0ee359 -> <app.models.core.User object at 0x0000025EFAD371E0>
RECEIVED TOKEN: eyJhbGciOiJIUzI1NiIsInR5cCI6IkpXVCJ9.eyJleHAiOjE3OTE5OTM4MDUsInN1YiI6InVzZXJfM0hyd216MDhCT09yRTVYQnJhU01xZlNRWHhwIn0.q3KgsVqv335iaFWXU41Ih-zM9p32yTOsSksdm8TrbJQ
DECODED PAYLOAD: {'exp': 1791993805, 'sub': 'user_3Hrwmz08BOOrE5XBraSMqfSQXxp'}
RECEIVED TOKEN: eyJhbGciOiJIUzI1NiIsInR5cCI6IkpXVCJ9.eyJleHAiOjE3OTE5OTM4MDUsInN1YiI6InVzZXJfM0hyd216MDhCT09yRTVYQnJhU01xZlNRWHhwIn0.q3KgsVqv335iaFWXU41Ih-zM9p32yTOsSksdm8TrbJQ
DECODED PAYLOAD: {'exp': 1791993805, 'sub': 'user_3Hrwmz08BOOrE5XBraSMqfSQXxp'}
GET_CURRENT_USER: user_3Hrwmz08BOOrE5XBraSMqfSQXxp -> <app.models.core.User object at 0x0000025EFA52B930>
GET_CURRENT_USER: user_3Hrwmz08BOOrE5XBraSMqfSQXxp -> <app.models.core.User object at 0x0000025EFA5FAC30>
RECEIVED TOKEN: eyJhbGciOiJIUzI1NiIsInR5cCI6IkpXVCJ9.eyJleHAiOjE3OTE5OTM4MDUsInN1YiI6InVzZXJfM0hyd216MDhCT09yRTVYQnJhU01xZlNRWHhwIn0.q3KgsVqv335iaFWXU41Ih-zM9p32yTOsSksdm8TrbJQ
DECODED PAYLOAD: {'exp': 1791993805, 'sub': 'user_3Hrwmz08BOOrE5XBraSMqfSQXxp'}
RECEIVED TOKEN: eyJhbGciOiJIUzI1NiIsInR5cCI6IkpXVCJ9.eyJleHAiOjE3OTE5OTM4MDUsInN1YiI6InVzZXJfM0hyd216MDhCT09yRTVYQnJhU01xZlNRWHhwIn0.q3KgsVqv335iaFWXU41Ih-zM9p32yTOsSksdm8TrbJQ
DECODED PAYLOAD: {'exp': 1791993805, 'sub': 'user_3Hrwmz08BOOrE5XBraSMqfSQXxp'}
GET_CURRENT_USER: user_3Hrwmz08BOOrE5XBraSMqfSQXxp -> <app.models.core.User object at 0x0000025EFAE66680>
RECEIVED TOKEN: eyJhbGciOiJIUzI1NiIsInR5cCI6IkpXVCJ9.eyJleHAiOjE3OTE5OTM4MDUsInN1YiI6InVzZXJfM0hyd216MDhCT09yRTVYQnJhU01xZlNRWHhwIn0.q3KgsVqv335iaFWXU41Ih-zM9p32yTOsSksdm8TrbJQ
DECODED PAYLOAD: {'exp': 1791993805, 'sub': 'user_3Hrwmz08BOOrE5XBraSMqfSQXxp'}
GET_CURRENT_USER: user_3Hrwmz08BOOrE5XBraSMqfSQXxp -> <app.models.core.User object at 0x0000025EFAE668F0>
RECEIVED TOKEN: eyJhbGciOiJIUzI1NiIsInR5cCI6IkpXVCJ9.eyJleHAiOjE3OTE5OTM4MDUsInN1YiI6InVzZXJfM0hyd216MDhCT09yRTVYQnJhU01xZlNRWHhwIn0.q3KgsVqv335iaFWXU41Ih-zM9p32yTOsSksdm8TrbJQ
DECODED PAYLOAD: {'exp': 1791993805, 'sub': 'user_3Hrwmz08BOOrE5XBraSMqfSQXxp'}
RECEIVED TOKEN: eyJhbGciOiJIUzI1NiIsInR5cCI6IkpXVCJ9.eyJleHAiOjE3OTE5OTM4MDUsInN1YiI6InVzZXJfM0hyd216MDhCT09yRTVYQnJhU01xZlNRWHhwIn0.q3KgsVqv335iaFWXU41Ih-zM9p32yTOsSksdm8TrbJQ
DECODED PAYLOAD: {'exp': 1791993805, 'sub': 'user_3Hrwmz08BOOrE5XBraSMqfSQXxp'}
GET_CURRENT_USER: user_3Hrwmz08BOOrE5XBraSMqfSQXxp -> <app.models.core.User object at 0x0000025EF91D2C30>
RECEIVED TOKEN: eyJhbGciOiJIUzI1NiIsInR5cCI6IkpXVCJ9.eyJleHAiOjE3OTE5OTM4MDUsInN1YiI6InVzZXJfM0hyd216MDhCT09yRTVYQnJhU01xZlNRWHhwIn0.q3KgsVqv335iaFWXU41Ih-zM9p32yTOsSksdm8TrbJQ
DECODED PAYLOAD: {'exp': 1791993805, 'sub': 'user_3Hrwmz08BOOrE5XBraSMqfSQXxp'}
GET_CURRENT_USER: user_3Hrwmz08BOOrE5XBraSMqfSQXxp -> <app.models.core.User object at 0x0000025EFAE65CC0>
GET_CURRENT_USER: user_3Hrwmz08BOOrE5XBraSMqfSQXxp -> <app.models.core.User object at 0x0000025EFAE64E20>
RECEIVED TOKEN: eyJhbGciOiJIUzI1NiIsInR5cCI6IkpXVCJ9.eyJleHAiOjE3OTE5OTM4MDUsInN1YiI6InVzZXJfM0hyd216MDhCT09yRTVYQnJhU01xZlNRWHhwIn0.q3KgsVqv335iaFWXU41Ih-zM9p32yTOsSksdm8TrbJQ
DECODED PAYLOAD: {'exp': 1791993805, 'sub': 'user_3Hrwmz08BOOrE5XBraSMqfSQXxp'}
GET_CURRENT_USER: user_3Hrwmz08BOOrE5XBraSMqfSQXxp -> <app.models.core.User object at 0x0000025EFAE66000>
RECEIVED TOKEN: eyJhbGciOiJIUzI1NiIsInR5cCI6IkpXVCJ9.eyJleHAiOjE3OTE5OTM4MDUsInN1YiI6InVzZXJfM0hyd216MDhCT09yRTVYQnJhU01xZlNRWHhwIn0.q3KgsVqv335iaFWXU41Ih-zM9p32yTOsSksdm8TrbJQ
DECODED PAYLOAD: {'exp': 1791993805, 'sub': 'user_3Hrwmz08BOOrE5XBraSMqfSQXxp'}
GET_CURRENT_USER: user_3Hrwmz08BOOrE5XBraSMqfSQXxp -> <app.models.core.User object at 0x0000025EFAE668F0>
RECEIVED TOKEN: eyJhbGciOiJIUzI1NiIsInR5cCI6IkpXVCJ9.eyJleHAiOjE3OTE5OTM4MDUsInN1YiI6InVzZXJfM0hyd216MDhCT09yRTVYQnJhU01xZlNRWHhwIn0.q3KgsVqv335iaFWXU41Ih-zM9p32yTOsSksdm8TrbJQ
DECODED PAYLOAD: {'exp': 1791993805, 'sub': 'user_3Hrwmz08BOOrE5XBraSMqfSQXxp'}
RECEIVED TOKEN: eyJhbGciOiJIUzI1NiIsInR5cCI6IkpXVCJ9.eyJleHAiOjE3OTE5OTM4MDUsInN1YiI6InVzZXJfM0hyd216MDhCT09yRTVYQnJhU01xZlNRWHhwIn0.q3KgsVqv335iaFWXU41Ih-zM9p32yTOsSksdm8TrbJQ
DECODED PAYLOAD: {'exp': 1791993805, 'sub': 'user_3Hrwmz08BOOrE5XBraSMqfSQXxp'}
GET_CURRENT_USER: user_3Hrwmz08BOOrE5XBraSMqfSQXxp -> <app.models.core.User object at 0x0000025EFAE66750>
RECEIVED TOKEN: eyJhbGciOiJIUzI1NiIsInR5cCI6IkpXVCJ9.eyJleHAiOjE3OTE5OTM4MDUsInN1YiI6InVzZXJfM0hyd216MDhCT09yRTVYQnJhU01xZlNRWHhwIn0.q3KgsVqv335iaFWXU41Ih-zM9p32yTOsSksdm8TrbJQ
DECODED PAYLOAD: {'exp': 1791993805, 'sub': 'user_3Hrwmz08BOOrE5XBraSMqfSQXxp'}
GET_CURRENT_USER: user_3Hrwmz08BOOrE5XBraSMqfSQXxp -> <app.models.core.User object at 0x0000025EFAE64530>
RECEIVED TOKEN: eyJhbGciOiJIUzI1NiIsInR5cCI6IkpXVCJ9.eyJleHAiOjE3OTE5OTM4MDUsInN1YiI6InVzZXJfM0hyd216MDhCT09yRTVYQnJhU01xZlNRWHhwIn0.q3KgsVqv335iaFWXU41Ih-zM9p32yTOsSksdm8TrbJQ
DECODED PAYLOAD: {'exp': 1791993805, 'sub': 'user_3Hrwmz08BOOrE5XBraSMqfSQXxp'}
GET_CURRENT_USER: user_3Hrwmz08BOOrE5XBraSMqfSQXxp -> <app.models.core.User object at 0x0000025EF91D3D40>
REQUIRE_ADMIN: user_3Hrwmz08BOOrE5XBraSMqfSQXxp -> admin
RECEIVED TOKEN: eyJhbGciOiJIUzI1NiIsInR5cCI6IkpXVCJ9.eyJleHAiOjE3OTE5OTM4MDUsInN1YiI6InVzZXJfM0hyd216MDhCT09yRTVYQnJhU01xZlNRWHhwIn0.q3KgsVqv335iaFWXU41Ih-zM9p32yTOsSksdm8TrbJQ
DECODED PAYLOAD: {'exp': 1791993805, 'sub': 'user_3Hrwmz08BOOrE5XBraSMqfSQXxp'}
GET_CURRENT_USER: user_3Hrwmz08BOOrE5XBraSMqfSQXxp -> <app.models.core.User object at 0x0000025EFAE66F70>
REQUIRE_ADMIN: user_3Hrwmz08BOOrE5XBraSMqfSQXxp -> admin
RECEIVED TOKEN: eyJhbGciOiJIUzI1NiIsInR5cCI6IkpXVCJ9.eyJleHAiOjE3OTE5OTM4MDUsInN1YiI6InVzZXJfM0hyd216MDhCT09yRTVYQnJhU01xZlNRWHhwIn0.q3KgsVqv335iaFWXU41Ih-zM9p32yTOsSksdm8TrbJQ
DECODED PAYLOAD: {'exp': 1791993805, 'sub': 'user_3Hrwmz08BOOrE5XBraSMqfSQXxp'}
GET_CURRENT_USER: user_3Hrwmz08BOOrE5XBraSMqfSQXxp -> <app.models.core.User object at 0x0000025EFAD35980>
REQUIRE_ADMIN: user_3Hrwmz08BOOrE5XBraSMqfSQXxp -> admin
RECEIVED TOKEN: eyJhbGciOiJIUzI1NiIsInR5cCI6IkpXVCJ9.eyJleHAiOjE3OTE5OTM4MDUsInN1YiI6InVzZXJfM0hyd216MDhCT09yRTVYQnJhU01xZlNRWHhwIn0.q3KgsVqv335iaFWXU41Ih-zM9p32yTOsSksdm8TrbJQ
DECODED PAYLOAD: {'exp': 1791993805, 'sub': 'user_3Hrwmz08BOOrE5XBraSMqfSQXxp'}
GET_CURRENT_USER: user_3Hrwmz08BOOrE5XBraSMqfSQXxp -> <app.models.core.User object at 0x0000025EFAE66680>
REQUIRE_ADMIN: user_3Hrwmz08BOOrE5XBraSMqfSQXxp -> admin
RECEIVED TOKEN: eyJhbGciOiJIUzI1NiIsInR5cCI6IkpXVCJ9.eyJleHAiOjE3OTE5OTM4MDUsInN1YiI6InVzZXJfM0hyd216MDhCT09yRTVYQnJhU01xZlNRWHhwIn0.q3KgsVqv335iaFWXU41Ih-zM9p32yTOsSksdm8TrbJQ
DECODED PAYLOAD: {'exp': 1791993805, 'sub': 'user_3Hrwmz08BOOrE5XBraSMqfSQXxp'}
GET_CURRENT_USER: user_3Hrwmz08BOOrE5XBraSMqfSQXxp -> <app.models.core.User object at 0x0000025EFAE67790>
REQUIRE_ADMIN: user_3Hrwmz08BOOrE5XBraSMqfSQXxp -> admin
RECEIVED TOKEN: eyJhbGciOiJIUzI1NiIsInR5cCI6IkpXVCJ9.eyJleHAiOjE3OTE5OTM4MDUsInN1YiI6InVzZXJfM0hyd216MDhCT09yRTVYQnJhU01xZlNRWHhwIn0.q3KgsVqv335iaFWXU41Ih-zM9p32yTOsSksdm8TrbJQ
DECODED PAYLOAD: {'exp': 1791993805, 'sub': 'user_3Hrwmz08BOOrE5XBraSMqfSQXxp'}
GET_CURRENT_USER: user_3Hrwmz08BOOrE5XBraSMqfSQXxp -> <app.models.core.User object at 0x0000025EFA529F30>
REQUIRE_ADMIN: user_3Hrwmz08BOOrE5XBraSMqfSQXxp -> admin
RECEIVED TOKEN: eyJhbGciOiJIUzI1NiIsInR5cCI6IkpXVCJ9.eyJleHAiOjE3OTE5OTM4MDUsInN1YiI6InVzZXJfM0hyd216MDhCT09yRTVYQnJhU01xZlNRWHhwIn0.q3KgsVqv335iaFWXU41Ih-zM9p32yTOsSksdm8TrbJQ
DECODED PAYLOAD: {'exp': 1791993805, 'sub': 'user_3Hrwmz08BOOrE5XBraSMqfSQXxp'}
RECEIVED TOKEN: eyJhbGciOiJIUzI1NiIsInR5cCI6IkpXVCJ9.eyJleHAiOjE3OTE5OTM4MDUsInN1YiI6InVzZXJfM0hyd216MDhCT09yRTVYQnJhU01xZlNRWHhwIn0.q3KgsVqv335iaFWXU41Ih-zM9p32yTOsSksdm8TrbJQ
DECODED PAYLOAD: {'exp': 1791993805, 'sub': 'user_3Hrwmz08BOOrE5XBraSMqfSQXxp'}
GET_CURRENT_USER: user_3Hrwmz08BOOrE5XBraSMqfSQXxp -> <app.models.core.User object at 0x0000025EF91D2270>
RECEIVED TOKEN: eyJhbGciOiJIUzI1NiIsInR5cCI6IkpXVCJ9.eyJleHAiOjE3OTE5OTM4MDUsInN1YiI6InVzZXJfM0hyd216MDhCT09yRTVYQnJhU01xZlNRWHhwIn0.q3KgsVqv335iaFWXU41Ih-zM9p32yTOsSksdm8TrbJQ
DECODED PAYLOAD: {'exp': 1791993805, 'sub': 'user_3Hrwmz08BOOrE5XBraSMqfSQXxp'}
GET_CURRENT_USER: user_3Hrwmz08BOOrE5XBraSMqfSQXxp -> <app.models.core.User object at 0x0000025EFAE65300>
GET_CURRENT_USER: user_3Hrwmz08BOOrE5XBraSMqfSQXxp -> <app.models.core.User object at 0x0000025EFAE64050>
RECEIVED TOKEN: eyJhbGciOiJIUzI1NiIsInR5cCI6IkpXVCJ9.eyJleHAiOjE3OTE5OTM4MDUsInN1YiI6InVzZXJfM0hyd216MDhCT09yRTVYQnJhU01xZlNRWHhwIn0.q3KgsVqv335iaFWXU41Ih-zM9p32yTOsSksdm8TrbJQ
DECODED PAYLOAD: {'exp': 1791993805, 'sub': 'user_3Hrwmz08BOOrE5XBraSMqfSQXxp'}
RECEIVED TOKEN: eyJhbGciOiJIUzI1NiIsInR5cCI6IkpXVCJ9.eyJleHAiOjE3OTE5OTM4MDUsInN1YiI6InVzZXJfM0hyd216MDhCT09yRTVYQnJhU01xZlNRWHhwIn0.q3KgsVqv335iaFWXU41Ih-zM9p32yTOsSksdm8TrbJQ
DECODED PAYLOAD: {'exp': 1791993805, 'sub': 'user_3Hrwmz08BOOrE5XBraSMqfSQXxp'}
GET_CURRENT_USER: user_3Hrwmz08BOOrE5XBraSMqfSQXxp -> <app.models.core.User object at 0x0000025EFAD36F70>
RECEIVED TOKEN: eyJhbGciOiJIUzI1NiIsInR5cCI6IkpXVCJ9.eyJleHAiOjE3OTE5OTM4MDUsInN1YiI6InVzZXJfM0hyd216MDhCT09yRTVYQnJhU01xZlNRWHhwIn0.q3KgsVqv335iaFWXU41Ih-zM9p32yTOsSksdm8TrbJQ
DECODED PAYLOAD: {'exp': 1791993805, 'sub': 'user_3Hrwmz08BOOrE5XBraSMqfSQXxp'}
GET_CURRENT_USER: user_3Hrwmz08BOOrE5XBraSMqfSQXxp -> <app.models.core.User object at 0x0000025EFA5FAC30>
RECEIVED TOKEN: eyJhbGciOiJIUzI1NiIsInR5cCI6IkpXVCJ9.eyJleHAiOjE3OTE5OTM4MDUsInN1YiI6InVzZXJfM0hyd216MDhCT09yRTVYQnJhU01xZlNRWHhwIn0.q3KgsVqv335iaFWXU41Ih-zM9p32yTOsSksdm8TrbJQ
DECODED PAYLOAD: {'exp': 1791993805, 'sub': 'user_3Hrwmz08BOOrE5XBraSMqfSQXxp'}
RECEIVED TOKEN: eyJhbGciOiJIUzI1NiIsInR5cCI6IkpXVCJ9.eyJleHAiOjE3OTE5OTM4MDUsInN1YiI6InVzZXJfM0hyd216MDhCT09yRTVYQnJhU01xZlNRWHhwIn0.q3KgsVqv335iaFWXU41Ih-zM9p32yTOsSksdm8TrbJQ
DECODED PAYLOAD: {'exp': 1791993805, 'sub': 'user_3Hrwmz08BOOrE5XBraSMqfSQXxp'}
GET_CURRENT_USER: user_3Hrwmz08BOOrE5XBraSMqfSQXxp -> <app.models.core.User object at 0x0000025EFAD35090>
RECEIVED TOKEN: eyJhbGciOiJIUzI1NiIsInR5cCI6IkpXVCJ9.eyJleHAiOjE3OTE5OTM4MDUsInN1YiI6InVzZXJfM0hyd216MDhCT09yRTVYQnJhU01xZlNRWHhwIn0.q3KgsVqv335iaFWXU41Ih-zM9p32yTOsSksdm8TrbJQ
DECODED PAYLOAD: {'exp': 1791993805, 'sub': 'user_3Hrwmz08BOOrE5XBraSMqfSQXxp'}
GET_CURRENT_USER: user_3Hrwmz08BOOrE5XBraSMqfSQXxp -> <app.models.core.User object at 0x0000025EFAE641F0>
GET_CURRENT_USER: user_3Hrwmz08BOOrE5XBraSMqfSQXxp -> <app.models.core.User object at 0x0000025EF91D17E0>
RECEIVED TOKEN: eyJhbGciOiJIUzI1NiIsInR5cCI6IkpXVCJ9.eyJleHAiOjE3OTE5OTM4MDUsInN1YiI6InVzZXJfM0hyd216MDhCT09yRTVYQnJhU01xZlNRWHhwIn0.q3KgsVqv335iaFWXU41Ih-zM9p32yTOsSksdm8TrbJQ
DECODED PAYLOAD: {'exp': 1791993805, 'sub': 'user_3Hrwmz08BOOrE5XBraSMqfSQXxp'}
RECEIVED TOKEN: eyJhbGciOiJIUzI1NiIsInR5cCI6IkpXVCJ9.eyJleHAiOjE3OTE5OTM4MDUsInN1YiI6InVzZXJfM0hyd216MDhCT09yRTVYQnJhU01xZlNRWHhwIn0.q3KgsVqv335iaFWXU41Ih-zM9p32yTOsSksdm8TrbJQ
DECODED PAYLOAD: {'exp': 1791993805, 'sub': 'user_3Hrwmz08BOOrE5XBraSMqfSQXxp'}
GET_CURRENT_USER: user_3Hrwmz08BOOrE5XBraSMqfSQXxp -> <app.models.core.User object at 0x0000025EFA52BE10>
RECEIVED TOKEN: eyJhbGciOiJIUzI1NiIsInR5cCI6IkpXVCJ9.eyJleHAiOjE3OTE5OTM4MDUsInN1YiI6InVzZXJfM0hyd216MDhCT09yRTVYQnJhU01xZlNRWHhwIn0.q3KgsVqv335iaFWXU41Ih-zM9p32yTOsSksdm8TrbJQ
DECODED PAYLOAD: {'exp': 1791993805, 'sub': 'user_3Hrwmz08BOOrE5XBraSMqfSQXxp'}
GET_CURRENT_USER: user_3Hrwmz08BOOrE5XBraSMqfSQXxp -> <app.models.core.User object at 0x0000025EFAD37E10>
RECEIVED TOKEN: eyJhbGciOiJIUzI1NiIsInR5cCI6IkpXVCJ9.eyJleHAiOjE3OTE5OTM4MDUsInN1YiI6InVzZXJfM0hyd216MDhCT09yRTVYQnJhU01xZlNRWHhwIn0.q3KgsVqv335iaFWXU41Ih-zM9p32yTOsSksdm8TrbJQ
DECODED PAYLOAD: {'exp': 1791993805, 'sub': 'user_3Hrwmz08BOOrE5XBraSMqfSQXxp'}
RECEIVED TOKEN: eyJhbGciOiJIUzI1NiIsInR5cCI6IkpXVCJ9.eyJleHAiOjE3OTE5OTM4MDUsInN1YiI6InVzZXJfM0hyd216MDhCT09yRTVYQnJhU01xZlNRWHhwIn0.q3KgsVqv335iaFWXU41Ih-zM9p32yTOsSksdm8TrbJQ
DECODED PAYLOAD: {'exp': 1791993805, 'sub': 'user_3Hrwmz08BOOrE5XBraSMqfSQXxp'}
GET_CURRENT_USER: user_3Hrwmz08BOOrE5XBraSMqfSQXxp -> <app.models.core.User object at 0x0000025EFAD35980>
RECEIVED TOKEN: eyJhbGciOiJIUzI1NiIsInR5cCI6IkpXVCJ9.eyJleHAiOjE3OTE5OTM4MDUsInN1YiI6InVzZXJfM0hyd216MDhCT09yRTVYQnJhU01xZlNRWHhwIn0.q3KgsVqv335iaFWXU41Ih-zM9p32yTOsSksdm8TrbJQ
DECODED PAYLOAD: {'exp': 1791993805, 'sub': 'user_3Hrwmz08BOOrE5XBraSMqfSQXxp'}
GET_CURRENT_USER: user_3Hrwmz08BOOrE5XBraSMqfSQXxp -> <app.models.core.User object at 0x0000025EFAF4C120>
GET_CURRENT_USER: user_3Hrwmz08BOOrE5XBraSMqfSQXxp -> <app.models.core.User object at 0x0000025EFAD37C70>
RECEIVED TOKEN: eyJhbGciOiJIUzI1NiIsInR5cCI6IkpXVCJ9.eyJleHAiOjE3OTE5OTQ0OTQsInN1YiI6IjFlMDA3OTYyLTMzZWMtNDZiNy1iMDQ3LWQzNTU5ZTBlZTM1OSJ9.9LlQz2pQquR6PgoV3IY7U5GAiF9qVrFlpTLaSztG8jo
DECODED PAYLOAD: {'exp': 1791994494, 'sub': '1e007962-33ec-46b7-b047-d3559e0ee359'}
GET_CURRENT_USER: 1e007962-33ec-46b7-b047-d3559e0ee359 -> <app.models.core.User object at 0x0000025EFAD37E10>
RECEIVED TOKEN: eyJhbGciOiJIUzI1NiIsInR5cCI6IkpXVCJ9.eyJleHAiOjE3OTE5OTM4MDUsInN1YiI6InVzZXJfM0hyd216MDhCT09yRTVYQnJhU01xZlNRWHhwIn0.q3KgsVqv335iaFWXU41Ih-zM9p32yTOsSksdm8TrbJQ
DECODED PAYLOAD: {'exp': 1791993805, 'sub': 'user_3Hrwmz08BOOrE5XBraSMqfSQXxp'}
RECEIVED TOKEN: eyJhbGciOiJIUzI1NiIsInR5cCI6IkpXVCJ9.eyJleHAiOjE3OTE5OTM4MDUsInN1YiI6InVzZXJfM0hyd216MDhCT09yRTVYQnJhU01xZlNRWHhwIn0.q3KgsVqv335iaFWXU41Ih-zM9p32yTOsSksdm8TrbJQ
DECODED PAYLOAD: {'exp': 1791993805, 'sub': 'user_3Hrwmz08BOOrE5XBraSMqfSQXxp'}
GET_CURRENT_USER: user_3Hrwmz08BOOrE5XBraSMqfSQXxp -> <app.models.core.User object at 0x0000025EF91D3BA0>
RECEIVED TOKEN: eyJhbGciOiJIUzI1NiIsInR5cCI6IkpXVCJ9.eyJleHAiOjE3OTE5OTQ0OTQsInN1YiI6IjFlMDA3OTYyLTMzZWMtNDZiNy1iMDQ3LWQzNTU5ZTBlZTM1OSJ9.9LlQz2pQquR6PgoV3IY7U5GAiF9qVrFlpTLaSztG8jo
DECODED PAYLOAD: {'exp': 1791994494, 'sub': '1e007962-33ec-46b7-b047-d3559e0ee359'}
RECEIVED TOKEN: eyJhbGciOiJIUzI1NiIsInR5cCI6IkpXVCJ9.eyJleHAiOjE3OTE5OTM4MDUsInN1YiI6InVzZXJfM0hyd216MDhCT09yRTVYQnJhU01xZlNRWHhwIn0.q3KgsVqv335iaFWXU41Ih-zM9p32yTOsSksdm8TrbJQ
DECODED PAYLOAD: {'exp': 1791993805, 'sub': 'user_3Hrwmz08BOOrE5XBraSMqfSQXxp'}
GET_CURRENT_USER: 1e007962-33ec-46b7-b047-d3559e0ee359 -> <app.models.core.User object at 0x0000025EFAE67860>
GET_CURRENT_USER: user_3Hrwmz08BOOrE5XBraSMqfSQXxp -> <app.models.core.User object at 0x0000025EFAE65090>
RECEIVED TOKEN: eyJhbGciOiJIUzI1NiIsInR5cCI6IkpXVCJ9.eyJleHAiOjE3OTE5OTM4MDUsInN1YiI6InVzZXJfM0hyd216MDhCT09yRTVYQnJhU01xZlNRWHhwIn0.q3KgsVqv335iaFWXU41Ih-zM9p32yTOsSksdm8TrbJQ
DECODED PAYLOAD: {'exp': 1791993805, 'sub': 'user_3Hrwmz08BOOrE5XBraSMqfSQXxp'}
GET_CURRENT_USER: user_3Hrwmz08BOOrE5XBraSMqfSQXxp -> <app.models.core.User object at 0x0000025EFAE67C70>
RECEIVED TOKEN: eyJhbGciOiJIUzI1NiIsInR5cCI6IkpXVCJ9.eyJleHAiOjE3OTE5OTM4MDUsInN1YiI6InVzZXJfM0hyd216MDhCT09yRTVYQnJhU01xZlNRWHhwIn0.q3KgsVqv335iaFWXU41Ih-zM9p32yTOsSksdm8TrbJQ
DECODED PAYLOAD: {'exp': 1791993805, 'sub': 'user_3Hrwmz08BOOrE5XBraSMqfSQXxp'}
RECEIVED TOKEN: eyJhbGciOiJIUzI1NiIsInR5cCI6IkpXVCJ9.eyJleHAiOjE3OTE5OTM4MDUsInN1YiI6InVzZXJfM0hyd216MDhCT09yRTVYQnJhU01xZlNRWHhwIn0.q3KgsVqv335iaFWXU41Ih-zM9p32yTOsSksdm8TrbJQ
DECODED PAYLOAD: {'exp': 1791993805, 'sub': 'user_3Hrwmz08BOOrE5XBraSMqfSQXxp'}
GET_CURRENT_USER: user_3Hrwmz08BOOrE5XBraSMqfSQXxp -> <app.models.core.User object at 0x0000025EFAD35D90>
RECEIVED TOKEN: eyJhbGciOiJIUzI1NiIsInR5cCI6IkpXVCJ9.eyJleHAiOjE3OTE5OTM4MDUsInN1YiI6InVzZXJfM0hyd216MDhCT09yRTVYQnJhU01xZlNRWHhwIn0.q3KgsVqv335iaFWXU41Ih-zM9p32yTOsSksdm8TrbJQ
DECODED PAYLOAD: {'exp': 1791993805, 'sub': 'user_3Hrwmz08BOOrE5XBraSMqfSQXxp'}
GET_CURRENT_USER: user_3Hrwmz08BOOrE5XBraSMqfSQXxp -> <app.models.core.User object at 0x0000025EFAD37C70>
RECEIVED TOKEN: eyJhbGciOiJIUzI1NiIsInR5cCI6IkpXVCJ9.eyJleHAiOjE3OTIwNjE3NTgsInN1YiI6ImU2MDg3OGVjLWUwYWMtNDViYy1iMTljLTg0ZDcwNDQyYjE4MiJ9.zh52Y7yUFWK3jtVyq6rzGw2R4BxhA8EPljQeaPxVSyE
DECODED PAYLOAD: {'exp': 1792061758, 'sub': 'e60878ec-e0ac-45bc-b19c-84d70442b182'}
RECEIVED TOKEN: eyJhbGciOiJIUzI1NiIsInR5cCI6IkpXVCJ9.eyJleHAiOjE3OTIwNjE3NTgsInN1YiI6ImU2MDg3OGVjLWUwYWMtNDViYy1iMTljLTg0ZDcwNDQyYjE4MiJ9.zh52Y7yUFWK3jtVyq6rzGw2R4BxhA8EPljQeaPxVSyE
DECODED PAYLOAD: {'exp': 1792061758, 'sub': 'e60878ec-e0ac-45bc-b19c-84d70442b182'}
RECEIVED TOKEN: eyJhbGciOiJIUzI1NiIsInR5cCI6IkpXVCJ9.eyJleHAiOjE3OTIwNjE3NTgsInN1YiI6ImU2MDg3OGVjLWUwYWMtNDViYy1iMTljLTg0ZDcwNDQyYjE4MiJ9.zh52Y7yUFWK3jtVyq6rzGw2R4BxhA8EPljQeaPxVSyE
DECODED PAYLOAD: {'exp': 1792061758, 'sub': 'e60878ec-e0ac-45bc-b19c-84d70442b182'}
RECEIVED TOKEN: eyJhbGciOiJIUzI1NiIsInR5cCI6IkpXVCJ9.eyJleHAiOjE3OTIwNjE3NTgsInN1YiI6ImU2MDg3OGVjLWUwYWMtNDViYy1iMTljLTg0ZDcwNDQyYjE4MiJ9.zh52Y7yUFWK3jtVyq6rzGw2R4BxhA8EPljQeaPxVSyE
DECODED PAYLOAD: {'exp': 1792061758, 'sub': 'e60878ec-e0ac-45bc-b19c-84d70442b182'}
RECEIVED TOKEN: eyJhbGciOiJIUzI1NiIsInR5cCI6IkpXVCJ9.eyJleHAiOjE3OTIwNjE3NTgsInN1YiI6ImU2MDg3OGVjLWUwYWMtNDViYy1iMTljLTg0ZDcwNDQyYjE4MiJ9.zh52Y7yUFWK3jtVyq6rzGw2R4BxhA8EPljQeaPxVSyE
DECODED PAYLOAD: {'exp': 1792061758, 'sub': 'e60878ec-e0ac-45bc-b19c-84d70442b182'}
RECEIVED TOKEN: eyJhbGciOiJIUzI1NiIsInR5cCI6IkpXVCJ9.eyJleHAiOjE3OTIwNjE3NTgsInN1YiI6ImU2MDg3OGVjLWUwYWMtNDViYy1iMTljLTg0ZDcwNDQyYjE4MiJ9.zh52Y7yUFWK3jtVyq6rzGw2R4BxhA8EPljQeaPxVSyE
DECODED PAYLOAD: {'exp': 1792061758, 'sub': 'e60878ec-e0ac-45bc-b19c-84d70442b182'}
RECEIVED TOKEN: eyJhbGciOiJIUzI1NiIsInR5cCI6IkpXVCJ9.eyJleHAiOjE3OTIwNjE3NTgsInN1YiI6ImU2MDg3OGVjLWUwYWMtNDViYy1iMTljLTg0ZDcwNDQyYjE4MiJ9.zh52Y7yUFWK3jtVyq6rzGw2R4BxhA8EPljQeaPxVSyE
DECODED PAYLOAD: {'exp': 1792061758, 'sub': 'e60878ec-e0ac-45bc-b19c-84d70442b182'}
RECEIVED TOKEN: eyJhbGciOiJIUzI1NiIsInR5cCI6IkpXVCJ9.eyJleHAiOjE3OTIwNjE3NTgsInN1YiI6ImU2MDg3OGVjLWUwYWMtNDViYy1iMTljLTg0ZDcwNDQyYjE4MiJ9.zh52Y7yUFWK3jtVyq6rzGw2R4BxhA8EPljQeaPxVSyE
DECODED PAYLOAD: {'exp': 1792061758, 'sub': 'e60878ec-e0ac-45bc-b19c-84d70442b182'}
RECEIVED TOKEN: eyJhbGciOiJIUzI1NiIsInR5cCI6IkpXVCJ9.eyJleHAiOjE3OTIwNjE3NTgsInN1YiI6ImU2MDg3OGVjLWUwYWMtNDViYy1iMTljLTg0ZDcwNDQyYjE4MiJ9.zh52Y7yUFWK3jtVyq6rzGw2R4BxhA8EPljQeaPxVSyE
DECODED PAYLOAD: {'exp': 1792061758, 'sub': 'e60878ec-e0ac-45bc-b19c-84d70442b182'}
RECEIVED TOKEN: eyJhbGciOiJIUzI1NiIsInR5cCI6IkpXVCJ9.eyJleHAiOjE3OTIwNjMyMTUsInN1YiI6ImU2MDg3OGVjLWUwYWMtNDViYy1iMTljLTg0ZDcwNDQyYjE4MiJ9.cAqaCD4DQfKAE4hLCX2Je5z4a7mjeX88ruQchU7hhbo
DECODED PAYLOAD: {'exp': 1792063215, 'sub': 'e60878ec-e0ac-45bc-b19c-84d70442b182'}
RECEIVED TOKEN: eyJhbGciOiJIUzI1NiIsInR5cCI6IkpXVCJ9.eyJleHAiOjE3OTIwNjMyMTUsInN1YiI6ImU2MDg3OGVjLWUwYWMtNDViYy1iMTljLTg0ZDcwNDQyYjE4MiJ9.cAqaCD4DQfKAE4hLCX2Je5z4a7mjeX88ruQchU7hhbo
DECODED PAYLOAD: {'exp': 1792063215, 'sub': 'e60878ec-e0ac-45bc-b19c-84d70442b182'}
RECEIVED TOKEN: eyJhbGciOiJIUzI1NiIsInR5cCI6IkpXVCJ9.eyJleHAiOjE3OTIwNjMyMTUsInN1YiI6ImU2MDg3OGVjLWUwYWMtNDViYy1iMTljLTg0ZDcwNDQyYjE4MiJ9.cAqaCD4DQfKAE4hLCX2Je5z4a7mjeX88ruQchU7hhbo
DECODED PAYLOAD: {'exp': 1792063215, 'sub': 'e60878ec-e0ac-45bc-b19c-84d70442b182'}
GET_CURRENT_USER: e60878ec-e0ac-45bc-b19c-84d70442b182 -> <app.models.core.User object at 0x00000165EE973570>
RECEIVED TOKEN: eyJhbGciOiJIUzI1NiIsInR5cCI6IkpXVCJ9.eyJleHAiOjE3OTIwNjMyMTUsInN1YiI6ImU2MDg3OGVjLWUwYWMtNDViYy1iMTljLTg0ZDcwNDQyYjE4MiJ9.cAqaCD4DQfKAE4hLCX2Je5z4a7mjeX88ruQchU7hhbo
DECODED PAYLOAD: {'exp': 1792063215, 'sub': 'e60878ec-e0ac-45bc-b19c-84d70442b182'}
GET_CURRENT_USER: e60878ec-e0ac-45bc-b19c-84d70442b182 -> <app.models.core.User object at 0x00000165ED90EF50>
RECEIVED TOKEN: eyJhbGciOiJIUzI1NiIsInR5cCI6IkpXVCJ9.eyJleHAiOjE3OTIwNjMyMTUsInN1YiI6ImU2MDg3OGVjLWUwYWMtNDViYy1iMTljLTg0ZDcwNDQyYjE4MiJ9.cAqaCD4DQfKAE4hLCX2Je5z4a7mjeX88ruQchU7hhbo
DECODED PAYLOAD: {'exp': 1792063215, 'sub': 'e60878ec-e0ac-45bc-b19c-84d70442b182'}
GET_CURRENT_USER: e60878ec-e0ac-45bc-b19c-84d70442b182 -> <app.models.core.User object at 0x00000165EEA66650>
RECEIVED TOKEN: eyJhbGciOiJIUzI1NiIsInR5cCI6IkpXVCJ9.eyJleHAiOjE3OTIwNjMyMTUsInN1YiI6ImU2MDg3OGVjLWUwYWMtNDViYy1iMTljLTg0ZDcwNDQyYjE4MiJ9.cAqaCD4DQfKAE4hLCX2Je5z4a7mjeX88ruQchU7hhbo
DECODED PAYLOAD: {'exp': 1792063215, 'sub': 'e60878ec-e0ac-45bc-b19c-84d70442b182'}
GET_CURRENT_USER: e60878ec-e0ac-45bc-b19c-84d70442b182 -> <app.models.core.User object at 0x00000165EEB27770>
RECEIVED TOKEN: eyJhbGciOiJIUzI1NiIsInR5cCI6IkpXVCJ9.eyJleHAiOjE3OTIwNjE3NTgsInN1YiI6ImU2MDg3OGVjLWUwYWMtNDViYy1iMTljLTg0ZDcwNDQyYjE4MiJ9.zh52Y7yUFWK3jtVyq6rzGw2R4BxhA8EPljQeaPxVSyE
DECODED PAYLOAD: {'exp': 1792061758, 'sub': 'e60878ec-e0ac-45bc-b19c-84d70442b182'}
RECEIVED TOKEN: eyJhbGciOiJIUzI1NiIsInR5cCI6IkpXVCJ9.eyJleHAiOjE3OTIwNjMyMTUsInN1YiI6ImU2MDg3OGVjLWUwYWMtNDViYy1iMTljLTg0ZDcwNDQyYjE4MiJ9.cAqaCD4DQfKAE4hLCX2Je5z4a7mjeX88ruQchU7hhbo
DECODED PAYLOAD: {'exp': 1792063215, 'sub': 'e60878ec-e0ac-45bc-b19c-84d70442b182'}
GET_CURRENT_USER: e60878ec-e0ac-45bc-b19c-84d70442b182 -> <app.models.core.User object at 0x000001E2CBC77890>
RECEIVED TOKEN: eyJhbGciOiJIUzI1NiIsInR5cCI6IkpXVCJ9.eyJleHAiOjE3OTIwNjMyMTUsInN1YiI6ImU2MDg3OGVjLWUwYWMtNDViYy1iMTljLTg0ZDcwNDQyYjE4MiJ9.cAqaCD4DQfKAE4hLCX2Je5z4a7mjeX88ruQchU7hhbo
DECODED PAYLOAD: {'exp': 1792063215, 'sub': 'e60878ec-e0ac-45bc-b19c-84d70442b182'}
RECEIVED TOKEN: eyJhbGciOiJIUzI1NiIsInR5cCI6IkpXVCJ9.eyJleHAiOjE3OTIwNjMyMTUsInN1YiI6ImU2MDg3OGVjLWUwYWMtNDViYy1iMTljLTg0ZDcwNDQyYjE4MiJ9.cAqaCD4DQfKAE4hLCX2Je5z4a7mjeX88ruQchU7hhbo
DECODED PAYLOAD: {'exp': 1792063215, 'sub': 'e60878ec-e0ac-45bc-b19c-84d70442b182'}
GET_CURRENT_USER: e60878ec-e0ac-45bc-b19c-84d70442b182 -> <app.models.core.User object at 0x000001E2CBCCC6B0>
RECEIVED TOKEN: eyJhbGciOiJIUzI1NiIsInR5cCI6IkpXVCJ9.eyJleHAiOjE3OTIwNjMyMTUsInN1YiI6ImU2MDg3OGVjLWUwYWMtNDViYy1iMTljLTg0ZDcwNDQyYjE4MiJ9.cAqaCD4DQfKAE4hLCX2Je5z4a7mjeX88ruQchU7hhbo
DECODED PAYLOAD: {'exp': 1792063215, 'sub': 'e60878ec-e0ac-45bc-b19c-84d70442b182'}
GET_CURRENT_USER: e60878ec-e0ac-45bc-b19c-84d70442b182 -> <app.models.core.User object at 0x000001E2CBD7BA50>
RECEIVED TOKEN: eyJhbGciOiJIUzI1NiIsInR5cCI6IkpXVCJ9.eyJleHAiOjE3OTIwNjMyMTUsInN1YiI6ImU2MDg3OGVjLWUwYWMtNDViYy1iMTljLTg0ZDcwNDQyYjE4MiJ9.cAqaCD4DQfKAE4hLCX2Je5z4a7mjeX88ruQchU7hhbo
DECODED PAYLOAD: {'exp': 1792063215, 'sub': 'e60878ec-e0ac-45bc-b19c-84d70442b182'}
GET_CURRENT_USER: e60878ec-e0ac-45bc-b19c-84d70442b182 -> <app.models.core.User object at 0x000001E2CA8F6990>
RECEIVED TOKEN: eyJhbGciOiJIUzI1NiIsInR5cCI6IkpXVCJ9.eyJleHAiOjE3OTIwNjMyMTUsInN1YiI6ImU2MDg3OGVjLWUwYWMtNDViYy1iMTljLTg0ZDcwNDQyYjE4MiJ9.cAqaCD4DQfKAE4hLCX2Je5z4a7mjeX88ruQchU7hhbo
DECODED PAYLOAD: {'exp': 1792063215, 'sub': 'e60878ec-e0ac-45bc-b19c-84d70442b182'}
RECEIVED TOKEN: eyJhbGciOiJIUzI1NiIsInR5cCI6IkpXVCJ9.eyJleHAiOjE3OTIwNjMyMTUsInN1YiI6ImU2MDg3OGVjLWUwYWMtNDViYy1iMTljLTg0ZDcwNDQyYjE4MiJ9.cAqaCD4DQfKAE4hLCX2Je5z4a7mjeX88ruQchU7hhbo
DECODED PAYLOAD: {'exp': 1792063215, 'sub': 'e60878ec-e0ac-45bc-b19c-84d70442b182'}
GET_CURRENT_USER: e60878ec-e0ac-45bc-b19c-84d70442b182 -> <app.models.core.User object at 0x0000023931FB1F90>
RECEIVED TOKEN: eyJhbGciOiJIUzI1NiIsInR5cCI6IkpXVCJ9.eyJleHAiOjE3OTIwNjMyMTUsInN1YiI6ImU2MDg3OGVjLWUwYWMtNDViYy1iMTljLTg0ZDcwNDQyYjE4MiJ9.cAqaCD4DQfKAE4hLCX2Je5z4a7mjeX88ruQchU7hhbo
DECODED PAYLOAD: {'exp': 1792063215, 'sub': 'e60878ec-e0ac-45bc-b19c-84d70442b182'}
GET_CURRENT_USER: e60878ec-e0ac-45bc-b19c-84d70442b182 -> <app.models.core.User object at 0x0000023931FB1950>
RECEIVED TOKEN: eyJhbGciOiJIUzI1NiIsInR5cCI6IkpXVCJ9.eyJleHAiOjE3OTIwNjMyMTUsInN1YiI6ImU2MDg3OGVjLWUwYWMtNDViYy1iMTljLTg0ZDcwNDQyYjE4MiJ9.cAqaCD4DQfKAE4hLCX2Je5z4a7mjeX88ruQchU7hhbo
DECODED PAYLOAD: {'exp': 1792063215, 'sub': 'e60878ec-e0ac-45bc-b19c-84d70442b182'}
GET_CURRENT_USER: e60878ec-e0ac-45bc-b19c-84d70442b182 -> <app.models.core.User object at 0x000002393335CC30>
RECEIVED TOKEN: eyJhbGciOiJIUzI1NiIsInR5cCI6IkpXVCJ9.eyJleHAiOjE3OTIwNjMyMTUsInN1YiI6ImU2MDg3OGVjLWUwYWMtNDViYy1iMTljLTg0ZDcwNDQyYjE4MiJ9.cAqaCD4DQfKAE4hLCX2Je5z4a7mjeX88ruQchU7hhbo
DECODED PAYLOAD: {'exp': 1792063215, 'sub': 'e60878ec-e0ac-45bc-b19c-84d70442b182'}
GET_CURRENT_USER: e60878ec-e0ac-45bc-b19c-84d70442b182 -> <app.models.core.User object at 0x000002393328FF00>
RECEIVED TOKEN: eyJhbGciOiJIUzI1NiIsInR5cCI6IkpXVCJ9.eyJleHAiOjE3OTIwNjMyMTUsInN1YiI6ImU2MDg3OGVjLWUwYWMtNDViYy1iMTljLTg0ZDcwNDQyYjE4MiJ9.cAqaCD4DQfKAE4hLCX2Je5z4a7mjeX88ruQchU7hhbo
DECODED PAYLOAD: {'exp': 1792063215, 'sub': 'e60878ec-e0ac-45bc-b19c-84d70442b182'}
RECEIVED TOKEN: eyJhbGciOiJIUzI1NiIsInR5cCI6IkpXVCJ9.eyJleHAiOjE3OTIwNjMyMTUsInN1YiI6ImU2MDg3OGVjLWUwYWMtNDViYy1iMTljLTg0ZDcwNDQyYjE4MiJ9.cAqaCD4DQfKAE4hLCX2Je5z4a7mjeX88ruQchU7hhbo
DECODED PAYLOAD: {'exp': 1792063215, 'sub': 'e60878ec-e0ac-45bc-b19c-84d70442b182'}
RECEIVED TOKEN: eyJhbGciOiJIUzI1NiIsInR5cCI6IkpXVCJ9.eyJleHAiOjE3OTIwNjMyMTUsInN1YiI6ImU2MDg3OGVjLWUwYWMtNDViYy1iMTljLTg0ZDcwNDQyYjE4MiJ9.cAqaCD4DQfKAE4hLCX2Je5z4a7mjeX88ruQchU7hhbo
DECODED PAYLOAD: {'exp': 1792063215, 'sub': 'e60878ec-e0ac-45bc-b19c-84d70442b182'}
RECEIVED TOKEN: eyJhbGciOiJIUzI1NiIsInR5cCI6IkpXVCJ9.eyJleHAiOjE3OTIwNjMyMTUsInN1YiI6ImU2MDg3OGVjLWUwYWMtNDViYy1iMTljLTg0ZDcwNDQyYjE4MiJ9.cAqaCD4DQfKAE4hLCX2Je5z4a7mjeX88ruQchU7hhbo
DECODED PAYLOAD: {'exp': 1792063215, 'sub': 'e60878ec-e0ac-45bc-b19c-84d70442b182'}
GET_CURRENT_USER: e60878ec-e0ac-45bc-b19c-84d70442b182 -> <app.models.core.User object at 0x00000239333C5710>
RECEIVED TOKEN: eyJhbGciOiJIUzI1NiIsInR5cCI6IkpXVCJ9.eyJleHAiOjE3OTIwNjMyMTUsInN1YiI6ImU2MDg3OGVjLWUwYWMtNDViYy1iMTljLTg0ZDcwNDQyYjE4MiJ9.cAqaCD4DQfKAE4hLCX2Je5z4a7mjeX88ruQchU7hhbo
DECODED PAYLOAD: {'exp': 1792063215, 'sub': 'e60878ec-e0ac-45bc-b19c-84d70442b182'}
GET_CURRENT_USER: e60878ec-e0ac-45bc-b19c-84d70442b182 -> <app.models.core.User object at 0x00000239333C4EF0>
REQUIRE_ADMIN: e60878ec-e0ac-45bc-b19c-84d70442b182 -> admin
RECEIVED TOKEN: eyJhbGciOiJIUzI1NiIsInR5cCI6IkpXVCJ9.eyJleHAiOjE3OTIwNjMyMTUsInN1YiI6ImU2MDg3OGVjLWUwYWMtNDViYy1iMTljLTg0ZDcwNDQyYjE4MiJ9.cAqaCD4DQfKAE4hLCX2Je5z4a7mjeX88ruQchU7hhbo
DECODED PAYLOAD: {'exp': 1792063215, 'sub': 'e60878ec-e0ac-45bc-b19c-84d70442b182'}
RECEIVED TOKEN: eyJhbGciOiJIUzI1NiIsInR5cCI6IkpXVCJ9.eyJleHAiOjE3OTIwNjMyMTUsInN1YiI6ImU2MDg3OGVjLWUwYWMtNDViYy1iMTljLTg0ZDcwNDQyYjE4MiJ9.cAqaCD4DQfKAE4hLCX2Je5z4a7mjeX88ruQchU7hhbo
DECODED PAYLOAD: {'exp': 1792063215, 'sub': 'e60878ec-e0ac-45bc-b19c-84d70442b182'}
GET_CURRENT_USER: e60878ec-e0ac-45bc-b19c-84d70442b182 -> <app.models.core.User object at 0x00000239337D17E0>
RECEIVED TOKEN: eyJhbGciOiJIUzI1NiIsInR5cCI6IkpXVCJ9.eyJleHAiOjE3OTIwNjMyMTUsInN1YiI6ImU2MDg3OGVjLWUwYWMtNDViYy1iMTljLTg0ZDcwNDQyYjE4MiJ9.cAqaCD4DQfKAE4hLCX2Je5z4a7mjeX88ruQchU7hhbo
DECODED PAYLOAD: {'exp': 1792063215, 'sub': 'e60878ec-e0ac-45bc-b19c-84d70442b182'}
RECEIVED TOKEN: eyJhbGciOiJIUzI1NiIsInR5cCI6IkpXVCJ9.eyJleHAiOjE3OTIwNjMyMTUsInN1YiI6ImU2MDg3OGVjLWUwYWMtNDViYy1iMTljLTg0ZDcwNDQyYjE4MiJ9.cAqaCD4DQfKAE4hLCX2Je5z4a7mjeX88ruQchU7hhbo
DECODED PAYLOAD: {'exp': 1792063215, 'sub': 'e60878ec-e0ac-45bc-b19c-84d70442b182'}
GET_CURRENT_USER: e60878ec-e0ac-45bc-b19c-84d70442b182 -> <app.models.core.User object at 0x00000164293434D0>
RECEIVED TOKEN: eyJhbGciOiJIUzI1NiIsInR5cCI6IkpXVCJ9.eyJleHAiOjE3OTIwNjMyMTUsInN1YiI6ImU2MDg3OGVjLWUwYWMtNDViYy1iMTljLTg0ZDcwNDQyYjE4MiJ9.cAqaCD4DQfKAE4hLCX2Je5z4a7mjeX88ruQchU7hhbo
DECODED PAYLOAD: {'exp': 1792063215, 'sub': 'e60878ec-e0ac-45bc-b19c-84d70442b182'}
GET_CURRENT_USER: e60878ec-e0ac-45bc-b19c-84d70442b182 -> <app.models.core.User object at 0x00000164291E0910>
